timestamp,frame,dt_ms,mode,pipeline,run_tag,centroid_u,centroid_v,ekf_x,ekf_y,ekf_z,ekf_vx,ekf_vy,ekf_vz,ekf_uncertainty,depth_metric,servo_dx_mm,servo_dy_mm,servo_dz_mm,err_m,iter_time_ms,robot_x_mm,robot_y_mm,robot_z_mm,fp_raw_x,fp_raw_y,fp_raw_z
1776548182.127682,1,100.7,detect,ekf,,620,536,-0.010000,0.088000,0.350000,0.000000,0.000000,0.000000,0.4472135954999579,,0.00,0.00,0.00,0.000000,2052.7,,,,,,
1776548184.180547,2,2052.9,track,ekf,,619,536,-0.010500,0.087997,0.349986,-0.000238,-0.000002,-0.000006,1.4846801868223516,,0.00,0.00,0.00,0.000000,943.1,,,,,,
1776548185.123868,3,943.3,track,ekf,,619,536,-0.010502,0.088013,0.350052,-0.000002,0.000006,0.000023,2.1448851137546066,,0.00,0.00,0.00,0.000000,97.0,,,,,,
1776548185.221129,4,97.3,track,ekf,,619,536,-0.010501,0.088012,0.350048,-0.000000,0.000005,0.000021,2.188231758123613,,0.00,0.00,0.00,0.000000,94.8,,,,,,
1776548185.316299,5,95.2,track,ekf,,620,536,-0.010431,0.091067,0.362201,0.002616,0.000970,0.003867,2.2452224976794173,,0.00,0.00,0.00,0.000000,125.1,,,,,,
1776548185.441663,6,125.4,track,ekf,,620,536,-0.011061,0.097741,0.388743,0.001558,0.002935,0.011670,2.110576834195867,,0.00,0.00,0.00,0.000000,97.1,,,,,,
1776548185.539193,7,97.5,track,ekf,,620,536,-0.010725,0.094691,0.376611,0.000611,0.001962,0.007796,2.1235037251244746,,0.00,0.00,0.00,0.000000,99.5,,,,,,
1776548185.639016,8,99.8,track,ekf,,620,536,-0.010531,0.092820,0.369170,0.000165,0.001374,0.005461,2.1103629792889844,,0.00,0.00,0.00,0.000000,98.0,,,,,,
1776548185.737423,9,98.4,track,ekf,,620,536,-0.010502,0.092488,0.367851,-0.000025,0.001243,0.004944,2.148939092689469,,0.00,0.00,0.00,0.000000,97.4,,,,,,
1776548185.835098,10,97.7,track,ekf,,620,536,-0.010515,0.092565,0.368155,-0.000107,0.001231,0.004894,2.206117910446431,,0.00,0.00,0.00,0.000000,130.2,,,,,,
1776548185.965578,11,130.5,track,ekf,,620,536,-0.010537,0.092735,0.368832,-0.000138,0.001233,0.004903,2.2836525649763053,,0.00,0.00,0.00,0.000000,97.1,,,,,,
1776548186.063021,12,97.4,track,ekf,,620,536,-0.010552,0.092857,0.369317,-0.000143,0.001233,0.004905,2.341655982133593,,0.00,0.00,0.00,0.000000,97.3,,,,,,
1776548186.160998,13,98.0,track,ekf,,620,536,-0.010566,0.092978,0.369797,-0.000143,0.001233,0.004905,2.400166308640451,,0.00,0.00,0.00,0.000000,97.1,,,,,,
1776548186.258385,14,97.4,track,ekf,,620,536,-0.010579,0.093097,0.370274,-0.000142,0.001233,0.004904,2.4585564160977835,,0.00,0.00,0.00,0.000000,95.0,,,,,,
1776548186.353699,15,95.3,track,ekf,,620,536,-0.010593,0.093215,0.370741,-0.000141,0.001233,0.004904,2.515855259649845,,0.00,0.00,0.00,0.000000,128.3,,,,,,
1776548186.482230,16,128.5,track,ekf,,620,536,-0.010611,0.093373,0.371371,-0.000140,0.001233,0.004904,2.593284440386159,,0.00,0.00,0.00,0.000000,98.0,,,,,,
1776548186.580601,17,98.4,track,ekf,,620,536,-0.010624,0.093495,0.371854,-0.000140,0.001233,0.004904,2.652648174388571,,0.00,0.00,0.00,0.000000,97.9,,,,,,
1776548186.678798,18,98.2,track,ekf,,620,536,-0.010638,0.093616,0.372335,-0.000140,0.001233,0.004904,2.7119933481759206,,0.00,0.00,0.00,0.000000,95.8,,,,,,
1776548186.775004,19,96.2,track,ekf,,620,536,-0.010652,0.093734,0.372807,-0.000140,0.001233,0.004904,2.770215867694837,,0.00,0.00,0.00,0.000000,98.8,,,,,,
1776548186.874176,20,99.2,track,ekf,,620,536,-0.010666,0.093857,0.373293,-0.000140,0.001233,0.004904,2.8303154625150437,,0.00,0.00,0.00,0.000000,131.5,,,,,,
1776548187.006180,21,132.0,track,ekf,,620,536,-0.010684,0.094019,0.373941,-0.000140,0.001233,0.004904,2.910437544025769,,0.00,0.00,0.00,0.000000,96.9,,,,,,
1776548187.103449,22,97.3,track,ekf,,620,536,-0.010698,0.094139,0.374418,-0.000140,0.001233,0.004904,2.9695663149106113,,0.00,0.00,0.00,0.000000,97.4,,,,,,
1776548187.201198,23,97.7,track,ekf,,620,536,-0.010711,0.094260,0.374897,-0.000140,0.001233,0.004904,3.0290614628259003,,0.00,0.00,0.00,0.000000,97.1,,,,,,
1776548187.298637,24,97.4,track,ekf,,620,536,-0.010725,0.094380,0.375375,-0.000140,0.001233,0.004904,3.0884423621383785,,0.00,0.00,0.00,0.000000,94.2,,,,,,
1776548187.393221,25,94.6,track,ekf,,620,536,-0.010738,0.094497,0.375839,-0.000140,0.001233,0.004904,3.1461526767491805,,0.00,0.00,0.00,0.000000,129.0,,,,,,
1776548187.522446,26,129.2,track,ekf,,620,536,-0.010756,0.094656,0.376473,-0.000140,0.001233,0.004904,3.225107260230862,,0.00,0.00,0.00,0.000000,95.8,,,,,,
1776548187.618590,27,96.1,track,ekf,,620,536,-0.010770,0.094775,0.376944,-0.000140,0.001233,0.004904,3.283929247695742,,0.00,0.00,0.00,0.000000,99.3,,,,,,
1776548187.718138,28,99.5,track,ekf,,620,536,-0.010784,0.094897,0.377433,-0.000140,0.001233,0.004904,3.344905197759978,,0.00,0.00,0.00,0.000000,97.6,,,,,,
1776548187.816070,29,97.9,track,ekf,,620,536,-0.010798,0.095018,0.377913,-0.000140,0.001233,0.004904,3.4049598737536333,,0.00,0.00,0.00,0.000000,97.9,,,,,,
1776548187.914171,30,98.1,track,ekf,,620,536,-0.010811,0.095139,0.378394,-0.000140,0.001233,0.004904,3.4651868902073204,,0.00,0.00,0.00,0.000000,130.1,,,,,,
1776548188.044607,31,130.4,detect,ekf,,619,536,-0.011296,0.095297,0.379021,-0.002241,0.001221,0.004847,3.545369070131674,,0.00,0.00,0.00,0.000000,249.3,,,,,,
1776548188.294358,32,249.8,track,ekf,,620,536,-0.014563,0.125127,0.497665,-0.000826,0.006154,0.024479,3.0754823277012284,,0.00,0.00,0.00,0.000000,95.6,,,,,,
1776548188.390179,33,95.8,track,ekf,,620,536,-0.012486,0.109809,0.436742,0.000833,0.003551,0.014136,2.3557594551026466,,0.00,0.00,0.00,0.000000,96.7,,,,,,
1776548188.487312,34,97.1,track,ekf,,620,536,-0.012751,0.112394,0.447022,0.000390,0.003914,0.015568,2.2719934868155693,,0.00,0.00,0.00,0.000000,97.8,,,,,,
1776548188.585481,35,98.2,track,ekf,,620,536,-0.012663,0.111614,0.443920,-0.000020,0.003727,0.014821,2.275239686737316,,0.00,0.00,0.00,0.000000,128.0,,,,,,
1776548188.713720,36,128.2,track,ekf,,620,536,-0.012619,0.111140,0.442035,-0.000277,0.003577,0.014223,2.2636733607232844,,0.00,0.00,0.00,0.000000,98.7,,,,,,
1776548188.812630,37,98.9,track,ekf,,620,536,-0.012641,0.111282,0.442601,-0.000366,0.003543,0.014091,2.278731947139478,,0.00,0.00,0.00,0.000000,98.7,,,,,,
1776548188.911646,38,99.0,track,ekf,,620,536,-0.012681,0.111605,0.443883,-0.000399,0.003538,0.014073,2.3112609947522413,,0.00,0.00,0.00,0.000000,98.3,,,,,,
1776548189.010465,39,98.8,track,ekf,,620,536,-0.012722,0.111954,0.445270,-0.000407,0.003538,0.014072,2.346462584898943,,0.00,0.00,0.00,0.000000,98.0,,,,,,
1776548189.108831,40,98.4,track,ekf,,620,536,-0.012762,0.112302,0.446654,-0.000407,0.003538,0.014072,2.3815991170797224,,0.00,0.00,0.00,0.000000,130.5,,,,,,
1776548189.239764,41,130.9,track,ekf,,620,536,-0.012814,0.112764,0.448495,-0.000405,0.003538,0.014072,2.428508177213615,,0.00,0.00,0.00,0.000000,95.7,,,,,,
1776548189.335802,42,96.0,track,ekf,,620,536,-0.012853,0.113104,0.449846,-0.000403,0.003538,0.014072,2.463079023168212,,0.00,0.00,0.00,0.000000,94.6,,,,,,
1776548189.430664,43,94.9,track,ekf,,620,536,-0.012891,0.113440,0.451181,-0.000402,0.003538,0.014072,2.4973514033774347,,0.00,0.00,0.00,0.000000,97.1,,,,,,
1776548189.528037,44,97.4,track,ekf,,620,536,-0.012930,0.113784,0.452551,-0.000402,0.003538,0.014072,2.5326405332935216,,0.00,0.00,0.00,0.000000,98.6,,,,,,
1776548189.627008,45,99.0,track,ekf,,620,536,-0.012970,0.114134,0.453944,-0.000402,0.003538,0.014072,2.568614769422782,,0.00,0.00,0.00,0.000000,128.1,,,,,,
1776548189.755265,46,128.3,track,ekf,,620,536,-0.013021,0.114588,0.455748,-0.000402,0.003538,0.014072,2.615390241448101,,0.00,0.00,0.00,0.000000,113.2,,,,,,
1776548189.868904,47,113.6,track,ekf,,620,536,-0.013067,0.114990,0.457348,-0.000402,0.003538,0.014072,2.6569794123172077,,0.00,0.00,0.00,0.000000,102.4,,,,,,
1776548189.971586,48,102.7,track,ekf,,620,536,-0.013108,0.115354,0.458793,-0.000402,0.003538,0.014072,2.6946761401662367,,0.00,0.00,0.00,0.000000,102.8,,,,,,
1776548190.074740,49,103.2,track,ekf,,620,536,-0.013150,0.115719,0.460244,-0.000402,0.003538,0.014072,2.732657521783668,,0.00,0.00,0.00,0.000000,108.4,,,,,,
1776548190.183520,50,108.8,track,ekf,,620,536,-0.013194,0.116103,0.461775,-0.000402,0.003538,0.014072,2.772831055827766,,0.00,0.00,0.00,0.000000,139.4,,,,,,
1776548190.323257,51,139.7,track,ekf,,620,536,-0.013250,0.116598,0.463741,-0.000402,0.003538,0.014072,2.8246170678216784,,0.00,0.00,0.00,0.000000,98.4,,,,,,
1776548190.421913,52,98.7,track,ekf,,620,536,-0.013289,0.116947,0.465130,-0.000402,0.003538,0.014072,2.861298725057053,,0.00,0.00,0.00,0.000000,106.1,,,,,,
1776548190.528301,53,106.4,track,ekf,,620,536,-0.013332,0.117323,0.466627,-0.000402,0.003538,0.014072,2.9009676660160757,,0.00,0.00,0.00,0.000000,105.4,,,,,,
1776548190.633899,54,105.6,track,ekf,,620,536,-0.013375,0.117697,0.468113,-0.000402,0.003538,0.014072,2.940456256718095,,0.00,0.00,0.00,0.000000,105.7,,,,,,
1776548190.739833,55,105.9,track,ekf,,620,536,-0.013417,0.118072,0.469603,-0.000402,0.003538,0.014072,2.9801837559947626,,0.00,0.00,0.00,0.000000,139.2,,,,,,
1776548190.879428,56,139.6,track,ekf,,620,536,-0.013473,0.118566,0.471568,-0.000402,0.003538,0.014072,3.0327085689942463,,0.00,0.00,0.00,0.000000,100.7,,,,,,
1776548190.980536,57,101.1,track,ekf,,620,536,-0.013514,0.118923,0.472991,-0.000402,0.003538,0.014072,3.0708729747784003,,0.00,0.00,0.00,0.000000,106.0,,,,,,
1776548191.086744,58,106.2,track,ekf,,620,536,-0.013557,0.119299,0.474485,-0.000402,0.003538,0.014072,3.1110726021602404,,0.00,0.00,0.00,0.000000,99.5,,,,,,
1776548191.186573,59,99.8,track,ekf,,620,536,-0.013597,0.119652,0.475890,-0.000402,0.003538,0.014072,3.1489602120203926,,0.00,0.00,0.00,0.000000,97.5,,,,,,
1776548191.284319,60,97.7,track,ekf,,620,536,-0.013636,0.119998,0.477266,-0.000402,0.003538,0.014072,3.1861530426660014,,0.00,0.00,0.00,0.000000,132.4,,,,,,
1776548191.416929,61,132.6,detect,ekf,,620,536,-0.013689,0.120467,0.479132,-0.000402,0.003538,0.014072,3.236762933846067,,0.00,0.00,0.00,0.000000,262.8,,,,,,
1776548191.679962,62,263.0,track,ekf,,620,536,-0.013795,0.121398,0.482833,-0.000402,0.003538,0.014072,3.337652259658088,,0.00,0.00,0.00,0.000000,99.1,,,,,,
1776548191.779270,63,99.3,track,ekf,,620,536,-0.013835,0.121749,0.484231,-0.000402,0.003538,0.014072,3.3759126820416063,,0.00,0.00,0.00,0.000000,99.2,,,,,,
1776548191.878783,64,99.5,detect,ekf,,620,536,-0.015653,0.137748,0.547861,0.000000,0.000000,0.000000,0.4472135954999579,0.547861085132302,0.00,0.00,0.00,0.000000,304.0,,,,,,
1776548192.183103,65,304.3,track,ekf,,619,536,-0.016137,0.135118,0.537398,-0.000764,-0.004154,-0.010879,0.09970943674662334,0.5366159493396458,0.00,0.00,0.00,0.000000,132.9,,,,,,
1776548192.316258,66,133.2,track,ekf,,620,536,-0.015317,0.134748,0.535934,0.006103,-0.002799,-0.011045,0.13785447751962465,,0.00,0.00,0.00,0.000000,97.4,,,,,,
1776548192.413877,67,97.6,track,ekf,,620,536,-0.015200,0.134587,0.535292,0.003414,-0.002526,-0.010020,0.18290792457598018,,0.00,0.00,0.00,0.000000,106.6,,,,,,
1776548192.520711,68,106.8,track,ekf,,619,536,-0.015776,0.134299,0.534143,-0.001101,-0.002564,-0.010212,0.23876187657582462,,0.00,0.00,0.00,0.000000,105.2,,,,,,
1776548192.626134,69,105.4,track,ekf,,620,536,-0.015424,0.134375,0.534446,0.001156,-0.001922,-0.007632,0.2961824232074621,,0.00,0.00,0.00,0.000000,100.3,,,,,,
1776548192.726645,70,100.5,track,ekf,,620,536,-0.015566,0.136821,0.544178,0.000875,0.002338,0.009309,0.0991635673860409,0.5450825063375732,0.00,0.00,0.00,0.000000,139.3,,,,,,
1776548192.866382,71,139.7,track,ekf,,620,536,-0.015558,0.137151,0.545487,0.000411,0.002343,0.009312,0.12387158772059925,,0.00,0.00,0.00,0.000000,98.8,,,,,,
1776548192.965594,72,99.2,track,ekf,,619,536,-0.016170,0.137377,0.546381,-0.002641,0.002324,0.009214,0.1434253494989779,,0.00,0.00,0.00,0.000000,105.2,,,,,,
1776548193.071014,73,105.4,track,ekf,,620,536,-0.015848,0.137724,0.547768,0.000169,0.002460,0.009799,0.16532743296509486,,0.00,0.00,0.00,0.000000,104.8,,,,,,
1776548193.176115,74,105.1,track,ekf,,620,536,-0.015715,0.137968,0.548738,0.000690,0.002447,0.009742,0.18803414036583024,,0.00,0.00,0.00,0.000000,103.2,,,,,,
1776548193.279517,75,103.4,track,ekf,,620,536,-0.015440,0.136020,0.540984,0.000725,0.000106,0.000402,0.09284324805577307,0.5388842833572024,0.00,0.00,0.00,0.000000,137.0,,,,,,
1776548193.417004,76,137.5,track,ekf,,620,536,-0.015436,0.136033,0.541038,0.000337,0.000100,0.000395,0.10734900491209894,,0.00,0.00,0.00,0.000000,99.1,,,,,,
1776548193.516304,77,99.3,track,ekf,,620,536,-0.015445,0.136042,0.541074,0.000138,0.000097,0.000388,0.11872573444778005,,0.00,0.00,0.00,0.000000,106.1,,,,,,
1776548193.622677,78,106.4,track,ekf,,620,536,-0.015453,0.136052,0.541114,0.000033,0.000096,0.000384,0.13163589404369447,,0.00,0.00,0.00,0.000000,103.8,,,,,,
1776548193.726787,79,104.1,track,ekf,,620,536,-0.015459,0.136062,0.541154,-0.000008,0.000096,0.000383,0.1448700406508641,,0.00,0.00,0.00,0.000000,103.2,,,,,,
1776548193.830359,80,103.6,track,ekf,,620,536,-0.015449,0.135961,0.540755,-0.000008,0.000003,0.000012,0.08663240638701519,0.5405695835198819,0.00,0.00,0.00,0.000000,139.2,,,,,,
1776548193.970015,81,139.7,track,ekf,,620,536,-0.015450,0.135962,0.540757,-0.000007,0.000003,0.000012,0.09764386497780483,,0.00,0.00,0.00,0.000000,100.5,,,,,,
1776548194.070796,82,100.8,track,ekf,,620,536,-0.015450,0.135962,0.540758,-0.000005,0.000003,0.000012,0.10637295439758343,,0.00,0.00,0.00,0.000000,106.2,,,,,,
1776548194.177262,83,106.5,track,ekf,,620,536,-0.015450,0.135962,0.540760,-0.000002,0.000003,0.000012,0.11627917140775988,,0.00,0.00,0.00,0.000000,103.6,,,,,,
1776548194.281236,84,104.0,track,ekf,,620,536,-0.015450,0.135963,0.540761,-0.000001,0.000003,0.000012,0.12655111122426768,,0.00,0.00,0.00,0.000000,102.2,,,,,,
1776548194.383709,85,102.5,track,ekf,,620,536,-0.015412,0.135623,0.539409,0.000029,-0.000259,-0.001035,0.08261801031634716,0.5386432804962655,0.00,0.00,0.00,0.000000,136.1,,,,,,
1776548194.520067,86,136.4,track,ekf,,620,536,-0.015408,0.135588,0.539268,0.000030,-0.000260,-0.001034,0.09208496284963293,,0.00,0.00,0.00,0.000000,100.7,,,,,,
1776548194.621141,87,101.1,track,ekf,,620,536,-0.015405,0.135561,0.539164,0.000030,-0.000261,-0.001034,0.09989797409981205,,0.00,0.00,0.00,0.000000,107.5,,,,,,
1776548194.728905,88,107.8,track,ekf,,620,536,-0.015401,0.135533,0.539052,0.000030,-0.000260,-0.001034,0.10895712184516282,,0.00,0.00,0.00,0.000000,106.0,,,,,,
1776548194.835112,89,106.2,track,ekf,,620,536,-0.015398,0.135505,0.538942,0.000030,-0.000260,-0.001034,0.11854044633897434,,0.00,0.00,0.00,0.000000,104.8,,,,,,
1776548194.940168,90,105.1,track,ekf,,620,536,-0.015421,0.135703,0.539731,0.000010,-0.000089,-0.000349,0.08063537525649667,0.5403086357859003,0.00,0.00,0.00,0.000000,140.6,,,,,,
1776548195.081202,91,141.0,track,ekf,,620,536,-0.015419,0.135691,0.539681,0.000010,-0.000088,-0.000349,0.09014246743311047,,0.00,0.00,0.00,0.000000,97.8,,,,,,
1776548195.179234,92,98.0,track,ekf,,620,536,-0.015418,0.135683,0.539647,0.000010,-0.000087,-0.000349,0.0975407375992993,,0.00,0.00,0.00,0.000000,102.2,,,,,,
1776548195.281850,93,102.6,track,ekf,,620,536,-0.015417,0.135674,0.539611,0.000010,-0.000088,-0.000349,0.10597450638191094,,0.00,0.00,0.00,0.000000,102.3,,,,,,
1776548195.384428,94,102.6,detect,ekf,,620,536,-0.015416,0.135665,0.539575,0.000010,-0.000088,-0.000349,0.11503248619190823,,0.00,0.00,0.00,0.000000,329.7,,,,,,
1776548195.714512,95,330.1,track,ekf,,620,536,-0.015378,0.135327,0.538232,0.000035,-0.000306,-0.001220,0.084775333413307,0.5376315566997543,0.00,0.00,0.00,0.000000,143.2,,,,,,
1776548195.857996,96,143.5,track,ekf,,620,536,-0.015373,0.135283,0.538057,0.000035,-0.000308,-0.001220,0.09423276381193366,,0.00,0.00,0.00,0.000000,100.1,,,,,,
1776548195.958548,97,100.6,track,ekf,,620,536,-0.015370,0.135252,0.537934,0.000035,-0.000307,-0.001220,0.10174766910545761,,0.00,0.00,0.00,0.000000,106.6,,,,,,
1776548196.065379,98,106.8,track,ekf,,620,536,-0.015366,0.135219,0.537804,0.000035,-0.000307,-0.001220,0.11049770618638494,,0.00,0.00,0.00,0.000000,112.0,,,,,,
1776548196.177853,99,112.5,track,ekf,,620,536,-0.015362,0.135185,0.537667,0.000035,-0.000307,-0.001220,0.12046900119405739,,0.00,0.00,0.00,0.000000,104.5,,,,,,
1776548196.282715,100,104.9,track,ekf,,620,536,-0.015518,0.136554,0.543118,-0.000083,0.000733,0.002943,0.08106793329283343,0.5466157927251681,0.00,0.00,0.00,0.000000,134.5,,,,,,
1776548196.417544,101,134.8,track,ekf,,620,536,-0.015529,0.136655,0.543515,-0.000084,0.000741,0.002941,0.09001665496415896,,0.00,0.00,0.00,0.000000,97.5,,,,,,
1776548196.515294,102,97.7,track,ekf,,620,536,-0.015537,0.136727,0.543802,-0.000084,0.000742,0.002941,0.09731983634143122,,0.00,0.00,0.00,0.000000,103.9,,,,,,
1776548196.619416,103,104.1,track,ekf,,620,536,-0.015546,0.136804,0.544108,-0.000084,0.000741,0.002941,0.10583611073865758,,0.00,0.00,0.00,0.000000,102.5,,,,,,
1776548196.722519,104,103.1,track,ekf,,620,536,-0.015555,0.136881,0.544412,-0.000084,0.000740,0.002941,0.11493160611130623,,0.00,0.00,0.00,0.000000,103.1,,,,,,
1776548196.825997,105,103.5,track,ekf,,620,536,-0.015594,0.137232,0.545808,-0.000108,0.000951,0.003788,0.0796441120531084,0.5465573728327725,0.00,0.00,0.00,0.000000,139.0,,,,,,
1776548196.965256,106,139.3,track,ekf,,620,536,-0.015610,0.137364,0.546336,-0.000108,0.000953,0.003788,0.08906698269197524,,0.00,0.00,0.00,0.000000,99.9,,,,,,
1776548197.065500,107,100.2,track,ekf,,620,536,-0.015620,0.137460,0.546715,-0.000108,0.000953,0.003788,0.0966866430942653,,0.00,0.00,0.00,0.000000,103.2,,,,,,
1776548197.168978,108,103.5,track,ekf,,620,536,-0.015632,0.137558,0.547107,-0.000108,0.000953,0.003788,0.10526995432545633,,0.00,0.00,0.00,0.000000,101.5,,,,,,
1776548197.270851,109,101.9,track,ekf,,620,536,-0.015643,0.137655,0.547493,-0.000108,0.000952,0.003788,0.11435295445923101,,0.00,0.00,0.00,0.000000,98.4,,,,,,
1776548197.369443,110,98.6,track,ekf,,620,536,-0.015615,0.137410,0.546515,-0.000078,0.000687,0.002726,0.07938866617539216,0.5455727785019606,0.00,0.00,0.00,0.000000,138.4,,,,,,
1776548197.508081,111,138.6,track,ekf,,620,536,-0.015626,0.137505,0.546893,-0.000078,0.000685,0.002727,0.08883086314405425,,0.00,0.00,0.00,0.000000,101.0,,,,,,
1776548197.609382,112,101.3,track,ekf,,620,536,-0.015633,0.137574,0.547169,-0.000078,0.000685,0.002727,0.0965576218676513,,0.00,0.00,0.00,0.000000,102.8,,,,,,
1776548197.712405,113,103.0,track,ekf,,620,536,-0.015641,0.137645,0.547450,-0.000078,0.000685,0.002727,0.10511696117152479,,0.00,0.00,0.00,0.000000,103.0,,,,,,
1776548197.815744,114,103.3,track,ekf,,620,536,-0.015649,0.137715,0.547732,-0.000078,0.000685,0.002727,0.11433744362278622,,0.00,0.00,0.00,0.000000,99.8,,,,,,
1776548197.915797,115,100.1,track,ekf,,620,536,-0.015406,0.135577,0.539216,0.000118,-0.001037,-0.004169,0.07942291312257922,0.5331037099019544,0.00,0.00,0.00,0.000000,124.6,,,,,,
1776548198.040664,116,124.9,track,ekf,,620,536,-0.015391,0.135444,0.538696,0.000119,-0.001049,-0.004166,0.0878486307946909,,0.00,0.00,0.00,0.000000,95.5,,,,,,
1776548198.136518,117,95.9,track,ekf,,620,536,-0.015380,0.135343,0.538297,0.000119,-0.001051,-0.004165,0.09504794858679252,,0.00,0.00,0.00,0.000000,99.0,,,,,,
1776548198.235743,118,99.2,track,ekf,,620,536,-0.015368,0.135239,0.537883,0.000119,-0.001050,-0.004166,0.10315107600344596,,0.00,0.00,0.00,0.000000,95.3,,,,,,
1776548198.331312,119,95.6,track,ekf,,620,536,-0.015357,0.135139,0.537485,0.000119,-0.001049,-0.004166,0.11151552221905735,,0.00,0.00,0.00,0.000000,96.3,,,,,,
1776548198.427828,120,96.5,track,ekf,,620,536,-0.015415,0.135655,0.539539,0.000064,-0.000564,-0.002225,0.0785180266413798,0.5413424958949147,0.00,0.00,0.00,0.000000,129.1,,,,,,
1776548198.557219,121,129.4,track,ekf,,620,536,-0.015407,0.135583,0.539251,0.000064,-0.000560,-0.002226,0.08724747221513295,,0.00,0.00,0.00,0.000000,97.7,,,,,,
1776548198.655137,122,97.9,track,ekf,,620,536,-0.015401,0.135528,0.539033,0.000064,-0.000559,-0.002227,0.09461250955184815,,0.00,0.00,0.00,0.000000,99.2,,,,,,
1776548198.754687,123,99.6,track,ekf,,620,536,-0.015395,0.135472,0.538811,0.000064,-0.000559,-0.002227,0.10275685528360716,,0.00,0.00,0.00,0.000000,100.4,,,,,,
1776548198.855449,124,100.8,detect,ekf,,620,536,-0.015388,0.135416,0.538587,0.000064,-0.000559,-0.002227,0.11160637118747667,,0.00,0.00,0.00,0.000000,259.0,,,,,,
1776548199.114792,125,259.3,track,ekf,,620,536,-0.015353,0.135108,0.537362,0.000077,-0.000681,-0.002709,0.08255874298689425,0.5369932375430992,0.00,0.00,0.00,0.000000,126.7,,,,,,
1776548199.241783,126,127.0,track,ekf,,620,536,-0.015343,0.135022,0.537018,0.000077,-0.000681,-0.002709,0.091012134995308,,0.00,0.00,0.00,0.000000,93.9,,,,,,
1776548199.336009,127,94.2,track,ekf,,620,536,-0.015336,0.134958,0.536763,0.000077,-0.000681,-0.002709,0.09803046652024801,,0.00,0.00,0.00,0.000000,96.8,,,,,,
1776548199.433081,128,97.1,track,ekf,,620,536,-0.015329,0.134891,0.536500,0.000077,-0.000681,-0.002709,0.10589309086156064,,0.00,0.00,0.00,0.000000,96.1,,,,,,
1776548199.529406,129,96.3,track,ekf,,620,536,-0.015321,0.134826,0.536239,0.000077,-0.000681,-0.002709,0.11426655231292093,,0.00,0.00,0.00,0.000000,97.0,,,,,,
1776548199.626709,130,97.3,track,ekf,,620,536,-0.015687,0.138043,0.549048,-0.000208,0.001829,0.007346,0.07926745234997513,0.5582219334939099,0.00,0.00,0.00,0.000000,127.1,,,,,,
1776548199.754072,131,127.4,track,ekf,,620,536,-0.015714,0.138280,0.549983,-0.000210,0.001848,0.007341,0.08773752524767021,,0.00,0.00,0.00,0.000000,95.5,,,,,,
1776548199.849822,132,95.8,track,ekf,,620,536,-0.015734,0.138458,0.550686,-0.000210,0.001851,0.007341,0.09485328424729368,,0.00,0.00,0.00,0.000000,98.6,,,,,,
1776548199.948637,133,98.8,track,ekf,,620,536,-0.015755,0.138641,0.551411,-0.000210,0.001850,0.007341,0.10286014841007922,,0.00,0.00,0.00,0.000000,98.3,,,,,,
1776548200.047166,134,98.5,track,ekf,,620,536,-0.015775,0.138823,0.552135,-0.000210,0.001848,0.007341,0.11144392653856472,,0.00,0.00,0.00,0.000000,98.0,,,,,,
1776548200.145416,135,98.2,track,ekf,,620,536,-0.015677,0.137956,0.548684,-0.000117,0.001026,0.004050,0.0785465798780648,0.5456232648287223,0.00,0.00,0.00,0.000000,127.3,,,,,,
1776548200.272996,136,127.6,track,ekf,,620,536,-0.015692,0.138085,0.549201,-0.000116,0.001018,0.004052,0.08714014998761672,,0.00,0.00,0.00,0.000000,94.4,,,,,,
1776548200.367790,137,94.8,track,ekf,,620,536,-0.015702,0.138182,0.549585,-0.000116,0.001017,0.004052,0.09425772371323667,,0.00,0.00,0.00,0.000000,95.1,,,,,,
1776548200.463100,138,95.3,track,ekf,,620,536,-0.015713,0.138279,0.549972,-0.000116,0.001017,0.004052,0.10203219159303867,,0.00,0.00,0.00,0.000000,95.7,,,,,,
1776548200.559073,139,96.0,track,ekf,,620,536,-0.015725,0.138376,0.550360,-0.000116,0.001018,0.004052,0.1104233805369875,,0.00,0.00,0.00,0.000000,97.2,,,,,,
1776548200.656561,140,97.5,track,ekf,,620,536,-0.015534,0.136697,0.543673,0.000044,-0.000391,-0.001593,0.07824729499146128,0.538383331392923,0.00,0.00,0.00,0.000000,128.4,,,,,,
1776548200.785228,141,128.7,track,ekf,,620,536,-0.015528,0.136644,0.543469,0.000046,-0.000401,-0.001591,0.08696010533199906,,0.00,0.00,0.00,0.000000,98.0,,,,,,
1776548200.883574,142,98.3,track,ekf,,620,536,-0.015523,0.136604,0.543313,0.000046,-0.000403,-0.001590,0.09438581480810417,,0.00,0.00,0.00,0.000000,97.5,,,,,,
1776548200.981279,143,97.7,track,ekf,,620,536,-0.015519,0.136565,0.543157,0.000046,-0.000403,-0.001591,0.10240215690158644,,0.00,0.00,0.00,0.000000,96.0,,,,,,
1776548201.077566,144,96.3,track,ekf,,620,536,-0.015514,0.136527,0.543004,0.000046,-0.000402,-0.001591,0.1108641804816693,,0.00,0.00,0.00,0.000000,98.3,,,,,,
1776548201.176071,145,98.5,track,ekf,,620,536,-0.015463,0.136077,0.541215,0.000082,-0.000725,-0.002891,0.0784039932217911,0.540007576387909,0.00,0.00,0.00,0.000000,127.4,,,,,,
1776548201.303751,146,127.7,track,ekf,,620,536,-0.015453,0.135984,0.540846,0.000083,-0.000727,-0.002891,0.08705221753692506,,0.00,0.00,0.00,0.000000,91.5,,,,,,
1776548201.395565,147,91.8,track,ekf,,620,536,-0.015445,0.135917,0.540581,0.000083,-0.000728,-0.002891,0.09395278586477043,,0.00,0.00,0.00,0.000000,95.4,,,,,,
1776548201.491290,148,95.7,track,ekf,,620,536,-0.015437,0.135848,0.540304,0.000083,-0.000727,-0.002891,0.10175285547877018,,0.00,0.00,0.00,0.000000,97.5,,,,,,
1776548201.589028,149,97.7,track,ekf,,620,536,-0.015429,0.135777,0.540021,0.000083,-0.000727,-0.002891,0.11028616961232394,,0.00,0.00,0.00,0.000000,97.8,,,,,,
1776548201.687162,150,98.1,track,ekf,,620,536,-0.015355,0.135125,0.537428,0.000135,-0.001186,-0.004730,0.07821626138762923,0.5356993173717823,0.00,0.00,0.00,0.000000,128.0,,,,,,
1776548201.815452,151,128.3,track,ekf,,620,536,-0.015338,0.134972,0.536821,0.000135,-0.001190,-0.004730,0.086885950921862,,0.00,0.00,0.00,0.000000,96.8,,,,,,
1776548201.912471,152,97.0,track,ekf,,620,536,-0.015325,0.134857,0.536362,0.000135,-0.001190,-0.004729,0.09418359836521724,,0.00,0.00,0.00,0.000000,96.8,,,,,,
1776548202.010631,153,98.2,track,ekf,,620,536,-0.015311,0.134740,0.535898,0.000135,-0.001190,-0.004729,0.10220337353190276,,0.00,0.00,0.00,0.000000,97.6,,,,,,
1776548202.108452,154,97.8,detect,ekf,,619,536,-0.015866,0.134620,0.535419,-0.002539,-0.001203,-0.004803,0.11076863914503958,,0.00,0.00,0.00,0.000000,238.6,,,,,,
1776548202.347319,155,238.9,track,ekf,,620,536,-0.015343,0.134022,0.533041,0.000736,-0.001426,-0.005666,0.08187994690242523,0.5321636378538087,0.00,0.00,0.00,0.000000,128.2,,,,,,
1776548202.475830,156,128.5,track,ekf,,620,536,-0.015216,0.133837,0.532307,0.000886,-0.001426,-0.005666,0.0904478652739852,,0.00,0.00,0.00,0.000000,99.1,,,,,,
1776548202.575243,157,99.4,track,ekf,,620,536,-0.015178,0.133696,0.531744,0.000641,-0.001426,-0.005672,0.09789067449426744,,0.00,0.00,0.00,0.000000,96.9,,,,,,
1776548202.672405,158,97.2,track,ekf,,620,536,-0.015162,0.133556,0.531189,0.000417,-0.001428,-0.005680,0.10580018839497488,,0.00,0.00,0.00,0.000000,98.6,,,,,,
1776548202.771192,159,98.8,track,ekf,,620,536,-0.015151,0.133414,0.530625,0.000274,-0.001429,-0.005685,0.11442990450534306,,0.00,0.00,0.00,0.000000,102.5,,,,,,
1776548202.873958,160,102.8,track,ekf,,620,536,-0.015210,0.133894,0.532536,0.000145,-0.000950,-0.003765,0.07945792638911228,0.5342675584325102,0.00,0.00,0.00,0.000000,131.1,,,,,,
1776548203.005355,161,131.4,track,ekf,,620,536,-0.015199,0.133770,0.532041,0.000110,-0.000947,-0.003767,0.0882252455005137,,0.00,0.00,0.00,0.000000,97.7,,,,,,
1776548203.103303,162,97.9,track,ekf,,620,536,-0.015190,0.133677,0.531672,0.000102,-0.000946,-0.003767,0.09554163248000971,,0.00,0.00,0.00,0.000000,90.0,,,,,,
1776548203.193516,163,90.2,track,ekf,,620,536,-0.015181,0.133592,0.531332,0.000102,-0.000946,-0.003767,0.10285525228613794,,0.00,0.00,0.00,0.000000,90.4,,,,,,
1776548203.284249,164,90.7,track,ekf,,620,536,-0.015171,0.133506,0.530990,0.000103,-0.000947,-0.003767,0.11072304863335733,,0.00,0.00,0.00,0.000000,95.5,,,,,,
1776548203.379956,165,95.7,track,ekf,,620,536,-0.015269,0.134364,0.534405,0.000021,-0.000203,-0.000786,0.07825138041181473,0.5372223400555851,0.00,0.00,0.00,0.000000,125.6,,,,,,
1776548203.505848,166,125.9,track,ekf,,620,536,-0.015266,0.134339,0.534306,0.000022,-0.000197,-0.000787,0.0867067151062737,,0.00,0.00,0.00,0.000000,97.0,,,,,,
1776548203.603033,167,97.2,track,ekf,,620,536,-0.015264,0.134320,0.534229,0.000022,-0.000196,-0.000787,0.09398753713816908,,0.00,0.00,0.00,0.000000,95.6,,,,,,
1776548203.698933,168,95.9,track,ekf,,620,536,-0.015262,0.134302,0.534154,0.000022,-0.000197,-0.000787,0.10179844598842458,,0.00,0.00,0.00,0.000000,96.2,,,,,,
1776548203.795491,169,96.6,track,ekf,,620,536,-0.015259,0.134282,0.534078,0.000022,-0.000197,-0.000787,0.1102322708804716,,0.00,0.00,0.00,0.000000,96.9,,,,,,
1776548203.892691,170,97.2,track,ekf,,620,536,-0.015365,0.135209,0.537766,-0.000063,0.000552,0.002216,0.07817520542885434,0.5405886962007275,0.00,0.00,0.00,0.000000,126.9,,,,,,
1776548204.019839,171,127.1,track,ekf,,620,536,-0.015373,0.135280,0.538048,-0.000063,0.000558,0.002215,0.08678357508223708,,0.00,0.00,0.00,0.000000,94.0,,,,,,
1776548204.114049,172,94.2,track,ekf,,620,536,-0.015379,0.135333,0.538256,-0.000063,0.000559,0.002215,0.0938730288687231,,0.00,0.00,0.00,0.000000,90.3,,,,,,
1776548204.204624,173,90.6,track,ekf,,620,536,-0.015384,0.135383,0.538457,-0.000063,0.000558,0.002215,0.10125164224597351,,0.00,0.00,0.00,0.000000,88.5,,,,,,
1776548204.293421,174,88.8,track,ekf,,620,536,-0.015390,0.135433,0.538654,-0.000063,0.000558,0.002215,0.1089729085461474,,0.00,0.00,0.00,0.000000,89.1,,,,,,
1776548204.382839,175,89.4,track,ekf,,620,536,-0.015255,0.134247,0.533932,0.000049,-0.000429,-0.001738,0.07759007811863011,0.5301132549732666,0.00,0.00,0.00,0.000000,120.3,,,,,,
1776548204.503392,176,120.6,track,ekf,,620,536,-0.015249,0.134194,0.533723,0.000050,-0.000437,-0.001736,0.08571731198483035,,0.00,0.00,0.00,0.000000,97.5,,,,,,
1776548204.601148,177,97.8,track,ekf,,620,536,-0.015244,0.134151,0.533553,0.000050,-0.000439,-0.001736,0.09304314580559467,,0.00,0.00,0.00,0.000000,91.4,,,,,,
1776548204.692828,178,91.7,track,ekf,,620,536,-0.015240,0.134111,0.533394,0.000050,-0.000438,-0.001736,0.10049015876587675,,0.00,0.00,0.00,0.000000,93.2,,,,,,
1776548204.786369,179,93.5,track,ekf,,620,536,-0.015235,0.134070,0.533232,0.000050,-0.000438,-0.001736,0.10861836760804468,,0.00,0.00,0.00,0.000000,97.0,,,,,,
1776548204.883700,180,97.3,track,ekf,,620,536,-0.015384,0.135375,0.538431,-0.000073,0.000641,0.002581,0.07770532266172694,0.5425706728824816,0.00,0.00,0.00,0.000000,125.0,,,,,,
1776548205.008983,181,125.3,track,ekf,,620,536,-0.015393,0.135458,0.538754,-0.000074,0.000649,0.002579,0.08618733028321636,,0.00,0.00,0.00,0.000000,96.3,,,,,,
1776548205.105601,182,96.6,track,ekf,,620,536,-0.015400,0.135521,0.539003,-0.000074,0.000651,0.002578,0.09345372728113742,,0.00,0.00,0.00,0.000000,93.0,,,,,,
1776548205.198802,183,93.2,track,ekf,,620,536,-0.015407,0.135581,0.539244,-0.000074,0.000650,0.002578,0.10104856549168173,,0.00,0.00,0.00,0.000000,95.4,,,,,,
1776548205.294456,184,95.7,detect,ekf,,620,536,-0.015414,0.135643,0.539490,-0.000074,0.000650,0.002578,0.10938945550918415,,0.00,0.00,0.00,0.000000,262.7,,,,,,
1776548205.557391,185,262.9,track,ekf,,620,536,-0.015429,0.135774,0.540008,-0.000070,0.000618,0.002458,0.08210703583818453,0.5399138715462601,0.00,0.00,0.00,0.000000,131.5,,,,,,
1776548205.689208,186,131.8,track,ekf,,620,536,-0.015438,0.135855,0.540332,-0.000070,0.000618,0.002458,0.09092668210585148,,0.00,0.00,0.00,0.000000,98.4,,,,,,
1776548205.787872,187,98.7,track,ekf,,620,536,-0.015445,0.135916,0.540575,-0.000070,0.000618,0.002458,0.09832910033932818,,0.00,0.00,0.00,0.000000,97.8,,,,,,
1776548205.885953,188,98.1,track,ekf,,620,536,-0.015452,0.135977,0.540816,-0.000070,0.000618,0.002458,0.10633230251267155,,0.00,0.00,0.00,0.000000,97.0,,,,,,
1776548205.983256,189,97.3,track,ekf,,620,536,-0.015459,0.136037,0.541055,-0.000070,0.000618,0.002458,0.11484807883226471,,0.00,0.00,0.00,0.000000,97.1,,,,,,
1776548206.080680,190,97.4,track,ekf,,620,536,-0.015433,0.135810,0.540152,-0.000045,0.000399,0.001580,0.0794403168956811,0.5393592986646015,0.00,0.00,0.00,0.000000,128.2,,,,,,
1776548206.209235,191,128.6,track,ekf,,620,536,-0.015439,0.135861,0.540356,-0.000045,0.000397,0.001580,0.08799973471440437,,0.00,0.00,0.00,0.000000,97.2,,,,,,
1776548206.306774,192,97.5,track,ekf,,620,536,-0.015443,0.135900,0.540510,-0.000045,0.000397,0.001580,0.09526529864185013,,0.00,0.00,0.00,0.000000,94.3,,,,,,
1776548206.401442,193,94.7,track,ekf,,620,536,-0.015447,0.135937,0.540659,-0.000045,0.000397,0.001580,0.10293721548251647,,0.00,0.00,0.00,0.000000,95.5,,,,,,
1776548206.497315,194,95.9,track,ekf,,620,536,-0.015452,0.135975,0.540811,-0.000045,0.000397,0.001580,0.11127261932498052,,0.00,0.00,0.00,0.000000,97.1,,,,,,
1776548206.594704,195,97.4,track,ekf,,620,536,-0.015228,0.134002,0.532955,0.000134,-0.001179,-0.004733,0.07846324400908578,0.5270512315154331,0.00,0.00,0.00,0.000000,128.8,,,,,,
1776548206.723773,196,129.1,track,ekf,,620,536,-0.015210,0.133847,0.532345,0.000135,-0.001191,-0.004730,0.08714587450513168,,0.00,0.00,0.00,0.000000,98.1,,,,,,
1776548206.822207,197,98.4,track,ekf,,620,536,-0.015197,0.133730,0.531879,0.000136,-0.001193,-0.004730,0.09454715695019443,,0.00,0.00,0.00,0.000000,96.3,,,,,,
1776548206.918703,198,96.5,track,ekf,,620,536,-0.015183,0.133615,0.531423,0.000135,-0.001192,-0.004730,0.10243671219097457,,0.00,0.00,0.00,0.000000,97.0,,,,,,
1776548207.017118,199,98.4,track,ekf,,620,536,-0.015170,0.133498,0.530957,0.000135,-0.001191,-0.004730,0.11106863566802745,,0.00,0.00,0.00,0.000000,97.2,,,,,,
1776548207.114554,200,97.4,track,ekf,,620,536,-0.015263,0.134312,0.534200,0.000052,-0.000455,-0.001786,0.07842289967955962,0.5369358440210829,0.00,0.00,0.00,0.000000,127.9,,,,,,
1776548207.242759,201,128.2,track,ekf,,620,536,-0.015256,0.134255,0.533971,0.000051,-0.000449,-0.001787,0.08710482178618312,,0.00,0.00,0.00,0.000000,95.6,,,,,,
1776548207.338736,202,96.0,track,ekf,,620,536,-0.015251,0.134212,0.533799,0.000051,-0.000448,-0.001788,0.09433802409086241,,0.00,0.00,0.00,0.000000,94.6,,,,,,
1776548207.433578,203,94.8,track,ekf,,620,536,-0.015247,0.134170,0.533630,0.000051,-0.000448,-0.001788,0.10209161194449014,,0.00,0.00,0.00,0.000000,97.0,,,,,,
1776548207.530820,204,97.2,track,ekf,,620,536,-0.015242,0.134126,0.533456,0.000051,-0.000449,-0.001787,0.11060767780051022,,0.00,0.00,0.00,0.000000,97.3,,,,,,
1776548207.628350,205,97.5,track,ekf,,620,536,-0.015211,0.133861,0.532401,0.000071,-0.000624,-0.002489,0.07829362466627852,0.5317454057941464,0.00,0.00,0.00,0.000000,128.6,,,,,,
1776548207.757195,206,128.8,track,ekf,,620,536,-0.015202,0.133780,0.532080,0.000071,-0.000626,-0.002488,0.08701569342210543,,0.00,0.00,0.00,0.000000,96.7,,,,,,
1776548207.854161,207,97.0,track,ekf,,620,536,-0.015195,0.133720,0.531839,0.000071,-0.000626,-0.002488,0.0943231116558497,,0.00,0.00,0.00,0.000000,98.0,,,,,,
1776548207.952403,208,98.2,track,ekf,,620,536,-0.015188,0.133658,0.531595,0.000071,-0.000626,-0.002488,0.1023643536637051,,0.00,0.00,0.00,0.000000,96.9,,,,,,
1776548208.049655,209,97.3,track,ekf,,620,536,-0.015182,0.133597,0.531353,0.000071,-0.000626,-0.002488,0.11089334018117913,,0.00,0.00,0.00,0.000000,97.4,,,,,,
1776548208.147300,210,97.6,track,ekf,,620,536,-0.015417,0.135673,0.539617,-0.000121,0.001063,0.004276,0.07837777265890886,0.5459177776480785,0.00,0.00,0.00,0.000000,127.4,,,,,,
1776548208.275072,211,127.8,track,ekf,,620,536,-0.015433,0.135812,0.540163,-0.000122,0.001076,0.004273,0.08702120641799194,,0.00,0.00,0.00,0.000000,94.7,,,,,,
1776548208.369994,212,94.9,track,ekf,,620,536,-0.015445,0.135914,0.540568,-0.000122,0.001078,0.004272,0.09415395691180453,,0.00,0.00,0.00,0.000000,94.5,,,,,,
1776548208.464743,213,94.7,track,ekf,,620,536,-0.015456,0.136016,0.540973,-0.000122,0.001077,0.004272,0.10187296868403836,,0.00,0.00,0.00,0.000000,98.1,,,,,,
1776548208.563229,214,98.5,detect,ekf,,620,536,-0.015468,0.136122,0.541394,-0.000122,0.001076,0.004273,0.11047052987774234,,0.00,0.00,0.00,0.000000,252.4,,,,,,
1776548208.815887,215,252.7,track,ekf,,620,536,-0.015397,0.135490,0.538876,-0.000045,0.000399,0.001573,0.08212580460854581,0.5367653000996924,0.00,0.00,0.00,0.000000,128.2,,,,,,
1776548208.944402,216,128.5,track,ekf,,620,536,-0.015402,0.135540,0.539078,-0.000045,0.000393,0.001574,0.09069308367367826,,0.00,0.00,0.00,0.000000,97.1,,,,,,
1776548209.041696,217,97.3,track,ekf,,620,536,-0.015407,0.135578,0.539231,-0.000045,0.000393,0.001574,0.09796115393106465,,0.00,0.00,0.00,0.000000,101.0,,,,,,
1776548209.142961,218,101.3,track,ekf,,620,536,-0.015411,0.135618,0.539391,-0.000045,0.000394,0.001574,0.10620216475034744,,0.00,0.00,0.00,0.000000,97.1,,,,,,
1776548209.240505,219,97.5,track,ekf,,620,536,-0.015416,0.135657,0.539544,-0.000045,0.000395,0.001574,0.11472615142688042,,0.00,0.00,0.00,0.000000,98.5,,,,,,
1776548209.339323,220,98.8,track,ekf,,620,536,-0.015483,0.136247,0.541894,-0.000093,0.000817,0.003261,0.07944053756227265,0.5434179000209178,0.00,0.00,0.00,0.000000,124.7,,,,,,
1776548209.464266,221,124.9,track,ekf,,620,536,-0.015494,0.136350,0.542301,-0.000093,0.000820,0.003260,0.08774215539374629,,0.00,0.00,0.00,0.000000,96.6,,,,,,
1776548209.561248,222,97.0,track,ekf,,620,536,-0.015503,0.136430,0.542618,-0.000093,0.000821,0.003260,0.0949435946580936,,0.00,0.00,0.00,0.000000,96.9,,,,,,
1776548209.658534,223,97.3,track,ekf,,620,536,-0.015512,0.136509,0.542935,-0.000093,0.000820,0.003260,0.10281429987249936,,0.00,0.00,0.00,0.000000,96.8,,,,,,
1776548209.755617,224,97.1,track,ekf,,620,536,-0.015521,0.136589,0.543251,-0.000093,0.000820,0.003260,0.11125129854966485,,0.00,0.00,0.00,0.000000,97.2,,,,,,
1776548209.853043,225,97.4,track,ekf,,620,536,-0.015459,0.136037,0.541054,-0.000037,0.000325,0.001278,0.07845972405449339,0.5392006273519221,0.00,0.00,0.00,0.000000,129.3,,,,,,
1776548209.982569,226,129.5,track,ekf,,620,536,-0.015463,0.136078,0.541220,-0.000036,0.000321,0.001279,0.0871806101131302,,0.00,0.00,0.00,0.000000,97.7,,,,,,
1776548210.080509,227,97.9,track,ekf,,620,536,-0.015467,0.136110,0.541345,-0.000036,0.000320,0.001279,0.0945468229657443,,0.00,0.00,0.00,0.000000,95.7,,,,,,
1776548210.176480,228,96.0,track,ekf,,620,536,-0.015471,0.136141,0.541468,-0.000036,0.000321,0.001279,0.10239326321688358,,0.00,0.00,0.00,0.000000,95.2,,,,,,
1776548210.272029,229,95.5,track,ekf,,620,536,-0.015474,0.136171,0.541590,-0.000036,0.000321,0.001279,0.11076416338481548,,0.00,0.00,0.00,0.000000,97.0,,,,,,
1776548210.369361,230,97.3,track,ekf,,620,536,-0.015450,0.135958,0.540741,-0.000015,0.000128,0.000504,0.07833745183254175,0.5400176736532613,0.00,0.00,0.00,0.000000,126.6,,,,,,
1776548210.496250,231,126.9,track,ekf,,620,536,-0.015452,0.135974,0.540805,-0.000014,0.000126,0.000504,0.08692250066345912,,0.00,0.00,0.00,0.000000,96.3,,,,,,
1776548210.592973,232,96.7,track,ekf,,620,536,-0.015453,0.135986,0.540854,-0.000014,0.000126,0.000504,0.09420765568822537,,0.00,0.00,0.00,0.000000,98.4,,,,,,
1776548210.691612,233,98.6,track,ekf,,620,536,-0.015454,0.135999,0.540903,-0.000014,0.000126,0.000504,0.10228250632589861,,0.00,0.00,0.00,0.000000,99.7,,,,,,
1776548210.791549,234,99.9,track,ekf,,620,536,-0.015456,0.136011,0.540954,-0.000014,0.000127,0.000504,0.11106035414150298,,0.00,0.00,0.00,0.000000,98.3,,,,,,
1776548210.890069,235,98.5,track,ekf,,620,536,-0.015532,0.136678,0.543609,-0.000073,0.000644,0.002577,0.0784581430096038,0.5455305586177127,0.00,0.00,0.00,0.000000,128.0,,,,,,
1776548211.018361,236,128.3,track,ekf,,620,536,-0.015541,0.136762,0.543940,-0.000074,0.000648,0.002576,0.0871476503817863,,0.00,0.00,0.00,0.000000,90.2,,,,,,
1776548211.108953,237,90.6,track,ekf,,620,536,-0.015548,0.136821,0.544173,-0.000074,0.000649,0.002576,0.09395141303314386,,0.00,0.00,0.00,0.000000,97.4,,,,,,
1776548211.206603,238,97.7,track,ekf,,620,536,-0.015555,0.136884,0.544424,-0.000074,0.000649,0.002576,0.10190809749994108,,0.00,0.00,0.00,0.000000,96.0,,,,,,
1776548211.302837,239,96.2,track,ekf,,620,536,-0.015562,0.136946,0.544672,-0.000074,0.000648,0.002576,0.11030793231602869,,0.00,0.00,0.00,0.000000,95.1,,,,,,
1776548211.398346,240,95.5,track,ekf,,620,536,-0.015614,0.137399,0.546477,-0.000109,0.000958,0.003817,0.07815243705192405,0.5476469898191446,0.00,0.00,0.00,0.000000,125.0,,,,,,
1776548211.523646,241,125.3,track,ekf,,620,536,-0.015627,0.137520,0.546955,-0.000109,0.000960,0.003816,0.08660638859248442,,0.00,0.00,0.00,0.000000,97.0,,,,,,
1776548211.620862,242,97.2,track,ekf,,620,536,-0.015638,0.137613,0.547326,-0.000109,0.000960,0.003816,0.09390073729217657,,0.00,0.00,0.00,0.000000,99.7,,,,,,
1776548211.720800,243,99.9,track,ekf,,620,536,-0.015649,0.137709,0.547707,-0.000109,0.000960,0.003816,0.10205450806922936,,0.00,0.00,0.00,0.000000,97.0,,,,,,
1776548211.818009,244,97.2,detect,ekf,,620,536,-0.015659,0.137803,0.548078,-0.000109,0.000960,0.003816,0.11055751319505785,,0.00,0.00,0.00,0.000000,247.0,,,,,,
1776548212.065255,245,247.2,track,ekf,,619,536,-0.016184,0.136171,0.541580,-0.002004,-0.000451,-0.001826,0.08203466423252571,0.537197485248564,0.00,0.00,0.00,0.000000,128.3,,,,,,
1776548212.193826,246,128.6,track,ekf,,620,536,-0.015646,0.136142,0.541476,0.001644,-0.000425,-0.001638,0.09060554466314912,,0.00,0.00,0.00,0.000000,95.2,,,,,,
1776548212.289235,247,95.4,track,ekf,,620,536,-0.015472,0.136102,0.541315,0.001732,-0.000421,-0.001640,0.09771344064549463,,0.00,0.00,0.00,0.000000,96.5,,,,,,
1776548212.385916,248,96.7,track,ekf,,620,536,-0.015422,0.136064,0.541166,0.001164,-0.000417,-0.001647,0.10555712607704999,,0.00,0.00,0.00,0.000000,95.6,,,,,,
1776548212.481791,249,95.9,track,ekf,,620,536,-0.015419,0.136023,0.541002,0.000649,-0.000418,-0.001663,0.11390029958133044,,0.00,0.00,0.00,0.000000,96.9,,,,,,
1776548212.579081,250,97.3,track,ekf,,620,536,-0.015456,0.136243,0.541876,0.000293,-0.000220,-0.000871,0.07917310599636249,0.5426116722181704,0.00,0.00,0.00,0.000000,126.4,,,,,,
1776548212.705753,251,126.7,track,ekf,,620,536,-0.015466,0.136215,0.541763,0.000094,-0.000220,-0.000877,0.08759758307418411,,0.00,0.00,0.00,0.000000,96.6,,,,,,
1776548212.802756,252,97.0,track,ekf,,620,536,-0.015472,0.136193,0.541677,0.000027,-0.000220,-0.000879,0.0948097567914645,,0.00,0.00,0.00,0.000000,97.6,,,,,,
1776548212.900820,253,98.1,track,ekf,,620,536,-0.015473,0.136171,0.541591,0.000009,-0.000221,-0.000879,0.102754921260705,,0.00,0.00,0.00,0.000000,99.6,,,,,,
1776548213.000819,254,100.0,track,ekf,,620,536,-0.015472,0.136149,0.541503,0.000010,-0.000221,-0.000879,0.11146659461812468,,0.00,0.00,0.00,0.000000,97.2,,,,,,
1776548213.098398,255,97.6,track,ekf,,620,536,-0.015579,0.137090,0.545247,-0.000071,0.000533,0.002142,0.07852880196862073,0.5480587307796518,0.00,0.00,0.00,0.000000,127.4,,,,,,
1776548213.226072,256,127.7,track,ekf,,620,536,-0.015587,0.137159,0.545520,-0.000066,0.000539,0.002141,0.08712874027869925,,0.00,0.00,0.00,0.000000,95.1,,,,,,
1776548213.321404,257,95.3,track,ekf,,620,536,-0.015592,0.137211,0.545724,-0.000063,0.000540,0.002140,0.09428354869430842,,0.00,0.00,0.00,0.000000,94.8,,,,,,
1776548213.416384,258,95.0,track,ekf,,620,536,-0.015598,0.137262,0.545928,-0.000062,0.000540,0.002141,0.10202520154516842,,0.00,0.00,0.00,0.000000,95.2,,,,,,
1776548213.511944,259,95.6,track,ekf,,620,536,-0.015604,0.137313,0.546132,-0.000061,0.000539,0.002141,0.1103713987999614,,0.00,0.00,0.00,0.000000,97.8,,,,,,
1776548213.610096,260,98.2,track,ekf,,620,536,-0.015569,0.137008,0.544916,-0.000029,0.000255,0.001005,0.07824552779253911,0.5438508341427689,0.00,0.00,0.00,0.000000,127.4,,,,,,
1776548213.737786,261,127.7,track,ekf,,620,536,-0.015573,0.137040,0.545045,-0.000029,0.000253,0.001006,0.08688275169126522,,0.00,0.00,0.00,0.000000,97.1,,,,,,
1776548213.835109,262,97.3,track,ekf,,620,536,-0.015575,0.137064,0.545142,-0.000029,0.000252,0.001006,0.09421550661455372,,0.00,0.00,0.00,0.000000,96.3,,,,,,
1776548213.931690,263,96.6,track,ekf,,620,536,-0.015578,0.137089,0.545240,-0.000029,0.000252,0.001006,0.10211816085003472,,0.00,0.00,0.00,0.000000,97.9,,,,,,
1776548214.029979,264,98.3,track,ekf,,620,536,-0.015581,0.137114,0.545338,-0.000029,0.000253,0.001006,0.11073913652893312,,0.00,0.00,0.00,0.000000,96.6,,,,,,
1776548214.126951,265,97.0,track,ekf,,620,536,-0.015595,0.137239,0.545836,-0.000038,0.000332,0.001325,0.07832532993619619,0.5461338979622543,0.00,0.00,0.00,0.000000,127.8,,,,,,
1776548214.254986,266,128.0,track,ekf,,620,536,-0.015600,0.137281,0.546006,-0.000038,0.000333,0.001324,0.0869957287908342,,0.00,0.00,0.00,0.000000,94.4,,,,,,
1776548214.349643,267,94.7,track,ekf,,620,536,-0.015604,0.137313,0.546131,-0.000038,0.000333,0.001324,0.09411841175318883,,0.00,0.00,0.00,0.000000,93.5,,,,,,
1776548214.443623,268,94.0,track,ekf,,620,536,-0.015607,0.137344,0.546256,-0.000038,0.000333,0.001324,0.10178309421426243,,0.00,0.00,0.00,0.000000,98.1,,,,,,
1776548214.541982,269,98.4,track,ekf,,620,536,-0.015611,0.137377,0.546386,-0.000038,0.000333,0.001324,0.11037725920322757,,0.00,0.00,0.00,0.000000,97.2,,,,,,
1776548214.639452,270,97.5,track,ekf,,620,536,-0.015694,0.138110,0.549304,-0.000101,0.000887,0.003545,0.07822896829495889,0.5513890807423014,0.00,0.00,0.00,0.000000,132.3,,,,,,
1776548214.772014,271,132.6,track,ekf,,620,536,-0.015708,0.138229,0.549774,-0.000101,0.000892,0.003544,0.08721322739833841,,0.00,0.00,0.00,0.000000,95.5,,,,,,
1776548214.867898,272,95.9,track,ekf,,620,536,-0.015718,0.138314,0.550113,-0.000101,0.000892,0.003544,0.09444433883362226,,0.00,0.00,0.00,0.000000,92.8,,,,,,
1776548214.961076,273,93.2,track,ekf,,620,536,-0.015727,0.138397,0.550444,-0.000101,0.000892,0.003544,0.10205739438678844,,0.00,0.00,0.00,0.000000,91.5,,,,,,
1776548215.052771,274,91.7,detect,ekf,,619,536,-0.016304,0.138476,0.550753,-0.002817,0.000879,0.003470,0.11006037057385863,,0.00,0.00,0.00,0.000000,254.6,,,,,,
1776548215.307700,275,254.9,track,ekf,,619,536,-0.016409,0.137186,0.545620,-0.001440,-0.000253,-0.001025,0.08208185975536118,0.5420254205534558,0.00,0.00,0.00,0.000000,117.2,,,,,,
1776548215.425189,276,117.5,track,ekf,,619,536,-0.016407,0.137153,0.545494,-0.000627,-0.000259,-0.001006,0.08985959910468376,,0.00,0.00,0.00,0.000000,91.8,,,,,,
1776548215.517314,277,92.1,track,ekf,,619,536,-0.016388,0.137129,0.545399,-0.000237,-0.000257,-0.000998,0.0966642966835194,,0.00,0.00,0.00,0.000000,90.7,,,,,,
1776548215.608313,278,91.0,track,ekf,,620,536,-0.015802,0.137106,0.545309,0.002758,-0.000241,-0.000921,0.10395512791653422,,0.00,0.00,0.00,0.000000,92.9,,,,,,
1776548215.701423,279,93.1,track,ekf,,620,536,-0.015569,0.137086,0.545230,0.002644,-0.000235,-0.000920,0.11193094273525842,,0.00,0.00,0.00,0.000000,91.4,,,,,,
1776548215.793184,280,91.8,track,ekf,,620,536,-0.015491,0.136925,0.544589,0.001797,-0.000343,-0.001371,0.07846741001376904,0.5441708675229058,0.00,0.00,0.00,0.000000,128.1,,,,,,
1776548215.921594,281,128.4,track,ekf,,619,536,-0.016108,0.136869,0.544363,-0.001752,-0.000363,-0.001471,0.0870040571478303,,0.00,0.00,0.00,0.000000,93.5,,,,,,
1776548216.015441,282,93.8,track,ekf,,620,536,-0.015747,0.136878,0.544401,0.000746,-0.000326,-0.001280,0.09395020521524464,,0.00,0.00,0.00,0.000000,90.3,,,,,,
1776548216.106164,283,90.7,track,ekf,,620,536,-0.015586,0.136846,0.544275,0.001195,-0.000325,-0.001278,0.101261336259625,,0.00,0.00,0.00,0.000000,102.1,,,,,,
1776548216.208542,284,102.4,track,ekf,,620,536,-0.015526,0.136815,0.544149,0.000908,-0.000323,-0.001281,0.11013495859702324,,0.00,0.00,0.00,0.000000,94.1,,,,,,
1776548216.302829,285,94.3,track,ekf,,620,536,-0.015472,0.136394,0.542474,0.000586,-0.000632,-0.002526,0.07806056414048353,0.5413003037504068,0.00,0.00,0.00,0.000000,124.1,,,,,,
1776548216.427226,286,124.4,track,ekf,,620,536,-0.015471,0.136314,0.542157,0.000279,-0.000637,-0.002534,0.08644515464575817,,0.00,0.00,0.00,0.000000,92.8,,,,,,
1776548216.520239,287,93.0,track,ekf,,620,536,-0.015473,0.136254,0.541920,0.000145,-0.000638,-0.002538,0.0934153438362432,,0.00,0.00,0.00,0.000000,91.5,,,,,,
1776548216.611996,288,91.8,track,ekf,,620,536,-0.015472,0.136196,0.541687,0.000086,-0.000639,-0.002540,0.10086990432613506,,0.00,0.00,0.00,0.000000,91.6,,,,,,
1776548216.703850,289,91.9,track,ekf,,620,536,-0.015468,0.136137,0.541453,0.000065,-0.000639,-0.002540,0.10885258343085864,,0.00,0.00,0.00,0.000000,91.9,,,,,,
1776548216.796110,290,92.3,track,ekf,,620,536,-0.015474,0.136178,0.541616,0.000053,-0.000559,-0.002221,0.07763701276064733,0.5419234215295533,0.00,0.00,0.00,0.000000,121.4,,,,,,
1776548216.917826,291,121.7,track,ekf,,620,536,-0.015467,0.136110,0.541346,0.000056,-0.000559,-0.002221,0.0858627842041047,,0.00,0.00,0.00,0.000000,92.3,,,,,,
1776548217.010402,292,92.6,track,ekf,,620,536,-0.015461,0.136058,0.541140,0.000059,-0.000558,-0.002221,0.09279998216044881,,0.00,0.00,0.00,0.000000,102.7,,,,,,
1776548217.113309,293,102.9,track,ekf,,620,536,-0.015455,0.136001,0.540912,0.000062,-0.000558,-0.002221,0.10119218534060821,,0.00,0.00,0.00,0.000000,96.0,,,,,,
1776548217.209719,294,96.4,track,ekf,,620,536,-0.015449,0.135947,0.540697,0.000063,-0.000558,-0.002221,0.10962619230022273,,0.00,0.00,0.00,0.000000,90.5,,,,,,
1776548217.300471,295,90.8,track,ekf,,619,536,-0.015839,0.134466,0.534799,-0.002487,-0.001711,-0.006862,0.07783257662156619,0.5304506256908902,0.00,0.00,0.00,0.000000,118.8,,,,,,
1776548217.419554,296,119.1,track,ekf,,620,536,-0.015451,0.134288,0.534101,0.000494,-0.001688,-0.006694,0.0858671353459097,,0.00,0.00,0.00,0.000000,93.0,,,,,,
1776548217.512815,297,93.3,track,ekf,,620,536,-0.015285,0.134126,0.533457,0.001064,-0.001689,-0.006696,0.09283467301230193,,0.00,0.00,0.00,0.000000,99.0,,,,,,
1776548217.612011,298,99.2,track,ekf,,620,536,-0.015212,0.133960,0.532795,0.000912,-0.001686,-0.006698,0.10089113679888514,,0.00,0.00,0.00,0.000000,91.8,,,,,,
1776548217.703990,299,92.0,track,ekf,,620,536,-0.015184,0.133805,0.532178,0.000641,-0.001686,-0.006705,0.10888854584908401,,0.00,0.00,0.00,0.000000,96.8,,,,,,
1776548217.800952,300,97.0,track,ekf,,620,536,-0.015443,0.136063,0.541169,0.000209,0.000245,0.001027,0.07777237874258305,0.5485756053546791,0.00,0.00,0.00,0.000000,129.4,,,,,,
1776548217.930632,301,129.7,track,ekf,,620,536,-0.015455,0.136097,0.541300,0.000044,0.000258,0.001019,0.08656498669167878,,0.00,0.00,0.00,0.000000,96.5,,,,,,
1776548218.027440,302,96.8,track,ekf,,620,536,-0.015464,0.136123,0.541398,-0.000016,0.000260,0.001017,0.09386128516112095,,0.00,0.00,0.00,0.000000,95.6,,,,,,
1776548218.123271,303,95.8,track,ekf,,620,536,-0.015470,0.136148,0.541496,-0.000036,0.000259,0.001016,0.10169415527605868,,0.00,0.00,0.00,0.000000,96.2,,,,,,
1776548218.219698,304,96.4,detect,ekf,,620,536,-0.015474,0.136172,0.541594,-0.000039,0.000258,0.001017,0.11013039733626225,,0.00,0.00,0.00,0.000000,255.9,,,,,,
1776548218.476088,305,256.4,track,ekf,,620,536,-0.015609,0.137358,0.546316,-0.000129,0.001096,0.004370,0.08214051057625137,0.5489301747110897,0.00,0.00,0.00,0.000000,126.5,,,,,,
1776548218.602885,306,126.8,track,ekf,,620,536,-0.015625,0.137498,0.546870,-0.000126,0.001101,0.004369,0.09059920720094529,,0.00,0.00,0.00,0.000000,96.0,,,,,,
1776548218.699290,307,96.4,track,ekf,,620,536,-0.015637,0.137605,0.547291,-0.000125,0.001101,0.004369,0.09779198176711766,,0.00,0.00,0.00,0.000000,96.5,,,,,,
1776548218.796125,308,96.8,track,ekf,,620,536,-0.015649,0.137711,0.547714,-0.000125,0.001100,0.004369,0.10564533289946408,,0.00,0.00,0.00,0.000000,97.2,,,,,,
1776548218.893658,309,97.5,track,ekf,,620,536,-0.015661,0.137818,0.548140,-0.000125,0.001100,0.004370,0.1141331274318065,,0.00,0.00,0.00,0.000000,96.6,,,,,,
1776548218.990522,310,96.9,track,ekf,,620,536,-0.015461,0.136058,0.541131,0.000038,-0.000330,-0.001357,0.07922919221505265,0.5359002363084496,0.00,0.00,0.00,0.000000,128.7,,,,,,
1776548219.119426,311,128.9,track,ekf,,620,536,-0.015456,0.136013,0.540956,0.000039,-0.000342,-0.001354,0.08780171155334546,,0.00,0.00,0.00,0.000000,95.6,,,,,,
1776548219.215414,312,96.0,track,ekf,,620,536,-0.015452,0.135979,0.540826,0.000039,-0.000344,-0.001354,0.09494172287605393,,0.00,0.00,0.00,0.000000,95.1,,,,,,
1776548219.310745,313,95.3,track,ekf,,620,536,-0.015448,0.135947,0.540697,0.000039,-0.000343,-0.001354,0.10265820069339884,,0.00,0.00,0.00,0.000000,94.2,,,,,,
1776548219.405174,314,94.4,track,ekf,,620,536,-0.015445,0.135914,0.540569,0.000039,-0.000342,-0.001354,0.11085581873596587,,0.00,0.00,0.00,0.000000,96.6,,,,,,
1776548219.502045,315,96.9,track,ekf,,620,536,-0.015344,0.135026,0.537031,0.000115,-0.001013,-0.004046,0.07832971525139962,0.5344999619740536,0.00,0.00,0.00,0.000000,129.9,,,,,,
1776548219.632168,316,130.1,track,ekf,,620,536,-0.015329,0.134893,0.536505,0.000116,-0.001018,-0.004045,0.08709544563468843,,0.00,0.00,0.00,0.000000,99.9,,,,,,
1776548219.732337,317,100.2,track,ekf,,620,536,-0.015317,0.134791,0.536100,0.000116,-0.001018,-0.004044,0.09464269941069918,,0.00,0.00,0.00,0.000000,97.1,,,,,,
1776548219.829711,318,97.4,track,ekf,,620,536,-0.015306,0.134692,0.535706,0.000116,-0.001018,-0.004045,0.10262421846096376,,0.00,0.00,0.00,0.000000,96.2,,,,,,
1776548219.926170,319,96.5,track,ekf,,620,536,-0.015295,0.134594,0.535316,0.000116,-0.001018,-0.004045,0.11109894464081374,,0.00,0.00,0.00,0.000000,99.0,,,,,,
1776548220.025447,320,99.3,track,ekf,,620,536,-0.015462,0.136061,0.541160,-0.000025,0.000223,0.000921,0.07848610476267413,0.5457557498268616,0.00,0.00,0.00,0.000000,131.9,,,,,,
1776548220.157600,321,132.2,track,ekf,,620,536,-0.015465,0.136093,0.541281,-0.000026,0.000232,0.000919,0.08746125290265659,,0.00,0.00,0.00,0.000000,97.5,,,,,,
1776548220.255409,322,97.8,track,ekf,,620,536,-0.015468,0.136116,0.541371,-0.000027,0.000234,0.000918,0.09486403028794642,,0.00,0.00,0.00,0.000000,95.2,,,,,,
1776548220.350927,323,95.5,track,ekf,,620,536,-0.015470,0.136138,0.541458,-0.000026,0.000233,0.000918,0.10270738538958814,,0.00,0.00,0.00,0.000000,94.6,,,,,,
1776548220.445807,324,94.9,track,ekf,,620,536,-0.015473,0.136160,0.541545,-0.000026,0.000232,0.000918,0.11104255725628,,0.00,0.00,0.00,0.000000,100.5,,,,,,
1776548220.546651,325,100.8,track,ekf,,620,536,-0.015335,0.134951,0.536731,0.000084,-0.000741,-0.002979,0.07851381150701316,0.5331247366248585,0.00,0.00,0.00,0.000000,129.5,,,,,,
1776548220.676494,326,129.8,track,ekf,,620,536,-0.015324,0.134853,0.536345,0.000085,-0.000749,-0.002977,0.08730343174684535,,0.00,0.00,0.00,0.000000,99.1,,,,,,
1776548220.776066,327,99.6,track,ekf,,620,536,-0.015316,0.134778,0.536048,0.000085,-0.000751,-0.002977,0.09482053188407044,,0.00,0.00,0.00,0.000000,99.8,,,,,,
1776548220.876196,328,100.1,track,ekf,,620,536,-0.015307,0.134703,0.535750,0.000085,-0.000750,-0.002977,0.1030399725601361,,0.00,0.00,0.00,0.000000,98.4,,,,,,
1776548220.974950,329,98.8,track,ekf,,620,536,-0.015299,0.134629,0.535456,0.000085,-0.000749,-0.002977,0.11173068314909283,,0.00,0.00,0.00,0.000000,98.1,,,,,,
1776548221.073388,330,98.4,track,ekf,,620,536,-0.015253,0.134230,0.533868,0.000114,-0.001005,-0.004002,0.07864027196522852,0.5329237344689712,0.00,0.00,0.00,0.000000,129.1,,,,,,
1776548221.202694,331,129.3,track,ekf,,620,536,-0.015239,0.134100,0.533351,0.000114,-0.001007,-0.004002,0.08738061633433153,,0.00,0.00,0.00,0.000000,95.8,,,,,,
1776548221.298754,332,96.1,track,ekf,,620,536,-0.015228,0.134003,0.532966,0.000114,-0.001007,-0.004002,0.09460579150745392,,0.00,0.00,0.00,0.000000,95.5,,,,,,
1776548221.394518,333,95.8,track,ekf,,620,536,-0.015217,0.133907,0.532583,0.000114,-0.001007,-0.004002,0.1024197057627923,,0.00,0.00,0.00,0.000000,98.1,,,,,,
1776548221.492893,334,98.4,detect,ekf,,619,536,-0.015771,0.133804,0.532173,-0.002552,-0.001020,-0.004075,0.11102111005267884,,0.00,0.00,0.00,0.000000,268.4,,,,,,
1776548221.761704,335,268.8,track,ekf,,619,536,-0.016250,0.135776,0.540028,-0.001473,0.000647,0.002602,0.08260881324148804,0.5450548775565541,0.00,0.00,0.00,0.000000,128.0,,,,,,
1776548221.889963,336,128.3,track,ekf,,620,536,-0.015618,0.135852,0.540325,0.002398,0.000670,0.002677,0.09113547306808172,,0.00,0.00,0.00,0.000000,98.1,,,,,,
1776548221.988409,337,98.4,track,ekf,,620,536,-0.015431,0.135922,0.540600,0.002155,0.000677,0.002679,0.09845325212593965,,0.00,0.00,0.00,0.000000,99.3,,,,,,
1776548222.087927,338,99.5,track,ekf,,620,536,-0.015395,0.135990,0.540869,0.001299,0.000674,0.002662,0.10653597023440935,,0.00,0.00,0.00,0.000000,97.6,,,,,,
1776548222.185804,339,97.9,track,ekf,,620,536,-0.015411,0.136051,0.541109,0.000625,0.000666,0.002634,0.11507271689920122,,0.00,0.00,0.00,0.000000,95.1,,,,,,
1776548222.281112,340,95.3,track,ekf,,620,536,-0.015513,0.136796,0.544078,0.000167,0.001183,0.004712,0.07943842360377314,0.5459747828137351,0.00,0.00,0.00,0.000000,125.2,,,,,,
1776548222.406528,341,125.4,track,ekf,,620,536,-0.015547,0.136944,0.544665,-0.000066,0.001184,0.004705,0.08775969510726404,,0.00,0.00,0.00,0.000000,97.4,,,,,,
1776548222.504190,342,97.7,track,ekf,,620,536,-0.015569,0.137060,0.545124,-0.000141,0.001184,0.004702,0.09501017008409289,,0.00,0.00,0.00,0.000000,97.6,,,,,,
1776548222.602016,343,97.8,track,ekf,,620,536,-0.015587,0.137175,0.545584,-0.000158,0.001183,0.004702,0.10293003150081187,,0.00,0.00,0.00,0.000000,98.3,,,,,,
1776548222.700711,344,98.7,track,ekf,,620,536,-0.015602,0.137292,0.546048,-0.000154,0.001183,0.004702,0.11152160533202528,,0.00,0.00,0.00,0.000000,97.6,,,,,,
1776548222.798550,345,97.8,track,ekf,,620,536,-0.015497,0.136367,0.542366,-0.000053,0.000367,0.001438,0.07855201570911059,0.5393281191968652,0.00,0.00,0.00,0.000000,128.3,,,,,,
1776548222.927142,346,128.6,track,ekf,,620,536,-0.015502,0.136413,0.542551,-0.000046,0.000361,0.001440,0.08721215180351483,,0.00,0.00,0.00,0.000000,95.2,,,,,,
1776548223.022716,347,95.6,track,ekf,,620,536,-0.015506,0.136448,0.542689,-0.000043,0.000360,0.001440,0.09439383924406584,,0.00,0.00,0.00,0.000000,99.0,,,,,,
1776548223.121921,348,99.2,track,ekf,,620,536,-0.015510,0.136483,0.542831,-0.000041,0.000360,0.001440,0.10250702165875829,,0.00,0.00,0.00,0.000000,97.9,,,,,,
1776548223.220072,349,98.2,track,ekf,,620,536,-0.015514,0.136519,0.542973,-0.000041,0.000361,0.001440,0.11112226994478992,,0.00,0.00,0.00,0.000000,95.0,,,,,,
1776548223.315310,350,95.2,track,ekf,,620,536,-0.015393,0.135461,0.538761,0.000057,-0.000502,-0.002021,0.07838684839468776,0.5355410898949425,0.00,0.00,0.00,0.000000,125.6,,,,,,
1776548223.441415,351,126.1,track,ekf,,620,536,-0.015386,0.135396,0.538507,0.000058,-0.000509,-0.002020,0.08691869079941678,,0.00,0.00,0.00,0.000000,97.8,,,,,,
1776548223.539468,352,98.1,track,ekf,,620,536,-0.015380,0.135346,0.538309,0.000058,-0.000510,-0.002020,0.09430894590514527,,0.00,0.00,0.00,0.000000,98.4,,,,,,
1776548223.638071,353,98.6,track,ekf,,620,536,-0.015375,0.135296,0.538109,0.000058,-0.000509,-0.002020,0.10238814433529884,,0.00,0.00,0.00,0.000000,97.1,,,,,,
1776548223.735580,354,97.5,track,ekf,,620,536,-0.015369,0.135247,0.537913,0.000058,-0.000509,-0.002020,0.11095300715200355,,0.00,0.00,0.00,0.000000,99.4,,,,,,
1776548223.835367,355,99.8,track,ekf,,620,536,-0.015591,0.137201,0.545693,-0.000122,0.001077,0.004331,0.0784600958426349,0.5515775445357183,0.00,0.00,0.00,0.000000,128.7,,,,,,
1776548223.964289,356,128.9,track,ekf,,620,536,-0.015607,0.137342,0.546251,-0.000124,0.001089,0.004328,0.0871997740967986,,0.00,0.00,0.00,0.000000,96.9,,,,,,
1776548224.061401,357,97.1,track,ekf,,620,536,-0.015619,0.137449,0.546671,-0.000124,0.001092,0.004327,0.09452363855966821,,0.00,0.00,0.00,0.000000,97.2,,,,,,
1776548224.159017,358,97.6,track,ekf,,620,536,-0.015631,0.137555,0.547093,-0.000124,0.001091,0.004327,0.1025169864951176,,0.00,0.00,0.00,0.000000,96.7,,,,,,
1776548224.255989,359,97.0,track,ekf,,620,536,-0.015643,0.137661,0.547513,-0.000124,0.001090,0.004328,0.11102249354608207,,0.00,0.00,0.00,0.000000,95.5,,,,,,
1776548224.351758,360,95.8,track,ekf,,620,536,-0.015601,0.137288,0.546029,-0.000081,0.000712,0.002819,0.07837148435406455,0.5446217492565232,0.00,0.00,0.00,0.000000,124.9,,,,,,
1776548224.476877,361,125.1,track,ekf,,620,536,-0.015611,0.137376,0.546382,-0.000081,0.000709,0.002820,0.08681422132138966,,0.00,0.00,0.00,0.000000,97.4,,,,,,
1776548224.574770,362,97.9,track,ekf,,620,536,-0.015619,0.137446,0.546658,-0.000080,0.000708,0.002820,0.09416307165123843,,0.00,0.00,0.00,0.000000,96.2,,,,,,
1776548224.671235,363,96.5,track,ekf,,620,536,-0.015627,0.137514,0.546930,-0.000080,0.000708,0.002820,0.10202629840050967,,0.00,0.00,0.00,0.000000,98.6,,,,,,
1776548224.770110,364,98.9,detect,ekf,,620,536,-0.015635,0.137584,0.547209,-0.000081,0.000709,0.002820,0.11066749661718488,,0.00,0.00,0.00,0.000000,245.3,,,,,,
1776548225.015612,365,245.5,track,ekf,,620,536,-0.015408,0.135594,0.539283,0.000104,-0.000914,-0.003665,0.08201569025323174,0.5341886111325301,0.00,0.00,0.00,0.000000,128.8,,,,,,
1776548225.144692,366,129.1,track,ekf,,620,536,-0.015395,0.135473,0.538810,0.000105,-0.000926,-0.003662,0.09062662831697224,,0.00,0.00,0.00,0.000000,95.4,,,,,,
1776548225.240378,367,95.7,track,ekf,,620,536,-0.015385,0.135384,0.538460,0.000105,-0.000926,-0.003662,0.09777493354199687,,0.00,0.00,0.00,0.000000,95.5,,,,,,
1776548225.336108,368,95.7,track,ekf,,620,536,-0.015375,0.135296,0.538109,0.000105,-0.000925,-0.003662,0.10554439072229085,,0.00,0.00,0.00,0.000000,95.0,,,,,,
1776548225.431380,369,95.3,track,ekf,,620,536,-0.015365,0.135208,0.537760,0.000105,-0.000923,-0.003663,0.11383235869241748,,0.00,0.00,0.00,0.000000,96.7,,,,,,
1776548225.528309,370,96.9,track,ekf,,620,536,-0.015564,0.136961,0.544740,-0.000056,0.000492,0.001998,0.07914350005421365,0.5499262532942529,0.00,0.00,0.00,0.000000,128.8,,,,,,
1776548225.657387,371,129.1,track,ekf,,620,536,-0.015571,0.137027,0.544997,-0.000057,0.000503,0.001996,0.0877432121388222,,0.00,0.00,0.00,0.000000,98.1,,,,,,
1776548225.755711,372,98.3,track,ekf,,620,536,-0.015577,0.137077,0.545193,-0.000057,0.000505,0.001995,0.09507272595085664,,0.00,0.00,0.00,0.000000,96.9,,,,,,
1776548225.852983,373,97.3,track,ekf,,620,536,-0.015583,0.137126,0.545388,-0.000057,0.000504,0.001995,0.10297150754858242,,0.00,0.00,0.00,0.000000,98.7,,,,,,
1776548225.952047,374,99.1,track,ekf,,620,536,-0.015588,0.137176,0.545585,-0.000057,0.000503,0.001995,0.11161477748793516,,0.00,0.00,0.00,0.000000,96.6,,,,,,
1776548226.048939,375,96.9,track,ekf,,620,536,-0.015492,0.136332,0.542225,0.000022,-0.000197,-0.000807,0.07855620046256213,0.5396201354396234,0.00,0.00,0.00,0.000000,128.3,,,,,,
1776548226.177545,376,128.6,track,ekf,,620,536,-0.015489,0.136305,0.542122,0.000023,-0.000203,-0.000806,0.08722139228819067,,0.00,0.00,0.00,0.000000,96.1,,,,,,
1776548226.273921,377,96.4,track,ekf,,620,536,-0.015487,0.136285,0.542044,0.000023,-0.000204,-0.000806,0.09446477076179237,,0.00,0.00,0.00,0.000000,97.0,,,,,,
1776548226.371165,378,97.2,track,ekf,,620,536,-0.015485,0.136266,0.541966,0.000023,-0.000204,-0.000806,0.10241064813412454,,0.00,0.00,0.00,0.000000,96.0,,,,,,
1776548226.467543,379,96.4,track,ekf,,620,536,-0.015483,0.136246,0.541888,0.000023,-0.000203,-0.000806,0.1108530003912173,,0.00,0.00,0.00,0.000000,98.3,,,,,,
1776548226.566106,380,98.6,track,ekf,,620,536,-0.015651,0.137726,0.547780,-0.000112,0.000982,0.003942,0.07839548763022154,0.5521998578624054,0.00,0.00,0.00,0.000000,129.0,,,,,,
1776548226.695318,381,129.2,track,ekf,,620,536,-0.015665,0.137855,0.548289,-0.000113,0.000991,0.003939,0.08714838712594096,,0.00,0.00,0.00,0.000000,97.0,,,,,,
1776548226.792860,382,97.5,track,ekf,,620,536,-0.015676,0.137952,0.548673,-0.000113,0.000993,0.003939,0.09450741114248143,,0.00,0.00,0.00,0.000000,97.0,,,,,,
1776548226.890077,383,97.2,track,ekf,,620,536,-0.015687,0.138048,0.549056,-0.000113,0.000993,0.003939,0.1024737251470863,,0.00,0.00,0.00,0.000000,98.9,,,,,,
1776548226.989253,384,99.2,track,ekf,,620,536,-0.015698,0.138147,0.549447,-0.000113,0.000992,0.003939,0.11118723407877094,,0.00,0.00,0.00,0.000000,97.6,,,,,,
1776548227.087062,385,97.8,track,ekf,,620,536,-0.015496,0.136364,0.542349,0.000056,-0.000494,-0.002008,0.07847858907626186,0.5368365912314382,0.00,0.00,0.00,0.000000,130.0,,,,,,
1776548227.217383,386,130.3,track,ekf,,620,536,-0.015488,0.136297,0.542088,0.000057,-0.000505,-0.002005,0.08730464785828987,,0.00,0.00,0.00,0.000000,96.3,,,,,,
1776548227.313982,387,96.6,track,ekf,,620,536,-0.015483,0.136248,0.541894,0.000058,-0.000507,-0.002005,0.09458977469440452,,0.00,0.00,0.00,0.000000,95.0,,,,,,
1776548227.409284,388,95.3,track,ekf,,620,536,-0.015477,0.136200,0.541703,0.000058,-0.000507,-0.002005,0.10238557312927378,,0.00,0.00,0.00,0.000000,98.3,,,,,,
1776548227.508003,389,98.7,track,ekf,,620,536,-0.015472,0.136150,0.541505,0.000057,-0.000506,-0.002005,0.11103777073772782,,0.00,0.00,0.00,0.000000,96.5,,,,,,
1776548227.604696,390,96.7,track,ekf,,620,536,-0.015373,0.135278,0.538035,0.000131,-0.001155,-0.004608,0.07839621190639424,0.5356095515732106,0.00,0.00,0.00,0.000000,130.8,,,,,,
1776548227.735691,391,131.0,track,ekf,,620,536,-0.015355,0.135126,0.537431,0.000132,-0.001159,-0.004607,0.08725844208436831,,0.00,0.00,0.00,0.000000,97.7,,,,,,
1776548227.833680,392,98.0,track,ekf,,620,536,-0.015342,0.135012,0.536980,0.000132,-0.001160,-0.004606,0.09464535392514833,,0.00,0.00,0.00,0.000000,97.0,,,,,,
1776548227.931062,393,97.4,track,ekf,,620,536,-0.015329,0.134899,0.536531,0.000132,-0.001159,-0.004606,0.10261654224001,,0.00,0.00,0.00,0.000000,99.6,,,,,,
1776548228.030864,394,99.8,detect,ekf,,619,536,-0.015888,0.134780,0.536056,-0.002543,-0.001172,-0.004680,0.11137488382896688,,0.00,0.00,0.00,0.000000,263.3,,,,,,
1776548228.294427,395,263.6,track,ekf,,619,536,-0.016360,0.136697,0.543690,-0.001478,0.000483,0.001949,0.08258976410705693,0.548678353351561,0.00,0.00,0.00,0.000000,126.4,,,,,,
1776548228.421173,396,126.7,track,ekf,,620,536,-0.015725,0.136751,0.543901,0.002390,0.000506,0.002025,0.09101937214511362,,0.00,0.00,0.00,0.000000,96.7,,,,,,
1776548228.518085,397,96.9,track,ekf,,620,536,-0.015533,0.136804,0.544107,0.002193,0.000513,0.002026,0.0982145809202372,,0.00,0.00,0.00,0.000000,99.4,,,,,,
1776548228.617683,398,99.6,track,ekf,,620,536,-0.015493,0.136856,0.544312,0.001343,0.000510,0.002010,0.10629138817065856,,0.00,0.00,0.00,0.000000,96.8,,,,,,
1776548228.714762,399,97.1,track,ekf,,620,536,-0.015506,0.136900,0.544487,0.000665,0.000503,0.001983,0.11474341001916548,,0.00,0.00,0.00,0.000000,97.3,,,,,,
1776548228.812243,400,97.5,track,ekf,,620,536,-0.015428,0.136031,0.541027,0.000322,-0.000201,-0.000828,0.07940493079792231,0.5384949838463382,0.00,0.00,0.00,0.000000,129.3,,,,,,
1776548228.942113,401,129.9,track,ekf,,620,536,-0.015441,0.136003,0.540917,0.000093,-0.000209,-0.000833,0.08803722940753322,,0.00,0.00,0.00,0.000000,97.2,,,,,,
1776548229.039520,402,97.4,track,ekf,,620,536,-0.015447,0.135982,0.540836,0.000021,-0.000211,-0.000834,0.09529087686378211,,0.00,0.00,0.00,0.000000,99.1,,,,,,
1776548229.138842,403,99.3,track,ekf,,620,536,-0.015449,0.135961,0.540753,0.000003,-0.000211,-0.000835,0.10335809762930928,,0.00,0.00,0.00,0.000000,96.6,,,,,,
1776548229.235737,404,96.9,track,ekf,,620,536,-0.015448,0.135940,0.540672,0.000006,-0.000211,-0.000835,0.11181281994372656,,0.00,0.00,0.00,0.000000,95.2,,,,,,
1776548229.331213,405,95.5,track,ekf,,620,536,-0.015526,0.136628,0.543408,-0.000051,0.000344,0.001384,0.0785700127800836,0.5454705852998782,0.00,0.00,0.00,0.000000,127.6,,,,,,
1776548229.459154,406,127.9,track,ekf,,620,536,-0.015531,0.136673,0.543585,-0.000045,0.000348,0.001383,0.08718713567707637,,0.00,0.00,0.00,0.000000,98.4,,,,,,
1776548229.557750,407,98.6,track,ekf,,620,536,-0.015535,0.136707,0.543721,-0.000041,0.000349,0.001383,0.09460267004150263,,0.00,0.00,0.00,0.000000,97.4,,,,,,
1776548229.655539,408,97.8,track,ekf,,620,536,-0.015539,0.136741,0.543857,-0.000040,0.000349,0.001383,0.10260574166881296,,0.00,0.00,0.00,0.000000,97.8,,,,,,
1776548229.753618,409,98.1,track,ekf,,620,536,-0.015543,0.136775,0.543992,-0.000039,0.000348,0.001383,0.11121805655091059,,0.00,0.00,0.00,0.000000,96.2,,,,,,
1776548229.850168,410,96.5,track,ekf,,620,536,-0.015612,0.137383,0.546414,-0.000091,0.000802,0.003202,0.07844993868994629,0.5481014777189593,0.00,0.00,0.00,0.000000,127.9,,,,,,
1776548229.978367,411,128.2,track,ekf,,620,536,-0.015624,0.137487,0.546824,-0.000091,0.000805,0.003201,0.08713480841304755,,0.00,0.00,0.00,0.000000,104.3,,,,,,
1776548230.082907,412,104.5,track,ekf,,620,536,-0.015633,0.137571,0.547159,-0.000091,0.000806,0.003201,0.09505028851833887,,0.00,0.00,0.00,0.000000,97.8,,,,,,
1776548230.180950,413,98.0,track,ekf,,620,536,-0.015642,0.137650,0.547473,-0.000092,0.000806,0.003201,0.10312489934684188,,0.00,0.00,0.00,0.000000,96.0,,,,,,
1776548230.277179,414,96.2,track,ekf,,620,536,-0.015651,0.137728,0.547781,-0.000092,0.000805,0.003201,0.11161218989764048,,0.00,0.00,0.00,0.000000,93.9,,,,,,
1776548230.371420,415,94.2,track,ekf,,620,536,-0.015717,0.138306,0.550082,-0.000137,0.001202,0.004791,0.07850577553313233,0.551551663358318,0.00,0.00,0.00,0.000000,127.0,,,,,,
1776548230.498673,416,127.3,track,ekf,,620,536,-0.015734,0.138459,0.550691,-0.000137,0.001205,0.004790,0.08712155457752381,,0.00,0.00,0.00,0.000000,104.7,,,,,,
1776548230.603649,417,105.0,track,ekf,,620,536,-0.015748,0.138586,0.551194,-0.000137,0.001205,0.004790,0.0950575939090877,,0.00,0.00,0.00,0.000000,97.9,,,,,,
1776548230.701817,418,98.2,track,ekf,,620,536,-0.015762,0.138704,0.551664,-0.000137,0.001205,0.004790,0.10312805016821831,,0.00,0.00,0.00,0.000000,98.3,,,,,,
1776548230.800432,419,98.6,track,ekf,,620,536,-0.015775,0.138823,0.552136,-0.000137,0.001205,0.004790,0.11181633652605166,,0.00,0.00,0.00,0.000000,97.7,,,,,,
1776548230.898378,420,97.9,track,ekf,,620,536,-0.015713,0.138273,0.549947,-0.000077,0.000679,0.002684,0.07866183605287158,0.5480096591796291,0.00,0.00,0.00,0.000000,127.9,,,,,,
1776548231.026677,421,128.3,track,ekf,,620,536,-0.015723,0.138359,0.550291,-0.000077,0.000675,0.002685,0.08733286881864034,,0.00,0.00,0.00,0.000000,97.4,,,,,,
1776548231.124323,422,97.6,track,ekf,,620,536,-0.015730,0.138425,0.550554,-0.000077,0.000674,0.002685,0.09467889867018879,,0.00,0.00,0.00,0.000000,98.9,,,,,,
1776548231.223403,423,99.1,track,ekf,,620,536,-0.015738,0.138492,0.550820,-0.000077,0.000674,0.002685,0.10277945896551549,,0.00,0.00,0.00,0.000000,96.5,,,,,,
1776548231.320127,424,96.7,detect,ekf,,620,536,-0.015745,0.138557,0.551079,-0.000077,0.000675,0.002685,0.11125198640443637,,0.00,0.00,0.00,0.000000,259.1,,,,,,
1776548231.579476,425,259.3,track,ekf,,620,536,-0.015746,0.138569,0.551125,-0.000063,0.000553,0.002200,0.0824724350532247,0.5507511776817461,0.00,0.00,0.00,0.000000,127.7,,,,,,
1776548231.707472,426,128.0,track,ekf,,620,536,-0.015754,0.138639,0.551406,-0.000063,0.000553,0.002200,0.09098383317590941,,0.00,0.00,0.00,0.000000,98.5,,,,,,
1776548231.806238,427,98.8,track,ekf,,620,536,-0.015761,0.138694,0.551623,-0.000063,0.000553,0.002200,0.09835209299475821,,0.00,0.00,0.00,0.000000,99.5,,,,,,
1776548231.905978,428,99.7,track,ekf,,620,536,-0.015767,0.138749,0.551843,-0.000063,0.000553,0.002200,0.10645881334710815,,0.00,0.00,0.00,0.000000,99.1,,,,,,
1776548232.005429,429,99.5,track,ekf,,620,536,-0.015773,0.138804,0.552062,-0.000063,0.000553,0.002200,0.11514512810717852,,0.00,0.00,0.00,0.000000,98.3,,,,,,
1776548232.103939,430,98.5,track,ekf,,620,536,-0.015580,0.137101,0.545280,0.000089,-0.000786,-0.003166,0.07954883869059805,0.5404506632545923,0.00,0.00,0.00,0.000000,130.2,,,,,,
1776548232.234451,431,130.5,track,ekf,,620,536,-0.015568,0.136996,0.544867,0.000091,-0.000797,-0.003163,0.08823063060461672,,0.00,0.00,0.00,0.000000,95.5,,,,,,
1776548232.330347,432,95.9,track,ekf,,620,536,-0.015559,0.136919,0.544564,0.000091,-0.000798,-0.003163,0.09537202900887522,,0.00,0.00,0.00,0.000000,94.1,,,,,,
1776548232.424734,433,94.4,track,ekf,,620,536,-0.015550,0.136844,0.544266,0.000091,-0.000798,-0.003163,0.10301928419000089,,0.00,0.00,0.00,0.000000,97.1,,,,,,
1776548232.522144,434,97.4,track,ekf,,620,536,-0.015542,0.136766,0.543957,0.000091,-0.000797,-0.003163,0.1114926482342046,,0.00,0.00,0.00,0.000000,98.2,,,,,,
1776548232.620672,435,98.5,track,ekf,,620,536,-0.015689,0.138065,0.549128,-0.000032,0.000282,0.001153,0.07855808823650448,0.5531470035442458,0.00,0.00,0.00,0.000000,131.0,,,,,,
1776548232.751966,436,131.3,track,ekf,,620,536,-0.015694,0.138104,0.549279,-0.000033,0.000290,0.001151,0.08741095855881705,,0.00,0.00,0.00,0.000000,95.7,,,,,,
1776548232.847923,437,96.0,track,ekf,,620,536,-0.015697,0.138132,0.549390,-0.000033,0.000292,0.001151,0.09463201518958482,,0.00,0.00,0.00,0.000000,97.8,,,,,,
1776548232.945969,438,98.0,track,ekf,,620,536,-0.015700,0.138161,0.549503,-0.000033,0.000291,0.001151,0.10265729873001474,,0.00,0.00,0.00,0.000000,96.9,,,,,,
1776548233.043169,439,97.2,track,ekf,,620,536,-0.015703,0.138189,0.549615,-0.000033,0.000291,0.001151,0.11119041512831664,,0.00,0.00,0.00,0.000000,98.9,,,,,,
1776548233.142558,440,99.4,track,ekf,,620,536,-0.015609,0.137363,0.546324,0.000044,-0.000385,-0.001554,0.0785210344008869,0.5438220402926708,0.00,0.00,0.00,0.000000,129.0,,,,,,
1776548233.271854,441,129.3,track,ekf,,620,536,-0.015604,0.137311,0.546123,0.000044,-0.000391,-0.001552,0.08728003015263652,,0.00,0.00,0.00,0.000000,95.1,,,,,,
1776548233.367262,442,95.4,track,ekf,,620,536,-0.015599,0.137274,0.545975,0.000045,-0.000392,-0.001552,0.09447570720725847,,0.00,0.00,0.00,0.000000,95.0,,,,,,
1776548233.462534,443,95.3,track,ekf,,620,536,-0.015595,0.137237,0.545827,0.000044,-0.000392,-0.001552,0.10227196355589913,,0.00,0.00,0.00,0.000000,100.1,,,,,,
1776548233.562914,444,100.4,track,ekf,,620,536,-0.015591,0.137197,0.545672,0.000044,-0.000391,-0.001552,0.11108155967406237,,0.00,0.00,0.00,0.000000,97.9,,,,,,
1776548233.661054,445,98.1,track,ekf,,620,536,-0.015632,0.137566,0.547139,0.000008,-0.000069,-0.000265,0.07845426353214677,0.5483331600272633,0.00,0.00,0.00,0.000000,127.0,,,,,,
1776548233.788312,446,127.3,track,ekf,,620,536,-0.015632,0.137558,0.547105,0.000008,-0.000067,-0.000266,0.08706423958264174,,0.00,0.00,0.00,0.000000,98.7,,,,,,
1776548233.887384,447,99.1,track,ekf,,620,536,-0.015631,0.137551,0.547079,0.000008,-0.000066,-0.000266,0.09452992853727966,,0.00,0.00,0.00,0.000000,99.5,,,,,,
1776548233.987211,448,99.8,track,ekf,,620,536,-0.015630,0.137545,0.547052,0.000008,-0.000066,-0.000266,0.1027099491586127,,0.00,0.00,0.00,0.000000,97.5,,,,,,
1776548234.084966,449,97.8,track,ekf,,620,536,-0.015629,0.137538,0.547026,0.000008,-0.000066,-0.000266,0.11129650701151172,,0.00,0.00,0.00,0.000000,97.4,,,,,,
1776548234.182715,450,97.7,track,ekf,,620,536,-0.015525,0.136621,0.543374,0.000089,-0.000785,-0.003144,0.0785041511674618,0.540706506876418,0.00,0.00,0.00,0.000000,126.4,,,,,,
1776548234.309428,451,126.7,track,ekf,,620,536,-0.015514,0.136520,0.542976,0.000090,-0.000791,-0.003142,0.08706063038496534,,0.00,0.00,0.00,0.000000,95.8,,,,,,
1776548234.405438,452,96.0,track,ekf,,620,536,-0.015505,0.136444,0.542674,0.000090,-0.000792,-0.003142,0.09427046814446463,,0.00,0.00,0.00,0.000000,95.7,,,,,,
1776548234.501456,453,96.0,track,ekf,,620,536,-0.015496,0.136368,0.542372,0.000090,-0.000791,-0.003142,0.10209533513546436,,0.00,0.00,0.00,0.000000,97.0,,,,,,
1776548234.598707,454,97.3,detect,ekf,,620,536,-0.015488,0.136291,0.542067,0.000090,-0.000791,-0.003142,0.11058637989225692,,0.00,0.00,0.00,0.000000,262.6,,,,,,
1776548234.861639,455,262.9,track,ekf,,620,536,-0.015493,0.136340,0.542262,0.000068,-0.000599,-0.002379,0.08238421067981298,0.542851787407428,0.00,0.00,0.00,0.000000,132.0,,,,,,
1776548234.993935,456,132.3,track,ekf,,620,536,-0.015484,0.136261,0.541948,0.000068,-0.000598,-0.002379,0.09121056934037536,,0.00,0.00,0.00,0.000000,97.9,,,,,,
1776548235.092361,457,98.4,track,ekf,,620,536,-0.015478,0.136202,0.541713,0.000068,-0.000598,-0.002379,0.09858069700774916,,0.00,0.00,0.00,0.000000,97.3,,,,,,
1776548235.189901,458,97.5,track,ekf,,620,536,-0.015471,0.136144,0.541481,0.000068,-0.000598,-0.002379,0.10652691291115342,,0.00,0.00,0.00,0.000000,95.5,,,,,,
1776548235.285585,459,95.7,track,ekf,,620,536,-0.015464,0.136087,0.541254,0.000068,-0.000598,-0.002379,0.11488576796496767,,0.00,0.00,0.00,0.000000,96.2,,,,,,
1776548235.382104,460,96.5,track,ekf,,620,536,-0.015574,0.137050,0.545090,-0.000021,0.000182,0.000744,0.07942287858771756,0.5479164536532999,0.00,0.00,0.00,0.000000,124.3,,,,,,
1776548235.506691,461,124.6,track,ekf,,620,536,-0.015577,0.137074,0.545182,-0.000021,0.000187,0.000743,0.08769355451221142,,0.00,0.00,0.00,0.000000,98.6,,,,,,
1776548235.605539,462,98.8,track,ekf,,620,536,-0.015579,0.137093,0.545256,-0.000021,0.000188,0.000742,0.09503586220995756,,0.00,0.00,0.00,0.000000,98.4,,,,,,
1776548235.704164,463,98.6,track,ekf,,620,536,-0.015581,0.137111,0.545329,-0.000021,0.000188,0.000742,0.1030270389593541,,0.00,0.00,0.00,0.000000,99.4,,,,,,
1776548235.804901,464,100.7,track,ekf,,620,536,-0.015583,0.137130,0.545404,-0.000021,0.000188,0.000743,0.11180985314764008,,0.00,0.00,0.00,0.000000,96.8,,,,,,
1776548235.901971,465,97.1,track,ekf,,620,536,-0.015581,0.137110,0.545322,-0.000018,0.000157,0.000621,0.07861416993895813,0.5452089440723971,0.00,0.00,0.00,0.000000,130.5,,,,,,
1776548236.032764,466,130.8,track,ekf,,620,536,-0.015583,0.137130,0.545403,-0.000018,0.000156,0.000621,0.08743494280313382,,0.00,0.00,0.00,0.000000,97.9,,,,,,
1776548236.131003,467,98.2,track,ekf,,620,536,-0.015585,0.137145,0.545464,-0.000018,0.000156,0.000621,0.0948373998043108,,0.00,0.00,0.00,0.000000,98.9,,,,,,
1776548236.230298,468,99.3,track,ekf,,620,536,-0.015586,0.137161,0.545526,-0.000018,0.000156,0.000621,0.10298166254111782,,0.00,0.00,0.00,0.000000,96.8,,,,,,
1776548236.327274,469,97.0,track,ekf,,620,536,-0.015588,0.137176,0.545586,-0.000018,0.000156,0.000621,0.11151190745084609,,0.00,0.00,0.00,0.000000,96.4,,,,,,
1776548236.423906,470,96.6,track,ekf,,620,536,-0.015692,0.138088,0.549217,-0.000098,0.000864,0.003457,0.07853731734798869,0.5518379929543804,0.00,0.00,0.00,0.000000,127.4,,,,,,
1776548236.551594,471,127.7,track,ekf,,620,536,-0.015704,0.138199,0.549658,-0.000099,0.000869,0.003456,0.08718371626209184,,0.00,0.00,0.00,0.000000,96.7,,,,,,
1776548236.648570,472,97.0,track,ekf,,620,536,-0.015714,0.138284,0.549993,-0.000099,0.000870,0.003455,0.09449338156520311,,0.00,0.00,0.00,0.000000,96.4,,,,,,
1776548236.745339,473,96.8,track,ekf,,620,536,-0.015724,0.138368,0.550328,-0.000099,0.000870,0.003455,0.10241479078300926,,0.00,0.00,0.00,0.000000,97.5,,,,,,
1776548236.843074,474,97.7,track,ekf,,620,536,-0.015733,0.138453,0.550665,-0.000099,0.000870,0.003455,0.11098931063753312,,0.00,0.00,0.00,0.000000,98.7,,,,,,
1776548236.942232,475,99.2,track,ekf,,620,536,-0.015611,0.137374,0.546368,0.000006,-0.000051,-0.000232,0.07845721291403297,0.5429458251259566,0.00,0.00,0.00,0.000000,129.3,,,,,,
1776548237.071818,476,129.6,track,ekf,,620,536,-0.015610,0.137366,0.546339,0.000007,-0.000059,-0.000230,0.08722949839717543,,0.00,0.00,0.00,0.000000,97.6,,,,,,
1776548237.169761,477,97.9,track,ekf,,620,536,-0.015609,0.137360,0.546316,0.000007,-0.000060,-0.000230,0.09461669819563794,,0.00,0.00,0.00,0.000000,94.9,,,,,,
1776548237.265037,478,95.3,track,ekf,,620,536,-0.015608,0.137354,0.546294,0.000007,-0.000060,-0.000230,0.10241378900147863,,0.00,0.00,0.00,0.000000,95.9,,,,,,
1776548237.361306,479,96.3,track,ekf,,620,536,-0.015608,0.137348,0.546272,0.000007,-0.000059,-0.000230,0.11084803092198808,,0.00,0.00,0.00,0.000000,95.1,,,,,,
1776548237.456664,480,95.4,track,ekf,,620,536,-0.015351,0.135086,0.537262,0.000209,-0.001842,-0.007377,0.07830804803503978,0.5305748442465158,0.00,0.00,0.00,0.000000,130.7,,,,,,
1776548237.587653,481,131.0,track,ekf,,620,536,-0.015323,0.134841,0.536297,0.000211,-0.001856,-0.007374,0.0871691837936733,,0.00,0.00,0.00,0.000000,97.8,,,,,,
1776548237.685678,482,98.0,track,ekf,,620,536,-0.015302,0.134659,0.535574,0.000211,-0.001858,-0.007374,0.09456061081964828,,0.00,0.00,0.00,0.000000,99.7,,,,,,
1776548237.785652,483,100.0,track,ekf,,620,536,-0.015281,0.134473,0.534837,0.000211,-0.001857,-0.007374,0.10275529918639756,,0.00,0.00,0.00,0.000000,98.1,,,,,,
1776548237.884005,484,98.4,detect,ekf,,619,536,-0.015828,0.134287,0.534096,-0.002463,-0.001869,-0.007447,0.11139713869392874,,0.00,0.00,0.00,0.000000,260.3,,,,,,
1776548238.144602,485,260.6,track,ekf,,620,536,-0.015606,0.136206,0.541741,0.000523,-0.000069,-0.000234,0.08253086835414476,0.5470734429553404,0.00,0.00,0.00,0.000000,128.3,,,,,,
1776548238.273174,486,128.6,track,ekf,,620,536,-0.015488,0.136198,0.541701,0.000757,-0.000054,-0.000238,0.09108110680846822,,0.00,0.00,0.00,0.000000,98.1,,,,,,
1776548238.371508,487,98.3,track,ekf,,620,536,-0.015462,0.136193,0.541678,0.000519,-0.000054,-0.000244,0.09842387068146312,,0.00,0.00,0.00,0.000000,97.1,,,,,,
1776548238.468863,488,97.4,track,ekf,,620,536,-0.015459,0.136186,0.541650,0.000286,-0.000058,-0.000251,0.1063323410727882,,0.00,0.00,0.00,0.000000,96.4,,,,,,
1776548238.565487,489,96.6,track,ekf,,620,536,-0.015464,0.136180,0.541622,0.000135,-0.000062,-0.000256,0.11475361927909335,,0.00,0.00,0.00,0.000000,97.5,,,,,,
1776548238.663198,490,97.7,track,ekf,,620,536,-0.015358,0.135200,0.537723,0.000136,-0.000806,-0.003231,0.07941436445900973,0.5350293471718114,0.00,0.00,0.00,0.000000,127.9,,,,,,
1776548238.791449,491,128.3,track,ekf,,620,536,-0.015349,0.135095,0.537309,0.000098,-0.000813,-0.003231,0.08793375287101414,,0.00,0.00,0.00,0.000000,97.6,,,,,,
1776548238.889355,492,97.9,track,ekf,,620,536,-0.015342,0.135015,0.536992,0.000088,-0.000814,-0.003231,0.09521842680950715,,0.00,0.00,0.00,0.000000,96.9,,,,,,
1776548238.986561,493,97.2,track,ekf,,620,536,-0.015334,0.134936,0.536678,0.000087,-0.000814,-0.003231,0.10310055438592308,,0.00,0.00,0.00,0.000000,97.9,,,,,,
1776548239.084709,494,98.1,track,ekf,,620,536,-0.015325,0.134856,0.536361,0.000089,-0.000813,-0.003231,0.11165207164562978,,0.00,0.00,0.00,0.000000,96.6,,,,,,
1776548239.181543,495,96.8,track,ekf,,620,536,-0.015455,0.136002,0.540924,-0.000019,0.000146,0.000610,0.07855695006438373,0.5444974752214176,0.00,0.00,0.00,0.000000,128.0,,,,,,
1776548239.309858,496,128.3,track,ekf,,620,536,-0.015457,0.136023,0.541002,-0.000018,0.000154,0.000609,0.08719946031247788,,0.00,0.00,0.00,0.000000,96.2,,,,,,
1776548239.406451,497,96.6,track,ekf,,620,536,-0.015459,0.136038,0.541061,-0.000018,0.000155,0.000608,0.09445738329436099,,0.00,0.00,0.00,0.000000,97.1,,,,,,
1776548239.503767,498,97.3,track,ekf,,620,536,-0.015461,0.136053,0.541120,-0.000018,0.000155,0.000608,0.10240974986174729,,0.00,0.00,0.00,0.000000,98.1,,,,,,
1776548239.602188,499,98.4,track,ekf,,620,536,-0.015462,0.136068,0.541180,-0.000017,0.000154,0.000609,0.11104003467044536,,0.00,0.00,0.00,0.000000,97.5,,,,,,
1776548239.699970,500,97.8,track,ekf,,620,536,-0.015458,0.136027,0.541014,-0.000012,0.000109,0.000429,0.07842958461942875,0.5408473970157709,0.00,0.00,0.00,0.000000,127.4,,,,,,
1776548239.827592,501,127.6,track,ekf,,620,536,-0.015459,0.136040,0.541069,-0.000012,0.000108,0.000429,0.08706903490363996,,0.00,0.00,0.00,0.000000,98.4,,,,,,
1776548239.926215,502,98.6,track,ekf,,620,536,-0.015460,0.136051,0.541111,-0.000012,0.000108,0.000429,0.09451014305494797,,0.00,0.00,0.00,0.000000,98.1,,,,,,
1776548240.024572,503,98.4,track,ekf,,620,536,-0.015462,0.136061,0.541154,-0.000012,0.000108,0.000429,0.102576641520787,,0.00,0.00,0.00,0.000000,96.9,,,,,,
1776548240.121837,504,97.3,track,ekf,,620,536,-0.015463,0.136072,0.541195,-0.000012,0.000108,0.000429,0.11112568416395058,,0.00,0.00,0.00,0.000000,97.6,,,,,,
1776548240.219665,505,97.8,track,ekf,,620,536,-0.015313,0.134752,0.535938,0.000107,-0.000944,-0.003785,0.07845795754338161,0.5320312638146293,0.00,0.00,0.00,0.000000,126.7,,,,,,
1776548240.346589,506,126.9,track,ekf,,620,536,-0.015299,0.134630,0.535458,0.000108,-0.000952,-0.003783,0.08704262095822551,,0.00,0.00,0.00,0.000000,95.8,,,,,,
1776548240.442762,507,96.2,track,ekf,,620,536,-0.015288,0.134538,0.535095,0.000108,-0.000953,-0.003782,0.09427913876908589,,0.00,0.00,0.00,0.000000,97.5,,,,,,
1776548240.540483,508,97.7,track,ekf,,620,536,-0.015278,0.134445,0.534725,0.000108,-0.000953,-0.003782,0.10226384356793873,,0.00,0.00,0.00,0.000000,98.2,,,,,,
1776548240.639009,509,98.5,track,ekf,,620,536,-0.015267,0.134351,0.534352,0.000108,-0.000952,-0.003783,0.11089438400707878,,0.00,0.00,0.00,0.000000,97.7,,,,,,
1776548240.736926,510,97.9,track,ekf,,620,536,-0.015378,0.135327,0.538239,0.000012,-0.000107,-0.000400,0.07838478623665356,0.5413913455770176,0.00,0.00,0.00,0.000000,133.9,,,,,,
1776548240.871145,511,134.2,track,ekf,,620,536,-0.015377,0.135315,0.538185,0.000011,-0.000100,-0.000402,0.08748746394389655,,0.00,0.00,0.00,0.000000,97.5,,,,,,
1776548240.968992,512,97.8,track,ekf,,620,536,-0.015376,0.135305,0.538146,0.000011,-0.000099,-0.000402,0.09488307726454245,,0.00,0.00,0.00,0.000000,96.8,,,,,,
1776548241.066124,513,97.1,track,ekf,,620,536,-0.015374,0.135295,0.538107,0.000011,-0.000100,-0.000402,0.10285131106519019,,0.00,0.00,0.00,0.000000,97.9,,,,,,
1776548241.164394,514,98.3,detect,ekf,,619,536,-0.015944,0.135282,0.538051,-0.002672,-0.000113,-0.000476,0.11148648009909687,,0.00,0.00,0.00,0.000000,258.6,,,,,,
1776548241.423156,515,258.8,track,ekf,,620,536,-0.015441,0.134937,0.536679,0.000613,-0.000339,-0.001342,0.0825130501178751,0.5358251725720667,0.00,0.00,0.00,0.000000,130.3,,,,,,
1776548241.553678,516,130.5,track,ekf,,620,536,-0.015334,0.134891,0.536499,0.000735,-0.000338,-0.001342,0.09119428643724611,,0.00,0.00,0.00,0.000000,97.4,,,,,,
1776548241.651389,517,97.7,track,ekf,,620,536,-0.015310,0.134858,0.536368,0.000498,-0.000339,-0.001348,0.09849806817732763,,0.00,0.00,0.00,0.000000,96.9,,,,,,
1776548241.748631,518,97.2,track,ekf,,620,536,-0.015306,0.134824,0.536233,0.000282,-0.000340,-0.001355,0.10640333495117436,,0.00,0.00,0.00,0.000000,98.4,,,,,,
1776548241.847307,519,98.7,track,ekf,,620,536,-0.015307,0.134790,0.536096,0.000146,-0.000342,-0.001360,0.11501517133158985,,0.00,0.00,0.00,0.000000,97.6,,,,,,
1776548241.945090,520,97.8,track,ekf,,620,536,-0.015363,0.135239,0.537883,0.000034,0.000026,0.000111,0.07948556529489414,0.5392129437964728,0.00,0.00,0.00,0.000000,127.4,,,,,,
1776548242.072717,521,127.6,track,ekf,,620,536,-0.015366,0.135242,0.537897,-0.000000,0.000028,0.000109,0.08796492163578631,,0.00,0.00,0.00,0.000000,98.7,,,,,,
1776548242.171669,522,99.0,track,ekf,,620,536,-0.015368,0.135245,0.537907,-0.000009,0.000028,0.000109,0.09532867954382647,,0.00,0.00,0.00,0.000000,95.4,,,,,,
1776548242.267289,523,95.6,track,ekf,,620,536,-0.015369,0.135248,0.537918,-0.000009,0.000028,0.000109,0.10307917478257045,,0.00,0.00,0.00,0.000000,95.2,,,,,,
1776548242.362756,524,95.5,track,ekf,,620,536,-0.015370,0.135251,0.537928,-0.000007,0.000028,0.000109,0.1113834647475352,,0.00,0.00,0.00,0.000000,98.0,,,,,,
1776548242.460918,525,98.2,track,ekf,,620,536,-0.015364,0.135203,0.537740,-0.000001,-0.000011,-0.000047,0.07851445751035896,0.5375946073661023,0.00,0.00,0.00,0.000000,129.1,,,,,,
1776548242.590261,526,129.3,track,ekf,,620,536,-0.015364,0.135202,0.537734,0.000001,-0.000012,-0.000047,0.087223892203272,,0.00,0.00,0.00,0.000000,102.0,,,,,,
1776548242.692709,527,102.4,track,ekf,,620,536,-0.015364,0.135201,0.537730,0.000001,-0.000012,-0.000047,0.09494870935161082,,0.00,0.00,0.00,0.000000,99.8,,,,,,
1776548242.792994,528,100.3,track,ekf,,620,536,-0.015364,0.135199,0.537725,0.000001,-0.000012,-0.000047,0.10318994321828277,,0.00,0.00,0.00,0.000000,100.4,,,,,,
1776548242.893714,529,100.7,track,ekf,,620,536,-0.015363,0.135198,0.537720,0.000001,-0.000012,-0.000047,0.11207971797493625,,0.00,0.00,0.00,0.000000,99.0,,,,,,
1776548242.993036,530,99.3,track,ekf,,620,536,-0.015429,0.135774,0.540013,-0.000050,0.000443,0.001774,0.07877007796663665,0.5416760107886813,0.00,0.00,0.00,0.000000,132.1,,,,,,
1776548243.125562,531,132.5,track,ekf,,620,536,-0.015436,0.135834,0.540248,-0.000051,0.000446,0.001773,0.08777055696550123,,0.00,0.00,0.00,0.000000,97.7,,,,,,
1776548243.223512,532,97.9,track,ekf,,620,536,-0.015441,0.135877,0.540422,-0.000051,0.000447,0.001773,0.09518767456407966,,0.00,0.00,0.00,0.000000,95.4,,,,,,
1776548243.319144,533,95.6,track,ekf,,620,536,-0.015445,0.135920,0.540591,-0.000051,0.000446,0.001773,0.10304530184542984,,0.00,0.00,0.00,0.000000,98.0,,,,,,
1776548243.417511,534,98.4,track,ekf,,620,536,-0.015450,0.135964,0.540766,-0.000051,0.000446,0.001773,0.11170326617655561,,0.00,0.00,0.00,0.000000,97.2,,,,,,
1776548243.514958,535,97.4,track,ekf,,620,536,-0.015366,0.135219,0.537798,0.000020,-0.000175,-0.000716,0.07860965472445726,0.5355035025472711,0.00,0.00,0.00,0.000000,128.4,,,,,,
1776548243.643667,536,128.7,track,ekf,,620,536,-0.015363,0.135195,0.537706,0.000020,-0.000180,-0.000715,0.08731324516897701,,0.00,0.00,0.00,0.000000,98.9,,,,,,
1776548243.742829,537,99.2,track,ekf,,620,536,-0.015361,0.135177,0.537635,0.000021,-0.000181,-0.000715,0.0947882719972687,,0.00,0.00,0.00,0.000000,98.7,,,,,,
1776548243.841923,538,99.1,track,ekf,,620,536,-0.015359,0.135159,0.537564,0.000021,-0.000181,-0.000715,0.1029085980072799,,0.00,0.00,0.00,0.000000,99.0,,,,,,
1776548243.941214,539,99.3,track,ekf,,620,536,-0.015357,0.135141,0.537493,0.000020,-0.000180,-0.000715,0.11163416974760935,,0.00,0.00,0.00,0.000000,98.2,,,,,,
1776548244.039662,540,98.4,track,ekf,,620,536,-0.015247,0.134175,0.533648,0.000105,-0.000926,-0.003704,0.07861247033704008,0.5308902728298162,0.00,0.00,0.00,0.000000,129.6,,,,,,
1776548244.169513,541,129.9,track,ekf,,620,536,-0.015233,0.134054,0.533167,0.000106,-0.000932,-0.003702,0.08738833076537872,,0.00,0.00,0.00,0.000000,94.6,,,,,,
1776548244.264368,542,94.9,track,ekf,,620,536,-0.015223,0.133965,0.532816,0.000106,-0.000933,-0.003702,0.09452070275060753,,0.00,0.00,0.00,0.000000,95.0,,,,,,
1776548244.359607,543,95.2,track,ekf,,620,536,-0.015213,0.133876,0.532463,0.000106,-0.000932,-0.003702,0.10228720990917395,,0.00,0.00,0.00,0.000000,95.0,,,,,,
1776548244.454886,544,95.3,detect,ekf,,620,536,-0.015203,0.133788,0.532110,0.000106,-0.000932,-0.003702,0.11060385341125063,,0.00,0.00,0.00,0.000000,266.7,,,,,,
1776548244.721849,545,267.0,track,ekf,,620,536,-0.015290,0.134553,0.535158,0.000020,-0.000178,-0.000695,0.08246849232084058,0.5374716648385157,0.00,0.00,0.00,0.000000,132.2,,,,,,
1776548244.854327,546,132.5,track,ekf,,620,536,-0.015288,0.134531,0.535066,0.000020,-0.000172,-0.000697,0.0913041280934138,,0.00,0.00,0.00,0.000000,97.7,,,,,,
1776548244.952351,547,98.0,track,ekf,,620,536,-0.015286,0.134514,0.534998,0.000020,-0.000173,-0.000697,0.09864114769181166,,0.00,0.00,0.00,0.000000,96.3,,,,,,
1776548245.049033,548,96.7,track,ekf,,620,536,-0.015284,0.134497,0.534930,0.000020,-0.000173,-0.000696,0.1065119063450546,,0.00,0.00,0.00,0.000000,97.2,,,,,,
1776548245.146511,549,97.5,track,ekf,,620,536,-0.015282,0.134480,0.534863,0.000020,-0.000174,-0.000696,0.11502717340737166,,0.00,0.00,0.00,0.000000,96.6,,,,,,
1776548245.243376,550,96.9,track,ekf,,620,536,-0.015481,0.136230,0.541832,-0.000133,0.001174,0.004705,0.07946644789426774,0.5467102188000564,0.00,0.00,0.00,0.000000,125.8,,,,,,
1776548245.369473,551,126.1,track,ekf,,620,536,-0.015498,0.136381,0.542425,-0.000134,0.001184,0.004703,0.08784553282245598,,0.00,0.00,0.00,0.000000,94.7,,,,,,
1776548245.464590,552,95.1,track,ekf,,620,536,-0.015511,0.136494,0.542873,-0.000135,0.001185,0.004702,0.09490609713888375,,0.00,0.00,0.00,0.000000,95.4,,,,,,
1776548245.560268,553,95.7,track,ekf,,620,536,-0.015524,0.136607,0.543323,-0.000135,0.001185,0.004703,0.1026386673728682,,0.00,0.00,0.00,0.000000,97.3,,,,,,
1776548245.657775,554,97.5,track,ekf,,620,536,-0.015537,0.136722,0.543781,-0.000135,0.001184,0.004703,0.11110529161368173,,0.00,0.00,0.00,0.000000,98.0,,,,,,
1776548245.756094,555,98.3,track,ekf,,620,536,-0.015320,0.134816,0.536192,0.000046,-0.000403,-0.001649,0.07844243611895593,0.530249512576043,0.00,0.00,0.00,0.000000,130.5,,,,,,
1776548245.886855,556,130.8,track,ekf,,620,536,-0.015314,0.134761,0.535977,0.000047,-0.000415,-0.001646,0.08725403276241897,,0.00,0.00,0.00,0.000000,97.4,,,,,,
1776548245.984549,557,97.7,track,ekf,,620,536,-0.015309,0.134720,0.535817,0.000047,-0.000417,-0.001645,0.0946139977364946,,0.00,0.00,0.00,0.000000,99.1,,,,,,
1776548246.083882,558,99.3,track,ekf,,620,536,-0.015304,0.134678,0.535653,0.000047,-0.000417,-0.001646,0.10276021502863934,,0.00,0.00,0.00,0.000000,97.5,,,,,,
1776548246.181660,559,97.8,track,ekf,,620,536,-0.015300,0.134638,0.535492,0.000047,-0.000415,-0.001646,0.11136307832662816,,0.00,0.00,0.00,0.000000,95.8,,,,,,
1776548246.277669,560,96.0,track,ekf,,620,536,-0.015458,0.136032,0.541041,-0.000082,0.000719,0.002893,0.07847528884234266,0.5452435632678907,0.00,0.00,0.00,0.000000,127.7,,,,,,
1776548246.405668,561,128.0,track,ekf,,620,536,-0.015469,0.136126,0.541411,-0.000083,0.000728,0.002891,0.08715409963406587,,0.00,0.00,0.00,0.000000,96.6,,,,,,
1776548246.502482,562,96.8,track,ekf,,620,536,-0.015477,0.136196,0.541691,-0.000083,0.000729,0.002891,0.0944595558160541,,0.00,0.00,0.00,0.000000,98.2,,,,,,
1776548246.600955,563,98.5,track,ekf,,620,536,-0.015485,0.136268,0.541976,-0.000083,0.000729,0.002891,0.10253318906745368,,0.00,0.00,0.00,0.000000,96.8,,,,,,
1776548246.698133,564,97.2,track,ekf,,620,536,-0.015493,0.136339,0.542257,-0.000083,0.000728,0.002891,0.11107152009187746,,0.00,0.00,0.00,0.000000,97.6,,,,,,
1776548246.795940,565,97.8,track,ekf,,620,536,-0.015310,0.134729,0.535846,0.000068,-0.000602,-0.002433,0.07844222216101922,0.5309051135907049,0.00,0.00,0.00,0.000000,129.0,,,,,,
1776548246.925276,566,129.3,track,ekf,,620,536,-0.015301,0.134649,0.535531,0.000070,-0.000612,-0.002430,0.0872003853232082,,0.00,0.00,0.00,0.000000,102.3,,,,,,
1776548247.027823,567,102.5,track,ekf,,620,536,-0.015294,0.134585,0.535282,0.000070,-0.000614,-0.002430,0.09495505530791033,,0.00,0.00,0.00,0.000000,98.9,,,,,,
1776548247.126998,568,99.2,track,ekf,,620,536,-0.015287,0.134525,0.535041,0.000070,-0.000613,-0.002430,0.1031101700593145,,0.00,0.00,0.00,0.000000,97.3,,,,,,
1776548247.224669,569,97.7,track,ekf,,620,536,-0.015280,0.134465,0.534804,0.000070,-0.000612,-0.002430,0.11171486265259468,,0.00,0.00,0.00,0.000000,96.9,,,,,,
1776548247.321837,570,97.2,track,ekf,,620,536,-0.015373,0.135281,0.538053,-0.000009,0.000078,0.000332,0.07860341610794594,0.5405988212058198,0.00,0.00,0.00,0.000000,127.5,,,,,,
1776548247.449578,571,127.7,track,ekf,,620,536,-0.015374,0.135292,0.538095,-0.000009,0.000084,0.000331,0.08723952952056968,,0.00,0.00,0.00,0.000000,97.6,,,,,,
1776548247.547459,572,97.9,track,ekf,,620,536,-0.015375,0.135300,0.538127,-0.000010,0.000085,0.000330,0.09460356835662194,,0.00,0.00,0.00,0.000000,98.4,,,,,,
1776548247.646224,573,98.8,track,ekf,,620,536,-0.015376,0.135309,0.538160,-0.000010,0.000084,0.000330,0.10267692031527094,,0.00,0.00,0.00,0.000000,97.0,,,,,,
1776548247.743464,574,97.2,detect,ekf,,620,536,-0.015377,0.135317,0.538192,-0.000010,0.000084,0.000330,0.1111945157507325,,0.00,0.00,0.00,0.000000,252.3,,,,,,
1776548247.996012,575,252.5,track,ekf,,620,536,-0.015341,0.135004,0.536947,0.000019,-0.000166,-0.000663,0.08229643293826093,0.5361759693238402,0.00,0.00,0.00,0.000000,128.8,,,,,,
1776548248.125199,576,129.2,track,ekf,,620,536,-0.015339,0.134982,0.536861,0.000019,-0.000168,-0.000663,0.0909043038068519,,0.00,0.00,0.00,0.000000,98.3,,,,,,
1776548248.223666,577,98.5,track,ekf,,620,536,-0.015337,0.134966,0.536796,0.000019,-0.000168,-0.000663,0.09826209017786268,,0.00,0.00,0.00,0.000000,96.5,,,,,,
1776548248.320458,578,96.8,track,ekf,,620,536,-0.015335,0.134950,0.536731,0.000019,-0.000167,-0.000663,0.10612846048172542,,0.00,0.00,0.00,0.000000,96.7,,,,,,
1776548248.417442,579,97.0,track,ekf,,620,536,-0.015333,0.134933,0.536667,0.000019,-0.000167,-0.000663,0.11458466109885049,,0.00,0.00,0.00,0.000000,95.5,,,,,,
1776548248.513155,580,95.7,track,ekf,,620,536,-0.015310,0.134725,0.535839,0.000036,-0.000314,-0.001251,0.07931704772999154,0.5353039705976027,0.00,0.00,0.00,0.000000,128.7,,,,,,
1776548248.642121,581,129.0,track,ekf,,620,536,-0.015305,0.134685,0.535678,0.000036,-0.000315,-0.001251,0.08789595712449019,,0.00,0.00,0.00,0.000000,97.7,,,,,,
1776548248.740002,582,97.9,track,ekf,,620,536,-0.015302,0.134654,0.535555,0.000036,-0.000315,-0.001251,0.09518624694332121,,0.00,0.00,0.00,0.000000,100.0,,,,,,
1776548248.840222,583,100.2,track,ekf,,620,536,-0.015298,0.134622,0.535430,0.000036,-0.000315,-0.001251,0.10332951534432139,,0.00,0.00,0.00,0.000000,101.9,,,,,,
1776548248.942663,584,102.4,track,ekf,,620,536,-0.015294,0.134590,0.535302,0.000036,-0.000315,-0.001251,0.11228988794103041,,0.00,0.00,0.00,0.000000,99.7,,,,,,
1776548249.042883,585,100.2,track,ekf,,620,536,-0.015394,0.135472,0.538811,-0.000045,0.000399,0.001606,0.07883118361739691,0.5414313462820672,0.00,0.00,0.00,0.000000,129.3,,,,,,
1776548249.172432,586,129.5,track,ekf,,620,536,-0.015401,0.135524,0.539019,-0.000046,0.000404,0.001604,0.08756589700893816,,0.00,0.00,0.00,0.000000,97.7,,,,,,
1776548249.270345,587,97.9,track,ekf,,620,536,-0.015405,0.135564,0.539176,-0.000046,0.000405,0.001604,0.09493697568458187,,0.00,0.00,0.00,0.000000,94.6,,,,,,
1776548249.365232,588,94.9,track,ekf,,620,536,-0.015409,0.135603,0.539328,-0.000046,0.000405,0.001604,0.10269637020843916,,0.00,0.00,0.00,0.000000,95.7,,,,,,
1776548249.461224,589,96.0,track,ekf,,620,536,-0.015414,0.135641,0.539482,-0.000046,0.000404,0.001604,0.11110687946122963,,0.00,0.00,0.00,0.000000,97.9,,,,,,
1776548249.559507,590,98.3,track,ekf,,620,536,-0.015500,0.136399,0.542499,-0.000110,0.000970,0.003873,0.07845733227171346,0.5446077406878338,0.00,0.00,0.00,0.000000,130.7,,,,,,
1776548249.690535,591,131.0,track,ekf,,620,536,-0.015514,0.136527,0.543007,-0.000111,0.000974,0.003872,0.0873329704969547,,0.00,0.00,0.00,0.000000,99.4,,,,,,
1776548249.790268,592,99.7,track,ekf,,620,536,-0.015526,0.136624,0.543393,-0.000111,0.000975,0.003872,0.09487284308981864,,0.00,0.00,0.00,0.000000,99.5,,,,,,
1776548249.890002,593,99.7,track,ekf,,620,536,-0.015537,0.136722,0.543779,-0.000111,0.000975,0.003872,0.10307395108336832,,0.00,0.00,0.00,0.000000,100.0,,,,,,
1776548249.990261,594,100.3,track,ekf,,620,536,-0.015548,0.136819,0.544167,-0.000111,0.000974,0.003872,0.11191872102666411,,0.00,0.00,0.00,0.000000,99.5,,,,,,
1776548250.090017,595,99.8,track,ekf,,620,536,-0.015589,0.137181,0.545607,-0.000134,0.001182,0.004707,0.0787387327806706,0.546371072739074,0.00,0.00,0.00,0.000000,134.8,,,,,,
1776548250.225224,596,135.2,track,ekf,,620,536,-0.015607,0.137341,0.546244,-0.000135,0.001184,0.004707,0.08792564100559203,,0.00,0.00,0.00,0.000000,94.1,,,,,,
1776548250.319574,597,94.3,track,ekf,,620,536,-0.015620,0.137453,0.546688,-0.000135,0.001184,0.004707,0.09506012595380588,,0.00,0.00,0.00,0.000000,95.4,,,,,,
1776548250.415182,598,95.6,track,ekf,,620,536,-0.015633,0.137566,0.547138,-0.000135,0.001184,0.004707,0.10289789565754336,,0.00,0.00,0.00,0.000000,95.6,,,,,,
1776548250.511014,599,95.8,track,ekf,,620,536,-0.015645,0.137679,0.547589,-0.000135,0.001184,0.004707,0.111304156522998,,0.00,0.00,0.00,0.000000,97.3,,,,,,
1776548250.608747,600,97.7,track,ekf,,620,536,-0.015663,0.137831,0.548190,-0.000138,0.001212,0.004819,0.07850195345934388,0.548294102473373,0.00,0.00,0.00,0.000000,130.8,,,,,,
1776548250.739843,601,131.1,track,ekf,,620,536,-0.015681,0.137989,0.548822,-0.000138,0.001212,0.004819,0.08736656584147622,,0.00,0.00,0.00,0.000000,98.5,,,,,,
1776548250.838622,602,98.8,track,ekf,,620,536,-0.015694,0.138109,0.549298,-0.000138,0.001212,0.004819,0.09481234328951878,,0.00,0.00,0.00,0.000000,100.5,,,,,,
1776548250.939465,603,100.8,track,ekf,,620,536,-0.015708,0.138231,0.549784,-0.000138,0.001212,0.004819,0.10308083275832809,,0.00,0.00,0.00,0.000000,100.2,,,,,,
1776548251.039912,604,100.4,detect,ekf,,620,536,-0.015722,0.138353,0.550268,-0.000138,0.001212,0.004819,0.11191781309646075,,0.00,0.00,0.00,0.000000,245.3,,,,,,
1776548251.285543,605,245.6,track,ekf,,620,536,-0.015587,0.137169,0.545550,-0.000012,0.000106,0.000400,0.0823327445191907,0.5421336610188536,0.00,0.00,0.00,0.000000,125.0,,,,,,
1776548251.410966,606,125.4,track,ekf,,620,536,-0.015589,0.137180,0.545601,-0.000011,0.000097,0.000402,0.09067496357190016,,0.00,0.00,0.00,0.000000,97.5,,,,,,
1776548251.508800,607,97.8,track,ekf,,620,536,-0.015590,0.137189,0.545640,-0.000011,0.000097,0.000402,0.09796586846419211,,0.00,0.00,0.00,0.000000,97.6,,,,,,
1776548251.606681,608,97.9,track,ekf,,620,536,-0.015591,0.137199,0.545679,-0.000011,0.000099,0.000402,0.1059037850764799,,0.00,0.00,0.00,0.000000,98.5,,,,,,
1776548251.705375,609,98.7,track,ekf,,620,536,-0.015592,0.137209,0.545719,-0.000011,0.000100,0.000402,0.11449975638369111,,0.00,0.00,0.00,0.000000,97.5,,,,,,
1776548251.803160,610,97.8,track,ekf,,620,536,-0.015652,0.137735,0.547812,-0.000056,0.000495,0.001981,0.07935101725067331,0.5492472121993088,0.00,0.00,0.00,0.000000,130.5,,,,,,
1776548251.933866,611,130.7,track,ekf,,620,536,-0.015659,0.137801,0.548071,-0.000057,0.000498,0.001980,0.08805413063387292,,0.00,0.00,0.00,0.000000,98.4,,,,,,
1776548252.032504,612,98.6,track,ekf,,620,536,-0.015665,0.137850,0.548267,-0.000057,0.000499,0.001980,0.0954116158358019,,0.00,0.00,0.00,0.000000,97.4,,,,,,
1776548252.130158,613,97.7,track,ekf,,620,536,-0.015670,0.137898,0.548460,-0.000057,0.000499,0.001980,0.10334926487431734,,0.00,0.00,0.00,0.000000,97.5,,,,,,
1776548252.227863,614,97.7,track,ekf,,620,536,-0.015676,0.137947,0.548653,-0.000057,0.000498,0.001980,0.11187856619100893,,0.00,0.00,0.00,0.000000,96.1,,,,,,
1776548252.324203,615,96.3,track,ekf,,620,536,-0.015511,0.136495,0.542873,0.000077,-0.000676,-0.002722,0.0786161738599359,0.5385109064570861,0.00,0.00,0.00,0.000000,126.3,,,,,,
1776548252.450798,616,126.6,track,ekf,,620,536,-0.015501,0.136408,0.542529,0.000078,-0.000685,-0.002720,0.08712911294494789,,0.00,0.00,0.00,0.000000,99.1,,,,,,
1776548252.550139,617,99.3,track,ekf,,620,536,-0.015493,0.136339,0.542259,0.000078,-0.000686,-0.002719,0.09459248277702065,,0.00,0.00,0.00,0.000000,99.4,,,,,,
1776548252.649801,618,99.7,track,ekf,,620,536,-0.015485,0.136271,0.541988,0.000078,-0.000686,-0.002719,0.1027475788288696,,0.00,0.00,0.00,0.000000,99.6,,,,,,
1776548252.749647,619,99.8,track,ekf,,620,536,-0.015478,0.136203,0.541716,0.000078,-0.000685,-0.002720,0.11152209208359712,,0.00,0.00,0.00,0.000000,99.1,,,,,,
1776548252.849025,620,99.4,track,ekf,,620,536,-0.015382,0.135362,0.538367,0.000147,-0.001294,-0.005161,0.07861101138738485,0.5361177158698844,0.00,0.00,0.00,0.000000,127.3,,,,,,
1776548252.976741,621,127.7,track,ekf,,620,536,-0.015363,0.135195,0.537708,0.000148,-0.001298,-0.005160,0.08725125672928588,,0.00,0.00,0.00,0.000000,98.5,,,,,,
1776548253.075530,622,98.8,track,ekf,,620,536,-0.015349,0.135067,0.537198,0.000148,-0.001299,-0.005160,0.09470251609050959,,0.00,0.00,0.00,0.000000,97.8,,,,,,
1776548253.173533,623,98.0,track,ekf,,620,536,-0.015334,0.134940,0.536692,0.000148,-0.001299,-0.005160,0.1027363196741487,,0.00,0.00,0.00,0.000000,99.0,,,,,,
1776548253.272784,624,99.3,track,ekf,,620,536,-0.015319,0.134811,0.536180,0.000148,-0.001298,-0.005160,0.11146166417303573,,0.00,0.00,0.00,0.000000,96.6,,,,,,
1776548253.369595,625,96.8,track,ekf,,620,536,-0.015404,0.135556,0.539149,0.000069,-0.000610,-0.002408,0.07852154042799847,0.5416960388809461,0.00,0.00,0.00,0.000000,126.2,,,,,,
1776548253.496086,626,126.5,track,ekf,,620,536,-0.015396,0.135481,0.538844,0.000069,-0.000605,-0.002409,0.0870716809195503,,0.00,0.00,0.00,0.000000,97.6,,,,,,
1776548253.593935,627,97.8,track,ekf,,620,536,-0.015389,0.135421,0.538608,0.000069,-0.000604,-0.002409,0.09443245031056245,,0.00,0.00,0.00,0.000000,98.2,,,,,,
1776548253.692539,628,98.6,track,ekf,,620,536,-0.015382,0.135362,0.538371,0.000069,-0.000605,-0.002409,0.10249325794608842,,0.00,0.00,0.00,0.000000,99.3,,,,,,
1776548253.792307,629,99.8,track,ekf,,620,536,-0.015375,0.135301,0.538131,0.000069,-0.000605,-0.002409,0.11124248589465986,,0.00,0.00,0.00,0.000000,98.2,,,,,,
1776548253.890781,630,98.5,track,ekf,,620,536,-0.015572,0.137035,0.545032,-0.000092,0.000808,0.003252,0.0785012974033465,0.5502813774454631,0.00,0.00,0.00,0.000000,130.9,,,,,,
1776548254.021991,631,131.2,track,ekf,,620,536,-0.015584,0.137143,0.545458,-0.000093,0.000818,0.003249,0.08738414779191966,,0.00,0.00,0.00,0.000000,97.1,,,,,,
1776548254.119321,632,97.3,track,ekf,,620,536,-0.015594,0.137223,0.545774,-0.000093,0.000820,0.003249,0.09472012226748258,,0.00,0.00,0.00,0.000000,100.5,,,,,,
1776548254.220098,633,100.8,track,ekf,,620,536,-0.015603,0.137306,0.546102,-0.000093,0.000819,0.003249,0.10297886626559431,,0.00,0.00,0.00,0.000000,97.1,,,,,,
1776548254.317488,634,97.4,detect,ekf,,620,536,-0.015612,0.137385,0.546418,-0.000093,0.000818,0.003249,0.111532522882433,,0.00,0.00,0.00,0.000000,259.2,,,,,,
1776548254.576917,635,259.4,track,ekf,,620,536,-0.015641,0.137641,0.547435,-0.000097,0.000850,0.003379,0.08254554546720554,0.5475341445569104,0.00,0.00,0.00,0.000000,130.6,,,,,,
1776548254.707826,636,130.9,track,ekf,,620,536,-0.015654,0.137752,0.547877,-0.000097,0.000850,0.003379,0.09127090603424211,,0.00,0.00,0.00,0.000000,98.2,,,,,,
1776548254.806389,637,98.6,track,ekf,,620,536,-0.015663,0.137836,0.548210,-0.000097,0.000850,0.003379,0.09864247942980993,,0.00,0.00,0.00,0.000000,99.6,,,,,,
1776548254.906175,638,99.8,track,ekf,,620,536,-0.015673,0.137921,0.548548,-0.000097,0.000850,0.003379,0.10677065692560896,,0.00,0.00,0.00,0.000000,97.3,,,,,,
1776548255.003667,639,97.5,track,ekf,,620,536,-0.015682,0.138003,0.548877,-0.000097,0.000850,0.003379,0.11529567126535725,,0.00,0.00,0.00,0.000000,97.4,,,,,,
1776548255.101387,640,97.7,track,ekf,,620,536,-0.015593,0.137218,0.545749,-0.000021,0.000188,0.000729,0.07956778892110726,0.5433655273918376,0.00,0.00,0.00,0.000000,130.7,,,,,,
1776548255.232311,641,130.9,track,ekf,,620,536,-0.015596,0.137241,0.545845,-0.000021,0.000183,0.000730,0.0882797935326919,,0.00,0.00,0.00,0.000000,95.5,,,,,,
1776548255.328191,642,95.9,track,ekf,,620,536,-0.015598,0.137259,0.545915,-0.000021,0.000182,0.000730,0.09542134507860464,,0.00,0.00,0.00,0.000000,95.8,,,,,,
1776548255.424308,643,96.1,track,ekf,,620,536,-0.015600,0.137276,0.545985,-0.000021,0.000182,0.000730,0.10321586686551944,,0.00,0.00,0.00,0.000000,101.5,,,,,,
1776548255.526023,644,101.7,track,ekf,,620,536,-0.015602,0.137295,0.546059,-0.000021,0.000183,0.000730,0.11208804737006776,,0.00,0.00,0.00,0.000000,103.5,,,,,,
1776548255.629751,645,103.7,track,ekf,,620,536,-0.015461,0.136056,0.541125,0.000091,-0.000798,-0.003201,0.07886823284786472,0.5375196823284193,0.00,0.00,0.00,0.000000,129.1,,,,,,
1776548255.759163,646,129.4,track,ekf,,620,536,-0.015449,0.135951,0.540711,0.000092,-0.000806,-0.003199,0.08757849357379952,,0.00,0.00,0.00,0.000000,98.1,,,,,,
1776548255.857718,647,98.6,track,ekf,,620,536,-0.015440,0.135871,0.540395,0.000092,-0.000807,-0.003199,0.0949951799063145,,0.00,0.00,0.00,0.000000,99.3,,,,,,
1776548255.957417,648,99.7,track,ekf,,620,536,-0.015431,0.135791,0.540076,0.000092,-0.000806,-0.003199,0.10316535163894947,,0.00,0.00,0.00,0.000000,99.1,,,,,,
1776548256.056827,649,99.4,track,ekf,,620,536,-0.015422,0.135711,0.539758,0.000092,-0.000805,-0.003199,0.11191174645042702,,0.00,0.00,0.00,0.000000,99.7,,,,,,
1776548256.156757,650,99.9,track,ekf,,620,536,-0.015442,0.135885,0.540454,0.000069,-0.000604,-0.002396,0.07873381292643782,0.5411901215032104,0.00,0.00,0.00,0.000000,129.4,,,,,,
1776548256.286404,651,129.6,track,ekf,,620,536,-0.015433,0.135807,0.540143,0.000068,-0.000603,-0.002397,0.08751040852884683,,0.00,0.00,0.00,0.000000,95.7,,,,,,
1776548256.382297,652,95.9,track,ekf,,620,536,-0.015426,0.135750,0.539913,0.000068,-0.000602,-0.002397,0.09474042169766522,,0.00,0.00,0.00,0.000000,95.7,,,,,,
1776548256.478326,653,96.0,track,ekf,,620,536,-0.015420,0.135692,0.539683,0.000068,-0.000602,-0.002397,0.10259963707644133,,0.00,0.00,0.00,0.000000,97.4,,,,,,
1776548256.576272,654,97.9,track,ekf,,620,536,-0.015413,0.135633,0.539448,0.000068,-0.000602,-0.002397,0.11119075960245733,,0.00,0.00,0.00,0.000000,97.0,,,,,,
1776548256.673502,655,97.2,track,ekf,,620,536,-0.015505,0.136444,0.542678,-0.000010,0.000084,0.000352,0.07845439354575058,0.54523130230282,0.00,0.00,0.00,0.000000,131.1,,,,,,
1776548256.804918,656,131.4,track,ekf,,620,536,-0.015506,0.136456,0.542724,-0.000010,0.000089,0.000351,0.08735734003270386,,0.00,0.00,0.00,0.000000,98.1,,,,,,
1776548256.903222,657,98.3,track,ekf,,620,536,-0.015507,0.136465,0.542758,-0.000010,0.000090,0.000350,0.09478024533121895,,0.00,0.00,0.00,0.000000,99.4,,,,,,
1776548257.002856,658,99.6,track,ekf,,620,536,-0.015508,0.136474,0.542793,-0.000010,0.000089,0.000351,0.10295863066901165,,0.00,0.00,0.00,0.000000,98.3,,,,,,
1776548257.101395,659,98.5,track,ekf,,620,536,-0.015509,0.136482,0.542828,-0.000010,0.000089,0.000351,0.11162981105710355,,0.00,0.00,0.00,0.000000,96.8,,,,,,
1776548257.198390,660,97.0,track,ekf,,620,536,-0.015611,0.137373,0.546374,-0.000089,0.000784,0.003135,0.0785778830721807,0.548944266498999,0.00,0.00,0.00,0.000000,127.0,,,,,,
1776548257.325767,661,127.4,track,ekf,,620,536,-0.015622,0.137474,0.546773,-0.000090,0.000789,0.003134,0.08718816346394853,,0.00,0.00,0.00,0.000000,95.8,,,,,,
1776548257.421749,662,96.0,track,ekf,,620,536,-0.015631,0.137550,0.547073,-0.000090,0.000789,0.003134,0.09440115812378434,,0.00,0.00,0.00,0.000000,97.6,,,,,,
1776548257.519614,663,97.9,track,ekf,,620,536,-0.015639,0.137627,0.547380,-0.000090,0.000789,0.003134,0.1023881613208948,,0.00,0.00,0.00,0.000000,98.3,,,,,,
1776548257.618119,664,98.5,detect,ekf,,620,536,-0.015648,0.137705,0.547689,-0.000090,0.000789,0.003134,0.1110073086451396,,0.00,0.00,0.00,0.000000,247.4,,,,,,
1776548257.865862,665,247.7,track,ekf,,620,536,-0.015528,0.136645,0.543470,0.000017,-0.000150,-0.000615,0.08214961369020678,0.5405426204926225,0.00,0.00,0.00,0.000000,128.1,,,,,,
1776548257.994193,666,128.3,track,ekf,,620,536,-0.015525,0.136624,0.543391,0.000018,-0.000157,-0.000613,0.09070202924434513,,0.00,0.00,0.00,0.000000,97.8,,,,,,
1776548258.092467,667,98.3,track,ekf,,620,536,-0.015524,0.136609,0.543331,0.000018,-0.000158,-0.000613,0.09804553320942742,,0.00,0.00,0.00,0.000000,99.6,,,,,,
1776548258.192439,668,100.0,track,ekf,,620,536,-0.015522,0.136593,0.543269,0.000018,-0.000156,-0.000613,0.1061811519745443,,0.00,0.00,0.00,0.000000,95.9,,,,,,
1776548258.288560,669,96.1,track,ekf,,620,536,-0.015520,0.136579,0.543210,0.000018,-0.000155,-0.000614,0.11457418744811967,,0.00,0.00,0.00,0.000000,97.6,,,,,,
1776548258.386411,670,97.9,track,ekf,,620,536,-0.015525,0.136624,0.543390,0.000012,-0.000109,-0.000430,0.07937532583816022,0.5435566819400324,0.00,0.00,0.00,0.000000,125.0,,,,,,
1776548258.511655,671,125.2,track,ekf,,620,536,-0.015524,0.136610,0.543336,0.000012,-0.000108,-0.000430,0.08769632109758205,,0.00,0.00,0.00,0.000000,97.2,,,,,,
1776548258.609091,672,97.4,track,ekf,,620,536,-0.015523,0.136600,0.543294,0.000012,-0.000108,-0.000430,0.09493411537256131,,0.00,0.00,0.00,0.000000,97.1,,,,,,
1776548258.706504,673,97.4,track,ekf,,620,536,-0.015521,0.136589,0.543252,0.000012,-0.000108,-0.000430,0.1028191687824023,,0.00,0.00,0.00,0.000000,98.0,,,,,,
1776548258.804777,674,98.3,track,ekf,,620,536,-0.015520,0.136578,0.543210,0.000012,-0.000108,-0.000430,0.11136783332750234,,0.00,0.00,0.00,0.000000,96.8,,,,,,
1776548258.901780,675,97.0,track,ekf,,620,536,-0.015487,0.136282,0.542031,0.000038,-0.000332,-0.001327,0.07848312368245432,0.5411932006143482,0.00,0.00,0.00,0.000000,130.0,,,,,,
1776548259.032031,676,130.3,track,ekf,,620,536,-0.015482,0.136239,0.541858,0.000038,-0.000334,-0.001326,0.08726026059797566,,0.00,0.00,0.00,0.000000,97.5,,,,,,
1776548259.129764,677,97.7,track,ekf,,620,536,-0.015478,0.136206,0.541728,0.000038,-0.000334,-0.001326,0.0946161564677577,,0.00,0.00,0.00,0.000000,97.7,,,,,,
1776548259.227647,678,97.9,track,ekf,,620,536,-0.015474,0.136173,0.541599,0.000038,-0.000334,-0.001326,0.10262998152336562,,0.00,0.00,0.00,0.000000,95.1,,,,,,
1776548259.322911,679,95.3,track,ekf,,620,536,-0.015471,0.136142,0.541472,0.000038,-0.000334,-0.001326,0.11098795950447755,,0.00,0.00,0.00,0.000000,95.5,,,,,,
1776548259.418663,680,95.8,track,ekf,,620,536,-0.015632,0.137561,0.547126,-0.000093,0.000815,0.003274,0.07835979673127258,0.551413325275043,0.00,0.00,0.00,0.000000,127.4,,,,,,
1776548259.546340,681,127.7,track,ekf,,620,536,-0.015644,0.137668,0.547544,-0.000094,0.000823,0.003271,0.0870066551526049,,0.00,0.00,0.00,0.000000,97.1,,,,,,
1776548259.643698,682,97.4,track,ekf,,620,536,-0.015653,0.137748,0.547862,-0.000094,0.000825,0.003271,0.0943461145829859,,0.00,0.00,0.00,0.000000,95.9,,,,,,
1776548259.739855,683,96.2,track,ekf,,620,536,-0.015662,0.137827,0.548177,-0.000094,0.000825,0.003271,0.10221642803508321,,0.00,0.00,0.00,0.000000,96.8,,,,,,
1776548259.836833,684,97.0,track,ekf,,620,536,-0.015671,0.137907,0.548494,-0.000094,0.000824,0.003271,0.11072013629362538,,0.00,0.00,0.00,0.000000,96.9,,,,,,
1776548259.934021,685,97.2,track,ekf,,620,536,-0.015421,0.135707,0.539734,0.000112,-0.000982,-0.003959,0.07832643924608039,0.5329855386096443,0.00,0.00,0.00,0.000000,128.8,,,,,,
1776548260.063091,686,129.1,track,ekf,,620,536,-0.015406,0.135577,0.539224,0.000113,-0.000996,-0.003956,0.08706375317044852,,0.00,0.00,0.00,0.000000,96.7,,,,,,
1776548260.160058,687,97.0,track,ekf,,620,536,-0.015395,0.135480,0.538840,0.000113,-0.000999,-0.003955,0.09437352175068553,,0.00,0.00,0.00,0.000000,97.1,,,,,,
1776548260.257457,688,97.4,track,ekf,,620,536,-0.015384,0.135383,0.538455,0.000113,-0.000998,-0.003955,0.10234567405565424,,0.00,0.00,0.00,0.000000,95.5,,,,,,
1776548260.353196,689,95.7,track,ekf,,620,536,-0.015374,0.135288,0.538076,0.000113,-0.000997,-0.003956,0.11073559066703365,,0.00,0.00,0.00,0.000000,95.6,,,,,,
1776548260.449067,690,95.9,track,ekf,,620,536,-0.015365,0.135211,0.537773,0.000111,-0.000981,-0.003895,0.078286757903828,0.5378297294021637,0.00,0.00,0.00,0.000000,127.0,,,,,,
1776548260.576355,691,127.3,track,ekf,,620,536,-0.015351,0.135087,0.537277,0.000111,-0.000980,-0.003896,0.08688952133356585,,0.00,0.00,0.00,0.000000,93.7,,,,,,
1776548260.670269,692,93.9,track,ekf,,620,536,-0.015340,0.134995,0.536911,0.000111,-0.000980,-0.003896,0.093938991049403,,0.00,0.00,0.00,0.000000,98.2,,,,,,
1776548260.768763,693,98.5,track,ekf,,620,536,-0.015329,0.134898,0.536528,0.000111,-0.000979,-0.003896,0.10196697797218776,,0.00,0.00,0.00,0.000000,99.5,,,,,,
1776548260.868546,694,99.8,detect,ekf,,620,536,-0.015318,0.134801,0.536139,0.000111,-0.000979,-0.003896,0.11069163200631697,,0.00,0.00,0.00,0.000000,254.9,,,,,,
1776548261.123637,695,255.1,track,ekf,,620,536,-0.015379,0.135337,0.538274,0.000045,-0.000392,-0.001551,0.08223446944865732,0.5400953171854623,0.00,0.00,0.00,0.000000,129.7,,,,,,
1776548261.253615,696,130.0,track,ekf,,620,536,-0.015373,0.135286,0.538072,0.000044,-0.000388,-0.001552,0.09091035523994503,,0.00,0.00,0.00,0.000000,94.7,,,,,,
1776548261.348575,697,95.0,track,ekf,,620,536,-0.015369,0.135250,0.537925,0.000044,-0.000388,-0.001552,0.09800261428074579,,0.00,0.00,0.00,0.000000,98.7,,,,,,
1776548261.447608,698,99.0,track,ekf,,620,536,-0.015365,0.135211,0.537771,0.000044,-0.000389,-0.001552,0.10604899078240902,,0.00,0.00,0.00,0.000000,96.4,,,,,,
1776548261.544412,699,96.8,track,ekf,,620,536,-0.015361,0.135173,0.537621,0.000044,-0.000389,-0.001552,0.11448933236651357,,0.00,0.00,0.00,0.000000,96.8,,,,,,
1776548261.641632,700,97.2,track,ekf,,620,536,-0.015186,0.133635,0.531498,0.000175,-0.001537,-0.006146,0.0793310382663449,0.5273230254877466,0.00,0.00,0.00,0.000000,128.1,,,,,,
1776548261.770042,701,128.4,track,ekf,,620,536,-0.015163,0.133436,0.530709,0.000176,-0.001546,-0.006144,0.0878695782853939,,0.00,0.00,0.00,0.000000,96.8,,,,,,
1776548261.867196,702,97.2,track,ekf,,620,536,-0.015146,0.133285,0.530112,0.000176,-0.001547,-0.006144,0.09510123359288808,,0.00,0.00,0.00,0.000000,98.7,,,,,,
1776548261.966228,703,99.0,track,ekf,,620,536,-0.015129,0.133132,0.529503,0.000176,-0.001547,-0.006144,0.1031376276584691,,0.00,0.00,0.00,0.000000,99.0,,,,,,
1776548262.065495,704,99.3,track,ekf,,620,536,-0.015111,0.132979,0.528894,0.000176,-0.001546,-0.006144,0.11179795037952847,,0.00,0.00,0.00,0.000000,97.4,,,,,,
1776548262.163162,705,97.7,track,ekf,,620,536,-0.015221,0.133949,0.532757,0.000076,-0.000668,-0.002630,0.07861846210297987,0.5360141634205431,0.00,0.00,0.00,0.000000,128.2,,,,,,
1776548262.291702,706,128.5,track,ekf,,620,536,-0.015212,0.133865,0.532418,0.000075,-0.000661,-0.002631,0.0872783536924045,,0.00,0.00,0.00,0.000000,94.5,,,,,,
1776548262.386567,707,94.9,track,ekf,,620,536,-0.015205,0.133802,0.532169,0.000075,-0.000660,-0.002632,0.09440152816590182,,0.00,0.00,0.00,0.000000,97.0,,,,,,
1776548262.483789,708,97.2,track,ekf,,620,536,-0.015198,0.133738,0.531913,0.000075,-0.000660,-0.002632,0.10233663714777844,,0.00,0.00,0.00,0.000000,96.6,,,,,,
1776548262.580616,709,96.8,track,ekf,,620,536,-0.015190,0.133674,0.531658,0.000075,-0.000661,-0.002631,0.1108117180334262,,0.00,0.00,0.00,0.000000,96.8,,,,,,
1776548262.677764,710,97.1,track,ekf,,620,536,-0.015281,0.134473,0.534840,-0.000002,0.000022,0.000103,0.07833906905382582,0.5373918853463363,0.00,0.00,0.00,0.000000,129.4,,,,,,
1776548262.807493,711,129.7,track,ekf,,620,536,-0.015281,0.134477,0.534853,-0.000003,0.000026,0.000101,0.08712714508059553,,0.00,0.00,0.00,0.000000,98.0,,,,,,
1776548262.905692,712,98.2,track,ekf,,620,536,-0.015282,0.134480,0.534863,-0.000003,0.000027,0.000101,0.09454232650879756,,0.00,0.00,0.00,0.000000,96.1,,,,,,
1776548263.002003,713,96.3,track,ekf,,620,536,-0.015282,0.134482,0.534873,-0.000003,0.000027,0.000101,0.10243913240361383,,0.00,0.00,0.00,0.000000,96.0,,,,,,
1776548263.098411,714,96.4,track,ekf,,620,536,-0.015282,0.134485,0.534883,-0.000003,0.000026,0.000101,0.11090464859690344,,0.00,0.00,0.00,0.000000,97.3,,,,,,
1776548263.195969,715,97.6,track,ekf,,620,536,-0.015250,0.134198,0.533739,0.000023,-0.000203,-0.000816,0.07838345032554796,0.5328852871893605,0.00,0.00,0.00,0.000000,126.6,,,,,,
1776548263.322892,716,126.9,track,ekf,,620,536,-0.015247,0.134171,0.533636,0.000023,-0.000205,-0.000816,0.08697102006111666,,0.00,0.00,0.00,0.000000,95.7,,,,,,
1776548263.418752,717,95.9,track,ekf,,620,536,-0.015245,0.134152,0.533557,0.000023,-0.000206,-0.000816,0.09418348378484365,,0.00,0.00,0.00,0.000000,97.5,,,,,,
1776548263.516490,718,97.7,track,ekf,,620,536,-0.015242,0.134132,0.533478,0.000023,-0.000206,-0.000816,0.10216828156434705,,0.00,0.00,0.00,0.000000,99.0,,,,,,
1776548263.615725,719,99.2,track,ekf,,620,536,-0.015240,0.134111,0.533397,0.000023,-0.000205,-0.000816,0.11086175389667009,,0.00,0.00,0.00,0.000000,98.9,,,,,,
1776548263.714868,720,99.1,track,ekf,,620,536,-0.015450,0.135964,0.540774,-0.000145,0.001275,0.005110,0.07840907247204117,0.5462887411908166,0.00,0.00,0.00,0.000000,127.7,,,,,,
1776548263.842794,721,127.9,track,ekf,,620,536,-0.015469,0.136130,0.541428,-0.000146,0.001285,0.005108,0.08706014323647984,,0.00,0.00,0.00,0.000000,97.2,,,,,,
1776548263.940273,722,97.5,track,ekf,,620,536,-0.015484,0.136255,0.541925,-0.000146,0.001287,0.005107,0.09439385413661469,,0.00,0.00,0.00,0.000000,95.4,,,,,,
1776548264.035854,723,95.6,track,ekf,,620,536,-0.015498,0.136378,0.542414,-0.000146,0.001287,0.005107,0.10219591870201998,,0.00,0.00,0.00,0.000000,97.5,,,,,,
1776548264.133668,724,97.8,detect,ekf,,620,536,-0.015512,0.136504,0.542913,-0.000146,0.001286,0.005108,0.11074981199876245,,0.00,0.00,0.00,0.000000,261.1,,,,,,
1776548264.395095,725,261.4,track,ekf,,620,536,-0.015621,0.137463,0.546732,-0.000199,0.001749,0.006963,0.08239586145254185,0.5481633928185923,0.00,0.00,0.00,0.000000,126.3,,,,,,
1776548264.521694,726,126.6,track,ekf,,620,536,-0.015646,0.137686,0.547613,-0.000199,0.001752,0.006962,0.09081764584547174,,0.00,0.00,0.00,0.000000,95.2,,,,,,
1776548264.617224,727,95.5,track,ekf,,620,536,-0.015665,0.137853,0.548279,-0.000199,0.001752,0.006962,0.09792992645911781,,0.00,0.00,0.00,0.000000,95.9,,,,,,
1776548264.713530,728,96.3,track,ekf,,620,536,-0.015684,0.138022,0.548949,-0.000199,0.001752,0.006962,0.10572559988596618,,0.00,0.00,0.00,0.000000,95.8,,,,,,
1776548264.809569,729,96.0,track,ekf,,620,536,-0.015703,0.138190,0.549618,-0.000199,0.001751,0.006962,0.11406651332460076,,0.00,0.00,0.00,0.000000,98.2,,,,,,
1776548264.908097,730,98.5,track,ekf,,620,536,-0.015603,0.137305,0.546096,-0.000107,0.000943,0.003725,0.07925090640682045,0.5431381170034905,0.00,0.00,0.00,0.000000,131.1,,,,,,
1776548265.039464,731,131.4,track,ekf,,620,536,-0.015617,0.137428,0.546585,-0.000106,0.000936,0.003726,0.08799543460643618,,0.00,0.00,0.00,0.000000,98.9,,,,,,
1776548265.138607,732,99.1,track,ekf,,620,536,-0.015627,0.137520,0.546955,-0.000106,0.000935,0.003727,0.09539669294977092,,0.00,0.00,0.00,0.000000,96.8,,,,,,
1776548265.235813,733,97.2,track,ekf,,620,536,-0.015638,0.137611,0.547317,-0.000106,0.000935,0.003726,0.10330476139089563,,0.00,0.00,0.00,0.000000,95.3,,,,,,
1776548265.331364,734,95.6,track,ekf,,620,536,-0.015648,0.137701,0.547673,-0.000106,0.000936,0.003726,0.1116459604399375,,0.00,0.00,0.00,0.000000,96.7,,,,,,
1776548265.428245,735,96.9,track,ekf,,620,536,-0.015743,0.138536,0.550999,-0.000173,0.001520,0.006065,0.07856556925607482,0.5531721912281466,0.00,0.00,0.00,0.000000,127.5,,,,,,
1776548265.556025,736,127.8,track,ekf,,620,536,-0.015765,0.138731,0.551774,-0.000173,0.001525,0.006064,0.08717627582994436,,0.00,0.00,0.00,0.000000,98.8,,,,,,
1776548265.655038,737,99.0,track,ekf,,620,536,-0.015782,0.138883,0.552374,-0.000173,0.001526,0.006063,0.09462609066051055,,0.00,0.00,0.00,0.000000,101.2,,,,,,
1776548265.756608,738,101.6,track,ekf,,620,536,-0.015800,0.139038,0.552990,-0.000173,0.001526,0.006063,0.10295486924607017,,0.00,0.00,0.00,0.000000,98.2,,,,,,
1776548265.855028,739,98.4,track,ekf,,620,536,-0.015817,0.139188,0.553587,-0.000173,0.001525,0.006063,0.11161870700932906,,0.00,0.00,0.00,0.000000,98.9,,,,,,
1776548265.954117,740,99.1,track,ekf,,620,536,-0.015769,0.138771,0.551927,-0.000122,0.001077,0.004269,0.07863968720444611,0.5502764952512268,0.00,0.00,0.00,0.000000,135.8,,,,,,
1776548266.090185,741,136.1,track,ekf,,620,536,-0.015786,0.138916,0.552508,-0.000122,0.001073,0.004270,0.08789346011740316,,0.00,0.00,0.00,0.000000,104.1,,,,,,
1776548266.194623,742,104.4,track,ekf,,620,536,-0.015799,0.139028,0.552954,-0.000122,0.001073,0.004270,0.09584529941400464,,0.00,0.00,0.00,0.000000,98.2,,,,,,
1776548266.293105,743,98.5,track,ekf,,620,536,-0.015811,0.139134,0.553374,-0.000122,0.001073,0.004270,0.10399753246439515,,0.00,0.00,0.00,0.000000,95.6,,,,,,
1776548266.388926,744,95.8,track,ekf,,620,536,-0.015822,0.139237,0.553783,-0.000122,0.001073,0.004270,0.11248501099149748,,0.00,0.00,0.00,0.000000,96.7,,,,,,
1776548266.485993,745,97.1,track,ekf,,620,536,-0.015729,0.138419,0.550524,-0.000040,0.000348,0.001364,0.07883232393272702,0.5478746498651517,0.00,0.00,0.00,0.000000,129.7,,,,,,
1776548266.615933,746,129.9,track,ekf,,620,536,-0.015734,0.138462,0.550701,-0.000039,0.000343,0.001365,0.08763095790861444,,0.00,0.00,0.00,0.000000,98.1,,,,,,
1776548266.714250,747,98.3,track,ekf,,620,536,-0.015738,0.138496,0.550836,-0.000039,0.000342,0.001365,0.0950475855283041,,0.00,0.00,0.00,0.000000,98.9,,,,,,
1776548266.813314,748,99.1,track,ekf,,620,536,-0.015742,0.138530,0.550971,-0.000039,0.000342,0.001365,0.10316892917435223,,0.00,0.00,0.00,0.000000,99.1,,,,,,
1776548266.912667,749,99.4,track,ekf,,620,536,-0.015746,0.138564,0.551107,-0.000039,0.000342,0.001365,0.11190248312243715,,0.00,0.00,0.00,0.000000,100.5,,,,,,
1776548267.013543,750,100.9,track,ekf,,620,536,-0.015673,0.137920,0.548543,0.000022,-0.000190,-0.000767,0.07875833514635538,0.5465866659981903,0.00,0.00,0.00,0.000000,130.5,,,,,,
1776548267.144319,751,130.8,track,ekf,,620,536,-0.015670,0.137895,0.548443,0.000022,-0.000193,-0.000766,0.08759270858750909,,0.00,0.00,0.00,0.000000,98.7,,,,,,
1776548267.243611,752,99.3,track,ekf,,620,536,-0.015668,0.137875,0.548367,0.000022,-0.000194,-0.000766,0.09507402140520377,,0.00,0.00,0.00,0.000000,98.0,,,,,,
1776548267.342122,753,98.5,track,ekf,,620,536,-0.015665,0.137856,0.548292,0.000022,-0.000194,-0.000766,0.10314107335324808,,0.00,0.00,0.00,0.000000,97.6,,,,,,
1776548267.440176,754,98.1,detect,ekf,,619,536,-0.016241,0.137834,0.548200,-0.002683,-0.000206,-0.000841,0.1117468404555421,,0.00,0.00,0.00,0.000000,264.4,,,,,,
1776548267.704801,755,264.6,track,ekf,,620,536,-0.015618,0.136550,0.543091,0.000719,-0.001106,-0.004402,0.08270371611698767,0.5401937100431675,0.00,0.00,0.00,0.000000,128.9,,,,,,
1776548267.833985,756,129.2,track,ekf,,620,536,-0.015505,0.136405,0.542519,0.000811,-0.001110,-0.004401,0.0912663359867582,,0.00,0.00,0.00,0.000000,96.5,,,,,,
1776548267.930711,757,96.7,track,ekf,,620,536,-0.015474,0.136298,0.542093,0.000576,-0.001110,-0.004407,0.09847456800826065,,0.00,0.00,0.00,0.000000,97.1,,,,,,
1776548268.028082,758,97.4,track,ekf,,620,536,-0.015461,0.136189,0.541660,0.000364,-0.001111,-0.004415,0.10637037129479109,,0.00,0.00,0.00,0.000000,97.1,,,,,,
1776548268.125579,759,97.5,track,ekf,,620,536,-0.015454,0.136080,0.541227,0.000231,-0.001112,-0.004420,0.1148589159686902,,0.00,0.00,0.00,0.000000,96.4,,,,,,
1776548268.222171,760,96.6,track,ekf,,620,536,-0.015560,0.136975,0.544791,0.000077,-0.000348,-0.001361,0.07941169760730041,0.5475683199165644,0.00,0.00,0.00,0.000000,126.2,,,,,,
1776548268.348617,761,126.4,track,ekf,,620,536,-0.015558,0.136932,0.544619,0.000042,-0.000342,-0.001363,0.08780244078259875,,0.00,0.00,0.00,0.000000,95.5,,,,,,
1776548268.444461,762,95.8,track,ekf,,620,536,-0.015556,0.136900,0.544488,0.000033,-0.000341,-0.001363,0.09491452749912806,,0.00,0.00,0.00,0.000000,95.7,,,,,,
1776548268.540447,763,96.0,track,ekf,,620,536,-0.015553,0.136867,0.544357,0.000033,-0.000341,-0.001363,0.10267329299239585,,0.00,0.00,0.00,0.000000,96.2,,,,,,
1776548268.636868,764,96.4,track,ekf,,620,536,-0.015549,0.136834,0.544226,0.000035,-0.000342,-0.001363,0.11104491139220901,,0.00,0.00,0.00,0.000000,157.6,,,,,,
