timestamp,frame,dt_ms,mode,pipeline,run_tag,centroid_u,centroid_v,ekf_x,ekf_y,ekf_z,ekf_vx,ekf_vy,ekf_vz,ekf_uncertainty,depth_metric,servo_dx_mm,servo_dy_mm,servo_dz_mm,err_m,iter_time_ms,robot_x_mm,robot_y_mm,robot_z_mm,fp_raw_x,fp_raw_y,fp_raw_z
1776550963.509551,1,100.7,detect,foundationpose,,586,513,-0.044388,0.125064,0.573766,0.000000,0.000000,0.000000,0.3,0.5737663507461548,0.00,0.00,0.00,0.000000,2670.2,,,,-0.044388,0.125064,0.573766
1776550966.180029,2,2670.5,track,foundationpose,,585,513,-0.044981,0.125448,0.572621,-0.000221,0.000143,-0.000423,0.013856283155038028,0.5726206302642822,0.00,0.00,0.00,0.000000,54.8,,,,-0.044981,0.125448,0.572621
1776550966.235065,3,55.0,track,foundationpose,,586,514,-0.044277,0.125647,0.572915,0.007084,0.002090,0.003000,0.011767879218655273,0.5730317234992981,0.00,0.00,0.00,0.000000,26.3,,,,-0.043994,0.125722,0.573032
1776550966.261596,4,26.5,track,foundationpose,,586,513,-0.044323,0.125282,0.572895,0.004513,-0.002531,0.001875,0.010525048951780504,0.5728247165679932,0.00,0.00,0.00,0.000000,29.6,,,,-0.044497,0.124970,0.572825
1776550966.291422,5,29.8,track,foundationpose,,585,513,-0.044458,0.125244,0.572819,0.001733,-0.002149,0.000488,0.010194747385019172,0.5727095007896423,0.00,0.00,0.00,0.000000,26.6,,,,-0.044688,0.125276,0.572710
1776550966.318239,6,26.8,track,foundationpose,,585,513,-0.044708,0.125197,0.572754,-0.001028,-0.002050,-0.000251,0.009746158346047206,0.5726743936538696,0.00,0.00,0.00,0.000000,26.3,,,,-0.045013,0.125208,0.572674
1776550966.345070,7,26.8,track,foundationpose,,586,513,-0.044351,0.125037,0.572821,0.002180,-0.002923,0.000372,0.009397990573200144,0.5729072093963623,0.00,0.00,0.00,0.000000,28.1,,,,-0.043898,0.124914,0.572907
1776550966.373446,8,28.4,track,foundationpose,,586,513,-0.044281,0.125067,0.572812,0.002242,-0.002079,0.000226,0.009170240203250366,0.5727872848510742,0.00,0.00,0.00,0.000000,19.6,,,,-0.044270,0.125212,0.572787
1776550966.393262,9,19.8,track,foundationpose,,585,513,-0.044448,0.125147,0.572723,0.000753,-0.001223,-0.000436,0.008575711091436702,0.5725727081298828,0.00,0.00,0.00,0.000000,14.4,,,,-0.044789,0.125343,0.572573
1776550966.407885,10,14.6,track,foundationpose,,585,513,-0.044498,0.125254,0.572704,0.000338,-0.000369,-0.000519,0.007972864890151993,0.5726800560951233,0.00,0.00,0.00,0.000000,14.9,,,,-0.044620,0.125507,0.572680
1776550966.423052,11,15.2,track,foundationpose,,585,512,-0.044531,0.125076,0.572755,0.000083,-0.001520,-0.000128,0.007616745392601564,0.5728898048400879,0.00,0.00,0.00,0.000000,13.4,,,,-0.044619,0.124678,0.572890
1776550966.436707,12,13.7,track,foundationpose,,585,513,-0.044609,0.125189,0.572754,-0.000442,-0.000643,-0.000123,0.0073102084366488285,0.5727562308311462,0.00,0.00,0.00,0.000000,17.8,,,,-0.044817,0.125536,0.572756
1776550966.454730,13,18.0,track,foundationpose,,585,513,-0.044710,0.125240,0.572733,-0.001038,-0.000238,-0.000242,0.007298220524362438,0.5726851224899292,0.00,0.00,0.00,0.000000,12.6,,,,-0.044952,0.125404,0.572685
1776550966.467610,14,12.9,track,foundationpose,,586,513,-0.044530,0.125239,0.572819,0.000189,-0.000231,0.000323,0.007048302267770216,0.5730738043785095,0.00,0.00,0.00,0.000000,18.4,,,,-0.043976,0.125242,0.573074
1776550966.486231,15,18.6,track,foundationpose,,586,513,-0.044458,0.125300,0.572816,0.000617,0.000179,0.000269,0.007130508538284337,0.5727921724319458,0.00,0.00,0.00,0.000000,13.2,,,,-0.044267,0.125483,0.572792
1776550966.499690,16,13.5,track,foundationpose,,586,513,-0.044407,0.125272,0.572780,0.000882,-0.000006,0.000021,0.006948077722516807,0.5726603269577026,0.00,0.00,0.00,0.000000,16.0,,,,-0.044279,0.125183,0.572660
1776550966.516019,17,16.3,track,foundationpose,,586,513,-0.044385,0.125295,0.572769,0.000928,0.000129,-0.000048,0.006946050682742357,0.5727349519729614,0.00,0.00,0.00,0.000000,13.6,,,,-0.044363,0.125361,0.572735
1776550966.529799,18,13.8,track,foundationpose,,585,513,-0.044532,0.125308,0.572715,-0.000041,0.000200,-0.000369,0.006827497133805037,0.5725501775741577,0.00,0.00,0.00,0.000000,16.1,,,,-0.045032,0.125345,0.572550
1776550966.546131,19,16.3,track,foundationpose,,585,514,-0.044629,0.125424,0.572737,-0.000616,0.000873,-0.000203,0.006854486556157257,0.5728223323822021,0.00,0.00,0.00,0.000000,14.0,,,,-0.044925,0.125770,0.572822
1776550966.560411,20,14.3,track,foundationpose,,586,513,-0.044472,0.125386,0.572771,0.000373,0.000572,0.000020,0.006779746504709209,0.5728901028633118,0.00,0.00,0.00,0.000000,13.9,,,,-0.043944,0.125225,0.572890
1776550966.574538,21,14.1,track,foundationpose,,586,513,-0.044443,0.125395,0.572834,0.000510,0.000579,0.000391,0.006719107521039168,0.5730370879173279,0.00,0.00,0.00,0.000000,17.4,,,,-0.044368,0.125399,0.573037
1776550966.592187,22,17.6,track,foundationpose,,585,513,-0.044519,0.125432,0.572852,0.000014,0.000739,0.000458,0.0068280612203613,0.5728881359100342,0.00,0.00,0.00,0.000000,15.3,,,,-0.044781,0.125517,0.572888
1776550966.607687,23,15.5,track,foundationpose,,585,513,-0.044590,0.125407,0.572825,-0.000406,0.000522,0.000258,0.0068069977040728456,0.5727178454399109,0.00,0.00,0.00,0.000000,16.1,,,,-0.044815,0.125290,0.572718
1776550966.624007,24,16.3,track,foundationpose,,585,513,-0.044670,0.125283,0.572803,-0.000830,-0.000247,0.000101,0.006825327272526286,0.5727182030677795,0.00,0.00,0.00,0.000000,13.4,,,,-0.044897,0.124872,0.572718
1776550966.637593,25,13.6,track,foundationpose,,586,512,-0.044635,0.125081,0.572845,-0.000564,-0.001405,0.000341,0.006718658140329788,0.5729798078536987,0.00,0.00,0.00,0.000000,14.7,,,,-0.044486,0.124434,0.572980
1776550966.652533,26,14.9,track,foundationpose,,586,512,-0.044563,0.124934,0.572837,-0.000098,-0.002139,0.000262,0.006702496179267183,0.5727920532226562,0.00,0.00,0.00,0.000000,12.6,,,,-0.044301,0.124520,0.572792
1776550966.665383,27,12.9,track,foundationpose,,586,512,-0.044560,0.124856,0.572829,-0.000074,-0.002433,0.000198,0.006600697825039617,0.5727918148040771,0.00,0.00,0.00,0.000000,14.9,,,,-0.044546,0.124684,0.572792
1776550966.680504,28,15.1,track,foundationpose,,585,513,-0.044593,0.124889,0.572801,-0.000256,-0.002027,0.000017,0.006628286119324447,0.5726966261863708,0.00,0.00,0.00,0.000000,13.5,,,,-0.044698,0.125123,0.572697
1776550966.694169,29,13.7,track,foundationpose,,586,513,-0.044572,0.124840,0.572761,-0.000112,-0.002147,-0.000219,0.006584792478380042,0.5726222395896912,0.00,0.00,0.00,0.000000,13.7,,,,-0.044487,0.124770,0.572622
1776550966.708107,30,13.9,track,foundationpose,,585,513,-0.044617,0.124893,0.572744,-0.000371,-0.001664,-0.000302,0.006566454951953909,0.5726944804191589,0.00,0.00,0.00,0.000000,14.7,,,,-0.044770,0.125178,0.572694
1776550966.723073,31,15.0,track,foundationpose,,586,513,-0.044587,0.124916,0.572730,-0.000162,-0.001386,-0.000354,0.006598795542538163,0.5727003216743469,0.00,0.00,0.00,0.000000,12.8,,,,-0.044466,0.125077,0.572700
1776550966.736254,32,13.2,track,foundationpose,,585,512,-0.044628,0.124854,0.572746,-0.000388,-0.001638,-0.000235,0.006543851556220586,0.5728164315223694,0.00,0.00,0.00,0.000000,14.8,,,,-0.044762,0.124705,0.572816
1776550966.751314,33,15.1,track,foundationpose,,586,513,-0.044608,0.124871,0.572754,-0.000237,-0.001397,-0.000165,0.006587381277896621,0.572795033454895,0.00,0.00,0.00,0.000000,14.1,,,,-0.044520,0.125012,0.572795
1776550966.765607,34,14.3,track,foundationpose,,586,512,-0.044432,0.124823,0.572776,0.000815,-0.001563,-0.000023,0.006584531253025606,0.5728598833084106,0.00,0.00,0.00,0.000000,16.1,,,,-0.043816,0.124725,0.572860
1776550966.781999,35,16.4,track,foundationpose,,585,513,-0.044529,0.124970,0.572788,0.000169,-0.000555,0.000047,0.006673409701099218,0.5728273391723633,0.00,0.00,0.00,0.000000,12.8,,,,-0.044895,0.125541,0.572827
1776550966.794986,36,13.0,track,foundationpose,,585,513,-0.044567,0.124925,0.572791,-0.000063,-0.000773,0.000060,0.006587070355227206,0.5727978944778442,0.00,0.00,0.00,0.000000,15.5,,,,-0.044703,0.124797,0.572798
1776550966.810760,37,15.8,track,foundationpose,,586,513,-0.044397,0.124897,0.572824,0.000934,-0.000864,0.000246,0.006647340598888599,0.5729306936264038,0.00,0.00,0.00,0.000000,19.1,,,,-0.043824,0.124845,0.572931
1776550966.830054,38,19.3,track,foundationpose,,585,513,-0.044527,0.124964,0.572826,0.000076,-0.000382,0.000232,0.00683919263146673,0.5728182792663574,0.00,0.00,0.00,0.000000,17.9,,,,-0.044988,0.125223,0.572818
1776550966.848239,39,18.2,track,foundationpose,,586,512,-0.044524,0.124858,0.572812,0.000087,-0.000948,0.000128,0.006919947326027874,0.5727575421333313,0.00,0.00,0.00,0.000000,15.6,,,,-0.044518,0.124561,0.572758
1776550966.864043,40,15.8,track,foundationpose,,587,513,-0.044317,0.124897,0.572886,0.001259,-0.000643,0.000539,0.006871713364925065,0.5731062889099121,0.00,0.00,0.00,0.000000,16.9,,,,-0.043689,0.125061,0.573106
1776550966.881165,41,17.1,track,foundationpose,,585,513,-0.044440,0.125020,0.572821,0.000439,0.000123,0.000119,0.006892816326371908,0.572597324848175,0.00,0.00,0.00,0.000000,13.3,,,,-0.044877,0.125429,0.572597
1776550966.894671,42,13.5,track,foundationpose,,586,513,-0.044288,0.125053,0.572860,0.001269,0.000304,0.000330,0.0067539225933077734,0.5729784965515137,0.00,0.00,0.00,0.000000,16.0,,,,-0.043822,0.125155,0.572978
1776550966.911019,43,16.3,track,foundationpose,,585,513,-0.044448,0.125112,0.572815,0.000238,0.000609,0.000044,0.0067792169183654135,0.572655975818634,0.00,0.00,0.00,0.000000,16.6,,,,-0.045022,0.125281,0.572656
1776550966.927824,44,16.8,track,foundationpose,,585,514,-0.044544,0.125263,0.572829,-0.000333,0.001411,0.000119,0.0068163729726949795,0.5728700160980225,0.00,0.00,0.00,0.000000,14.7,,,,-0.044857,0.125703,0.572870
1776550966.942850,45,15.0,track,foundationpose,,585,512,-0.044610,0.125111,0.572846,-0.000680,0.000425,0.000204,0.006766660578465348,0.5728937387466431,0.00,0.00,0.00,0.000000,14.2,,,,-0.044804,0.124560,0.572894
1776550966.957232,46,14.4,track,foundationpose,,585,513,-0.044613,0.125149,0.572802,-0.000643,0.000609,-0.000062,0.006705584191184079,0.5726502537727356,0.00,0.00,0.00,0.000000,12.1,,,,-0.044592,0.125254,0.572650
1776550966.969679,47,12.4,track,foundationpose,,585,514,-0.044635,0.125257,0.572791,-0.000723,0.001187,-0.000124,0.0065810126632524606,0.5727540254592896,0.00,0.00,0.00,0.000000,13.1,,,,-0.044682,0.125602,0.572754
1776550966.983065,48,13.4,track,foundationpose,,585,513,-0.044648,0.125207,0.572796,-0.000741,0.000804,-0.000086,0.006535623945015438,0.57281893491745,0.00,0.00,0.00,0.000000,11.9,,,,-0.044659,0.124976,0.572819
1776550966.995219,49,12.2,track,foundationpose,,586,513,-0.044604,0.125194,0.572826,-0.000436,0.000668,0.000097,0.006451459341260378,0.5729395747184753,0.00,0.00,0.00,0.000000,18.7,,,,-0.044416,0.125110,0.572940
1776550967.014183,50,19.0,track,foundationpose,,585,513,-0.044646,0.125278,0.572782,-0.000631,0.001086,-0.000172,0.006690057013386714,0.5726297497749329,0.00,0.00,0.00,0.000000,13.2,,,,-0.044757,0.125514,0.572630
1776550967.027546,51,13.4,track,foundationpose,,586,513,-0.044617,0.125317,0.572816,-0.000413,0.001228,0.000043,0.006614339561148208,0.5729407072067261,0.00,0.00,0.00,0.000000,13.3,,,,-0.044490,0.125399,0.572941
1776550967.041071,52,13.5,track,foundationpose,,586,513,-0.044588,0.125333,0.572790,-0.000208,0.001226,-0.000116,0.006568528609857925,0.5726962685585022,0.00,0.00,0.00,0.000000,14.3,,,,-0.044467,0.125332,0.572696
1776550967.055611,53,14.5,track,foundationpose,,585,514,-0.044623,0.125443,0.572767,-0.000394,0.001764,-0.000239,0.006580996262213816,0.5726945996284485,0.00,0.00,0.00,0.000000,12.4,,,,-0.044732,0.125759,0.572695
1776550967.068244,54,12.6,track,foundationpose,,585,513,-0.044649,0.125400,0.572787,-0.000519,0.001382,-0.000105,0.006506955458908541,0.5728673338890076,0.00,0.00,0.00,0.000000,16.3,,,,-0.044724,0.125170,0.572867
1776550967.084761,55,16.5,track,foundationpose,,586,513,-0.044640,0.125388,0.572790,-0.000417,0.001175,-0.000078,0.006624802323397953,0.5728051066398621,0.00,0.00,0.00,0.000000,15.1,,,,-0.044581,0.125268,0.572805
1776550967.100135,56,15.4,track,foundationpose,,585,514,-0.044676,0.125479,0.572789,-0.000588,0.001605,-0.000073,0.006657240066633063,0.5727922916412354,0.00,0.00,0.00,0.000000,16.0,,,,-0.044774,0.125725,0.572792
1776550967.116431,57,16.3,track,foundationpose,,585,513,-0.044690,0.125491,0.572816,-0.000618,0.001519,0.000089,0.006718798225256168,0.5729061961174011,0.00,0.00,0.00,0.000000,12.8,,,,-0.044707,0.125443,0.572906
1776550967.129483,58,13.1,track,foundationpose,,585,513,-0.044731,0.125523,0.572837,-0.000806,0.001589,0.000203,0.0066205239878113055,0.5729033946990967,0.00,0.00,0.00,0.000000,16.3,,,,-0.044841,0.125563,0.572903
1776550967.146150,59,16.7,track,foundationpose,,585,513,-0.044734,0.125504,0.572857,-0.000749,0.001328,0.000300,0.006707781882555518,0.5729115009307861,0.00,0.00,0.00,0.000000,14.6,,,,-0.044702,0.125357,0.572912
1776550967.160986,60,14.8,track,foundationpose,,585,513,-0.044721,0.125433,0.572888,-0.000609,0.000802,0.000452,0.006688966916057501,0.5729737281799316,0.00,0.00,0.00,0.000000,14.2,,,,-0.044642,0.125134,0.572974
1776550967.175552,61,14.6,track,foundationpose,,586,514,-0.044669,0.125490,0.572867,-0.000255,0.001066,0.000293,0.006663837408178247,0.572775661945343,0.00,0.00,0.00,0.000000,22.1,,,,-0.044467,0.125642,0.572776
1776550967.197932,62,22.4,detect,foundationpose,,586,514,-0.044583,0.125573,0.572911,0.000273,0.001401,0.000507,0.006977796091102603,0.573020339012146,0.00,0.00,0.00,0.000000,1375.5,,,,-0.044311,0.125745,0.573020
1776550968.573693,63,1375.8,track,foundationpose,,586,513,-0.044014,0.125635,0.572986,0.000403,0.000147,0.000088,0.013739770107291807,0.5729750394821167,0.00,0.00,0.00,0.000000,46.2,,,,-0.044011,0.125603,0.572975
1776550968.620118,64,46.4,track,foundationpose,,586,514,-0.044243,0.125685,0.572996,-0.001272,0.000440,0.000129,0.010848525333452291,0.5729995369911194,0.00,0.00,0.00,0.000000,24.5,,,,-0.044399,0.125712,0.573000
1776550968.644853,65,24.7,track,foundationpose,,585,513,-0.044599,0.125643,0.572970,-0.004159,-0.000031,-0.000132,0.009714007257224804,0.5729390382766724,0.00,0.00,0.00,0.000000,22.9,,,,-0.044936,0.125588,0.572939
1776550968.667993,66,23.1,track,foundationpose,,585,513,-0.044714,0.125510,0.572882,-0.004333,-0.001296,-0.000940,0.009261955020041951,0.5727776885032654,0.00,0.00,0.00,0.000000,26.4,,,,-0.044736,0.125346,0.572778
1776550968.694593,67,26.6,track,foundationpose,,586,513,-0.044710,0.125424,0.572798,-0.003230,-0.001774,-0.001491,0.00923221807871788,0.572722852230072,0.00,0.00,0.00,0.000000,23.3,,,,-0.044560,0.125359,0.572723
1776550968.718138,68,23.5,track,foundationpose,,585,513,-0.044914,0.125444,0.572791,-0.004331,-0.001236,-0.001247,0.008978618870925234,0.5728300213813782,0.00,0.00,0.00,0.000000,23.1,,,,-0.045091,0.125531,0.572830
1776550968.741481,69,23.3,track,foundationpose,,585,513,-0.045038,0.125492,0.572786,-0.004519,-0.000626,-0.001053,0.008752241713582092,0.5728225708007812,0.00,0.00,0.00,0.000000,23.5,,,,-0.045074,0.125608,0.572823
1776550968.765186,70,23.7,track,foundationpose,,585,514,-0.045102,0.125589,0.572724,-0.004201,0.000196,-0.001328,0.008568416646015539,0.5726635456085205,0.00,0.00,0.00,0.000000,26.1,,,,-0.045033,0.125770,0.572664
1776550968.791478,71,26.3,track,foundationpose,,586,513,-0.044761,0.125469,0.572782,-0.001139,-0.000653,-0.000699,0.008508934691998697,0.5729345679283142,0.00,0.00,0.00,0.000000,14.7,,,,-0.044015,0.125262,0.572935
1776550968.806757,72,15.3,track,foundationpose,,586,513,-0.044643,0.125453,0.572782,-0.000251,-0.000697,-0.000626,0.00794136250022803,0.5728048086166382,0.00,0.00,0.00,0.000000,14.9,,,,-0.044367,0.125439,0.572805
1776550968.821873,73,15.1,track,foundationpose,,586,513,-0.044502,0.125414,0.572855,0.000679,-0.000877,-0.000096,0.0075736889211359916,0.5730486512184143,0.00,0.00,0.00,0.000000,12.8,,,,-0.044163,0.125348,0.573049
1776550968.834849,74,13.0,track,foundationpose,,586,513,-0.044384,0.125425,0.572886,0.001374,-0.000735,0.000109,0.007234642670222953,0.5729725360870361,0.00,0.00,0.00,0.000000,17.2,,,,-0.044092,0.125485,0.572973
1776550968.852337,75,17.5,track,foundationpose,,586,513,-0.044341,0.125331,0.572859,0.001490,-0.001238,-0.000074,0.007205215630013023,0.5727791786193848,0.00,0.00,0.00,0.000000,12.8,,,,-0.044291,0.125114,0.572779
1776550968.865386,76,13.0,track,foundationpose,,586,513,-0.044248,0.125273,0.572830,0.001947,-0.001498,-0.000243,0.006981806129415713,0.5727500319480896,0.00,0.00,0.00,0.000000,17.1,,,,-0.044031,0.125150,0.572750
1776550968.882793,77,17.4,track,foundationpose,,586,513,-0.044282,0.125305,0.572890,0.001531,-0.001144,0.000148,0.007018795459627549,0.5730758905410767,0.00,0.00,0.00,0.000000,17.1,,,,-0.044480,0.125473,0.573076
1776550968.900228,78,17.4,track,foundationpose,,586,513,-0.044207,0.125308,0.572957,0.001827,-0.001008,0.000535,0.007037996641163625,0.5731414556503296,0.00,0.00,0.00,0.000000,19.7,,,,-0.044065,0.125373,0.573141
1776550968.920123,79,19.9,track,foundationpose,,586,514,-0.044254,0.125442,0.573005,0.001333,-0.000092,0.000759,0.007148770451463452,0.5731095671653748,0.00,0.00,0.00,0.000000,12.6,,,,-0.044484,0.125869,0.573110
1776550968.932971,80,12.8,track,foundationpose,,586,514,-0.044283,0.125535,0.573038,0.001062,0.000460,0.000891,0.006914612450753634,0.5731050968170166,0.00,0.00,0.00,0.000000,16.0,,,,-0.044421,0.125818,0.573105
1776550968.949250,81,16.3,track,foundationpose,,586,513,-0.044207,0.125489,0.573059,0.001406,0.000145,0.000929,0.006900647255329484,0.5730783343315125,0.00,0.00,0.00,0.000000,12.9,,,,-0.044029,0.125326,0.573078
1776550968.962421,82,13.2,track,foundationpose,,586,513,-0.044230,0.125501,0.573047,0.001161,0.000203,0.000789,0.006755501724847722,0.5729702711105347,0.00,0.00,0.00,0.000000,15.4,,,,-0.044364,0.125532,0.572970
1776550968.978091,83,15.7,track,foundationpose,,585,514,-0.044424,0.125518,0.572910,-0.000082,0.000284,-0.000085,0.006762594697917885,0.5724321007728577,0.00,0.00,0.00,0.000000,15.3,,,,-0.045103,0.125562,0.572432
1776550968.993646,84,15.6,track,foundationpose,,586,513,-0.044417,0.125495,0.572903,-0.000034,0.000127,-0.000117,0.006761817707796332,0.5728859305381775,0.00,0.00,0.00,0.000000,14.4,,,,-0.044391,0.125409,0.572886
1776550969.008270,85,14.6,track,foundationpose,,585,513,-0.044585,0.125520,0.572895,-0.001009,0.000260,-0.000151,0.006720364163763865,0.5728760957717896,0.00,0.00,0.00,0.000000,14.5,,,,-0.045128,0.125594,0.572876
1776550969.023049,86,14.8,track,foundationpose,,585,514,-0.044692,0.125655,0.572877,-0.001546,0.001025,-0.000247,0.0066978927275592685,0.5728228688240051,0.00,0.00,0.00,0.000000,12.8,,,,-0.044993,0.126084,0.572823
1776550969.036278,87,13.2,track,foundationpose,,585,513,-0.044780,0.125609,0.572833,-0.001942,0.000681,-0.000487,0.006614994686800222,0.5726935267448425,0.00,0.00,0.00,0.000000,15.0,,,,-0.045009,0.125410,0.572694
1776550969.051504,88,15.2,track,foundationpose,,585,514,-0.044867,0.125657,0.572793,-0.002277,0.000899,-0.000672,0.006643953091812361,0.5726872086524963,0.00,0.00,0.00,0.000000,12.0,,,,-0.045059,0.125782,0.572687
1776550969.063684,89,12.2,track,foundationpose,,585,514,-0.044934,0.125665,0.572767,-0.002506,0.000882,-0.000781,0.006531859057406574,0.5727015733718872,0.00,0.00,0.00,0.000000,15.3,,,,-0.045070,0.125654,0.572702
1776550969.079189,90,15.5,track,foundationpose,,585,513,-0.044943,0.125584,0.572730,-0.002335,0.000324,-0.000925,0.006598615446902181,0.5726461410522461,0.00,0.00,0.00,0.000000,14.7,,,,-0.044844,0.125259,0.572646
1776550969.094131,91,14.9,track,foundationpose,,585,513,-0.044900,0.125500,0.572668,-0.001877,-0.000191,-0.001206,0.006621059725463017,0.5725060701370239,0.00,0.00,0.00,0.000000,14.6,,,,-0.044635,0.125203,0.572506
1776550969.109055,92,14.9,track,foundationpose,,586,513,-0.044826,0.125439,0.572666,-0.001279,-0.000536,-0.001115,0.00663573582444373,0.5727183222770691,0.00,0.00,0.00,0.000000,15.8,,,,-0.044482,0.125240,0.572718
1776550969.125068,93,16.0,track,foundationpose,,585,514,-0.044865,0.125572,0.572603,-0.001386,0.000290,-0.001375,0.006692495872717192,0.572456419467926,0.00,0.00,0.00,0.000000,16.1,,,,-0.044925,0.126037,0.572456
1776550969.141387,94,16.3,track,foundationpose,,585,514,-0.044929,0.125723,0.572587,-0.001630,0.001140,-0.001340,0.006743898560255536,0.5726064443588257,0.00,0.00,0.00,0.000000,15.6,,,,-0.045064,0.126194,0.572606
1776550969.157179,95,15.8,track,foundationpose,,585,514,-0.044987,0.125791,0.572595,-0.001815,0.001430,-0.001171,0.006755382360873097,0.5726882815361023,0.00,0.00,0.00,0.000000,13.1,,,,-0.045090,0.125952,0.572688
1776550969.170496,96,13.3,track,foundationpose,,585,514,-0.045035,0.125836,0.572637,-0.001952,0.001578,-0.000834,0.006656093836512875,0.5728315711021423,0.00,0.00,0.00,0.000000,16.0,,,,-0.045113,0.125921,0.572832
1776550969.186704,97,16.2,track,foundationpose,,585,514,-0.045049,0.125898,0.572587,-0.001852,0.001793,-0.001049,0.006711284561506386,0.5724658370018005,0.00,0.00,0.00,0.000000,12.2,,,,-0.044993,0.126019,0.572466
1776550969.199092,98,12.4,track,foundationpose,,585,514,-0.045065,0.125931,0.572608,-0.001813,0.001853,-0.000850,0.006584984653193275,0.5727254152297974,0.00,0.00,0.00,0.000000,17.4,,,,-0.045042,0.125966,0.572725
1776550969.216807,99,17.7,track,foundationpose,,585,514,-0.045075,0.125963,0.572579,-0.001685,0.001849,-0.000929,0.006726838412359963,0.5725351572036743,0.00,0.00,0.00,0.000000,12.7,,,,-0.045003,0.125960,0.572535
1776550969.229733,100,12.9,track,foundationpose,,586,514,-0.044946,0.125985,0.572615,-0.000807,0.001838,-0.000652,0.006619177051698973,0.572776734828949,0.00,0.00,0.00,0.000000,16.1,,,,-0.044434,0.125979,0.572777
1776550969.246068,101,16.3,track,foundationpose,,586,513,-0.044825,0.125874,0.572613,-0.000031,0.001019,-0.000603,0.006691280723706947,0.5726410746574402,0.00,0.00,0.00,0.000000,14.6,,,,-0.044385,0.125409,0.572641
1776550969.260885,102,14.8,track,foundationpose,,586,513,-0.044748,0.125800,0.572645,0.000418,0.000507,-0.000364,0.0066761002804617674,0.5727815628051758,0.00,0.00,0.00,0.000000,14.3,,,,-0.044491,0.125508,0.572782
1776550969.275452,103,14.6,track,foundationpose,,586,514,-0.044640,0.125750,0.572604,0.001007,0.000173,-0.000570,0.006654770310418313,0.5724857449531555,0.00,0.00,0.00,0.000000,15.1,,,,-0.044302,0.125558,0.572486
1776550969.290830,104,15.4,track,foundationpose,,586,513,-0.044557,0.125661,0.572610,0.001401,-0.000356,-0.000487,0.006674953788498944,0.5726574063301086,0.00,0.00,0.00,0.000000,13.6,,,,-0.044331,0.125360,0.572657
1776550969.304698,105,13.9,track,foundationpose,,585,514,-0.044641,0.125730,0.572620,0.000798,0.000070,-0.000388,0.006623967150625052,0.5726781487464905,0.00,0.00,0.00,0.000000,15.6,,,,-0.044992,0.125977,0.572678
1776550969.320530,106,15.8,track,foundationpose,,586,513,-0.044448,0.125689,0.572689,0.001847,-0.000176,0.000044,0.006673396219637939,0.5729353427886963,0.00,0.00,0.00,0.000000,12.3,,,,-0.043849,0.125548,0.572935
1776550969.333056,107,12.5,track,foundationpose,,586,513,-0.044371,0.125589,0.572729,0.002160,-0.000740,0.000274,0.006565123022241279,0.5728653073310852,0.00,0.00,0.00,0.000000,15.3,,,,-0.044185,0.125254,0.572865
1776550969.348588,108,15.5,track,foundationpose,,585,514,-0.044459,0.125647,0.572699,0.001449,-0.000341,0.000075,0.00662004651973157,0.5725828409194946,0.00,0.00,0.00,0.000000,13.2,,,,-0.044872,0.125879,0.572583
1776550969.361960,109,13.4,track,foundationpose,,586,513,-0.044364,0.125636,0.572758,0.001893,-0.000375,0.000416,0.006565293632877434,0.5729605555534363,0.00,0.00,0.00,0.000000,14.7,,,,-0.044101,0.125616,0.572961
1776550969.377142,110,15.2,track,foundationpose,,586,514,-0.044218,0.125639,0.572770,0.002574,-0.000327,0.000450,0.006605889975533085,0.5727900862693787,0.00,0.00,0.00,0.000000,16.3,,,,-0.043822,0.125666,0.572790
1776550969.393716,111,16.6,track,foundationpose,,586,513,-0.044233,0.125613,0.572719,0.002242,-0.000446,0.000108,0.006694540116153683,0.5725263953208923,0.00,0.00,0.00,0.000000,14.0,,,,-0.044420,0.125546,0.572526
1776550969.407905,112,14.2,track,foundationpose,,586,513,-0.044247,0.125558,0.572740,0.001977,-0.000725,0.000221,0.006652633567619201,0.5728048086166382,0.00,0.00,0.00,0.000000,15.2,,,,-0.044399,0.125398,0.572805
1776550969.423373,113,15.5,track,foundationpose,,585,513,-0.044394,0.125471,0.572717,0.000945,-0.001165,0.000068,0.0066782812773386584,0.5726298093795776,0.00,0.00,0.00,0.000000,13.6,,,,-0.044981,0.125221,0.572630
1776550969.437304,114,13.9,track,foundationpose,,586,513,-0.044279,0.125458,0.572754,0.001535,-0.001151,0.000278,0.006629553209541683,0.5728759169578552,0.00,0.00,0.00,0.000000,17.3,,,,-0.043937,0.125466,0.572876
1776550969.454845,115,17.5,track,foundationpose,,586,513,-0.044300,0.125479,0.572800,0.001257,-0.000908,0.000512,0.006750838160382608,0.5729295015335083,0.00,0.00,0.00,0.000000,12.7,,,,-0.044454,0.125614,0.572930
1776550969.467750,116,12.9,track,foundationpose,,585,513,-0.044452,0.125434,0.572731,0.000283,-0.001101,0.000077,0.006634981984526777,0.5724785923957825,0.00,0.00,0.00,0.000000,17.5,,,,-0.045017,0.125323,0.572479
1776550969.485490,117,17.7,track,foundationpose,,585,514,-0.044578,0.125595,0.572757,-0.000471,-0.000058,0.000220,0.006762004960969581,0.5728363990783691,0.00,0.00,0.00,0.000000,13.5,,,,-0.044996,0.126173,0.572836
1776550969.499273,118,13.8,track,foundationpose,,585,513,-0.044655,0.125561,0.572727,-0.000881,-0.000255,0.000026,0.006679820654102347,0.5726159811019897,0.00,0.00,0.00,0.000000,16.3,,,,-0.044889,0.125448,0.572616
1776550969.515860,119,16.6,track,foundationpose,,585,514,-0.044748,0.125687,0.572744,-0.001332,0.000499,0.000122,0.00674287025291325,0.5727975964546204,0.00,0.00,0.00,0.000000,13.5,,,,-0.044999,0.126108,0.572798
1776550969.529571,120,13.7,track,foundationpose,,586,514,-0.044631,0.125726,0.572792,-0.000550,0.000685,0.000391,0.006663088749743619,0.5729461908340454,0.00,0.00,0.00,0.000000,16.6,,,,-0.044181,0.125833,0.572946
1776550969.546440,121,16.9,track,foundationpose,,585,514,-0.044738,0.125766,0.572759,-0.001116,0.000848,0.000162,0.006743256961971147,0.5726314783096313,0.00,0.00,0.00,0.000000,14.0,,,,-0.045054,0.125857,0.572631
1776550969.560630,122,14.2,track,foundationpose,,585,514,-0.044789,0.125840,0.572784,-0.001320,0.001204,0.000291,0.00668387255501051,0.5728572010993958,0.00,0.00,0.00,0.000000,14.2,,,,-0.044906,0.126043,0.572857
1776550969.575089,123,14.5,detect,foundationpose,,586,514,-0.044717,0.125878,0.572826,-0.000794,0.001323,0.000514,0.006654335123494042,0.5729547739028931,0.00,0.00,0.00,0.000000,1004.9,,,,-0.044414,0.125946,0.572955
1776550970.580225,124,1005.1,track,foundationpose,,586,513,-0.044234,0.125657,0.573109,0.000355,-0.000067,0.000304,0.013642794969342602,0.5731016397476196,0.00,0.00,0.00,0.000000,56.5,,,,-0.044193,0.125608,0.573102
1776550970.637093,125,56.9,track,foundationpose,,586,513,-0.044185,0.125376,0.573047,0.000524,-0.001711,-0.000166,0.01096132682802829,0.5729998350143433,0.00,0.00,0.00,0.000000,28.9,,,,-0.044168,0.125211,0.573000
1776550970.666267,126,29.2,track,foundationpose,,585,514,-0.044533,0.125463,0.572881,-0.002222,-0.000676,-0.001385,0.009797719335440588,0.572719156742096,0.00,0.00,0.00,0.000000,30.5,,,,-0.044897,0.125601,0.572719
1776550970.696990,127,30.7,track,foundationpose,,586,513,-0.044397,0.125349,0.572946,-0.000579,-0.001424,-0.000520,0.009483512371258489,0.5730682611465454,0.00,0.00,0.00,0.000000,29.5,,,,-0.044165,0.125244,0.573068
1776550970.726766,128,29.8,track,foundationpose,,586,513,-0.044414,0.125346,0.572919,-0.000577,-0.001123,-0.000606,0.009284390556190323,0.5729056596755981,0.00,0.00,0.00,0.000000,29.6,,,,-0.044414,0.125394,0.572906
1776550970.756632,129,29.9,track,foundationpose,,586,514,-0.044205,0.125654,0.573041,0.001058,0.001340,0.000406,0.009119734732151797,0.5732248425483704,0.00,0.00,0.00,0.000000,28.8,,,,-0.043909,0.126100,0.573225
1776550970.785643,130,29.0,track,foundationpose,,586,513,-0.044276,0.125673,0.573099,0.000375,0.001211,0.000716,0.00891699154398534,0.5731647610664368,0.00,0.00,0.00,0.000000,15.8,,,,-0.044420,0.125646,0.573165
1776550970.801680,131,16.0,track,foundationpose,,585,513,-0.044501,0.125659,0.573076,-0.001137,0.000991,0.000490,0.008207346276470174,0.5730125308036804,0.00,0.00,0.00,0.000000,16.8,,,,-0.044929,0.125597,0.573013
1776550970.818680,132,17.0,track,foundationpose,,585,513,-0.044565,0.125621,0.573036,-0.001421,0.000641,0.000176,0.007820242250385979,0.5729311108589172,0.00,0.00,0.00,0.000000,13.0,,,,-0.044660,0.125504,0.572931
1776550970.831876,133,13.2,track,foundationpose,,586,513,-0.044577,0.125567,0.573046,-0.001383,0.000242,0.000228,0.007404662870672196,0.5730667114257812,0.00,0.00,0.00,0.000000,17.3,,,,-0.044562,0.125411,0.573067
1776550970.849528,134,17.7,track,foundationpose,,585,513,-0.044665,0.125517,0.573059,-0.001782,-0.000103,0.000283,0.0073288021012356845,0.5730813145637512,0.00,0.00,0.00,0.000000,14.4,,,,-0.044829,0.125375,0.573081
1776550970.864111,135,14.6,track,foundationpose,,585,513,-0.044723,0.125462,0.573075,-0.001979,-0.000438,0.000356,0.007136986567557663,0.5731070637702942,0.00,0.00,0.00,0.000000,14.9,,,,-0.044810,0.125313,0.573107
1776550970.879251,136,15.1,track,foundationpose,,585,513,-0.044751,0.125476,0.573047,-0.001966,-0.000308,0.000148,0.0070294318630132295,0.5729502439498901,0.00,0.00,0.00,0.000000,14.0,,,,-0.044744,0.125536,0.572950
1776550970.893460,137,14.2,track,foundationpose,,585,512,-0.044751,0.125317,0.573079,-0.001798,-0.001258,0.000334,0.00691167975358461,0.5731698274612427,0.00,0.00,0.00,0.000000,14.0,,,,-0.044669,0.124851,0.573170
1776550970.907681,138,14.2,track,foundationpose,,585,513,-0.044747,0.125364,0.573044,-0.001614,-0.000860,0.000094,0.006828825272289153,0.5729223489761353,0.00,0.00,0.00,0.000000,13.2,,,,-0.044653,0.125567,0.572922
1776550970.921139,139,13.5,track,foundationpose,,585,513,-0.044842,0.125327,0.573041,-0.002065,-0.001019,0.000065,0.0067353325230281435,0.5730257630348206,0.00,0.00,0.00,0.000000,11.8,,,,-0.045082,0.125243,0.573026
1776550970.933174,140,12.0,track,foundationpose,,585,514,-0.044877,0.125439,0.573001,-0.002122,-0.000260,-0.000184,0.006605017156288226,0.5728621482849121,0.00,0.00,0.00,0.000000,14.3,,,,-0.044908,0.125862,0.572862
1776550970.947657,141,14.5,track,foundationpose,,586,513,-0.044686,0.125323,0.573001,-0.000775,-0.000942,-0.000170,0.006621913298316834,0.5730084776878357,0.00,0.00,0.00,0.000000,12.7,,,,-0.043937,0.124944,0.573008
1776550970.960583,142,12.9,track,foundationpose,,586,513,-0.044616,0.125344,0.573016,-0.000292,-0.000739,-0.000062,0.006562818693329169,0.5730779767036438,0.00,0.00,0.00,0.000000,21.4,,,,-0.044341,0.125460,0.573078
1776550970.982409,143,21.8,track,foundationpose,,586,514,-0.044463,0.125449,0.573047,0.000659,-0.000019,0.000131,0.0069109699569811864,0.5731449723243713,0.00,0.00,0.00,0.000000,13.9,,,,-0.043980,0.125815,0.573145
1776550970.996585,144,14.2,track,foundationpose,,586,513,-0.044438,0.125370,0.573009,0.000750,-0.000487,-0.000106,0.006810993547161125,0.5728831887245178,0.00,0.00,0.00,0.000000,14.7,,,,-0.044390,0.125121,0.572883
1776550971.011495,145,14.9,track,foundationpose,,585,513,-0.044484,0.125261,0.572973,0.000411,-0.001082,-0.000311,0.006771192715490554,0.5728614926338196,0.00,0.00,0.00,0.000000,13.4,,,,-0.044668,0.124938,0.572861
1776550971.025104,146,13.6,track,foundationpose,,586,513,-0.044351,0.125169,0.572962,0.001163,-0.001538,-0.000348,0.00668536282889316,0.5729413032531738,0.00,0.00,0.00,0.000000,12.1,,,,-0.043929,0.124913,0.572941
1776550971.037448,147,12.3,track,foundationpose,,586,512,-0.044300,0.125041,0.572971,0.001375,-0.002178,-0.000272,0.006569676654833414,0.5730151534080505,0.00,0.00,0.00,0.000000,16.7,,,,-0.044176,0.124666,0.573015
1776550971.054366,148,16.9,track,foundationpose,,586,512,-0.044258,0.124929,0.572985,0.001489,-0.002616,-0.000160,0.00668767995558271,0.5730487704277039,0.00,0.00,0.00,0.000000,12.1,,,,-0.044194,0.124683,0.573049
1776550971.066695,149,12.3,track,foundationpose,,586,512,-0.044261,0.124858,0.573002,0.001362,-0.002846,-0.000050,0.00656986956899539,0.5730664730072021,0.00,0.00,0.00,0.000000,15.8,,,,-0.044336,0.124722,0.573066
1776550971.082769,150,16.1,track,foundationpose,,585,514,-0.044401,0.125010,0.572992,0.000414,-0.001686,-0.000101,0.006650249982206189,0.5729630589485168,0.00,0.00,0.00,0.000000,13.4,,,,-0.044942,0.125672,0.572963
1776550971.096443,151,13.7,track,foundationpose,,585,512,-0.044460,0.124904,0.572977,0.000033,-0.002174,-0.000187,0.006601709561587303,0.572926938533783,0.00,0.00,0.00,0.000000,15.1,,,,-0.044682,0.124620,0.572927
1776550971.111772,152,15.3,track,foundationpose,,586,513,-0.044489,0.124866,0.572974,-0.000135,-0.002198,-0.000187,0.0066394321357232805,0.5729731321334839,0.00,0.00,0.00,0.000000,14.6,,,,-0.044585,0.124853,0.572973
1776550971.126564,153,14.8,track,foundationpose,,585,514,-0.044604,0.125070,0.572933,-0.000799,-0.000819,-0.000409,0.0066420817454936375,0.5728054046630859,0.00,0.00,0.00,0.000000,14.5,,,,-0.044986,0.125862,0.572805
1776550971.141375,154,14.8,track,foundationpose,,586,513,-0.044476,0.125140,0.572982,0.000019,-0.000339,-0.000088,0.0066442346261307815,0.5731663107872009,0.00,0.00,0.00,0.000000,15.0,,,,-0.044006,0.125416,0.573166
1776550971.156598,155,15.2,track,foundationpose,,586,513,-0.044482,0.125154,0.572974,-0.000019,-0.000227,-0.000124,0.006663140676798632,0.5729538798332214,0.00,0.00,0.00,0.000000,12.6,,,,-0.044504,0.125218,0.572954
1776550971.169520,156,12.9,track,foundationpose,,585,513,-0.044612,0.125121,0.572930,-0.000773,-0.000402,-0.000371,0.006576259478411656,0.5727842450141907,0.00,0.00,0.00,0.000000,15.2,,,,-0.045057,0.125018,0.572784
1776550971.184914,157,15.4,track,foundationpose,,586,512,-0.044493,0.125036,0.572964,-0.000014,-0.000863,-0.000142,0.00662276821365064,0.5730965733528137,0.00,0.00,0.00,0.000000,12.5,,,,-0.044054,0.124769,0.573097
1776550971.197665,158,12.8,track,foundationpose,,586,513,-0.044459,0.125051,0.572952,0.000186,-0.000711,-0.000203,0.006540672974161691,0.5729154348373413,0.00,0.00,0.00,0.000000,15.3,,,,-0.044340,0.125142,0.572915
1776550971.213329,159,15.7,track,foundationpose,,585,513,-0.044506,0.125026,0.572913,-0.000103,-0.000793,-0.000413,0.006610053607415421,0.5727904438972473,0.00,0.00,0.00,0.000000,13.7,,,,-0.044674,0.124978,0.572790
1776550971.227294,160,14.0,track,foundationpose,,586,512,-0.044401,0.124956,0.572904,0.000520,-0.001140,-0.000428,0.006584957624645682,0.5728949308395386,0.00,0.00,0.00,0.000000,13.5,,,,-0.044035,0.124752,0.572895
1776550971.241066,161,13.8,track,foundationpose,,586,512,-0.044355,0.124897,0.572913,0.000744,-0.001387,-0.000343,0.006558996597593187,0.572963535785675,0.00,0.00,0.00,0.000000,14.4,,,,-0.044222,0.124751,0.572964
1776550971.255739,162,14.7,track,foundationpose,,585,514,-0.044494,0.125065,0.572876,-0.000129,-0.000291,-0.000527,0.006580235552867397,0.5727677941322327,0.00,0.00,0.00,0.000000,12.5,,,,-0.045006,0.125708,0.572768
1776550971.268529,163,12.8,track,foundationpose,,585,513,-0.044608,0.125165,0.572862,-0.000791,0.000320,-0.000571,0.006513176727969262,0.5728355050086975,0.00,0.00,0.00,0.000000,16.4,,,,-0.045007,0.125534,0.572836
1776550971.285185,164,16.7,track,foundationpose,,586,512,-0.044588,0.125023,0.572910,-0.000597,-0.000540,-0.000238,0.006634667914880845,0.5731015205383301,0.00,0.00,0.00,0.000000,13.3,,,,-0.044476,0.124528,0.573102
1776550971.298646,165,13.5,track,foundationpose,,585,513,-0.044669,0.125075,0.572872,-0.001022,-0.000195,-0.000437,0.0065806636729192555,0.5727553367614746,0.00,0.00,0.00,0.000000,18.4,,,,-0.044919,0.125278,0.572755
1776550971.317278,166,18.6,track,foundationpose,,585,513,-0.044740,0.125164,0.572854,-0.001326,0.000340,-0.000498,0.0067658848119442755,0.5728201270103455,0.00,0.00,0.00,0.000000,14.5,,,,-0.044907,0.125458,0.572820
1776550971.332042,167,14.8,track,foundationpose,,585,513,-0.044834,0.125222,0.572825,-0.001752,0.000647,-0.000621,0.0067261475212503875,0.5727560520172119,0.00,0.00,0.00,0.000000,22.4,,,,-0.045073,0.125394,0.572756
1776550971.354721,168,22.7,track,foundationpose,,586,513,-0.044682,0.125246,0.572910,-0.000659,0.000701,-0.000054,0.007031804595127887,0.5731971859931946,0.00,0.00,0.00,0.000000,26.4,,,,-0.044128,0.125273,0.573197
1776550971.381527,169,26.8,track,foundationpose,,586,513,-0.044614,0.125238,0.572928,-0.000185,0.000553,0.000051,0.0073935385278373995,0.5729750394821167,0.00,0.00,0.00,0.000000,22.4,,,,-0.044400,0.125171,0.572975
1776550971.404482,170,23.0,track,foundationpose,,585,513,-0.044662,0.125239,0.572875,-0.000423,0.000488,-0.000247,0.007459795692578907,0.5727414488792419,0.00,0.00,0.00,0.000000,16.1,,,,-0.044769,0.125210,0.572741
1776550971.420894,171,16.4,track,foundationpose,,586,513,-0.044475,0.125247,0.572891,0.000636,0.000487,-0.000134,0.007237526559114489,0.5729461908340454,0.00,0.00,0.00,0.000000,22.0,,,,-0.043959,0.125246,0.572946
1776550971.443173,172,22.3,track,foundationpose,,586,513,-0.044443,0.125287,0.572927,0.000731,0.000646,0.000080,0.007326010634742915,0.5730286836624146,0.00,0.00,0.00,0.000000,19.3,,,,-0.044398,0.125362,0.573029
1776550971.462978,173,19.8,track,foundationpose,,585,513,-0.044558,0.125296,0.572894,0.000026,0.000626,-0.000111,0.007284145698956981,0.5728021860122681,0.00,0.00,0.00,0.000000,13.8,,,,-0.044897,0.125286,0.572802
1776550971.477007,174,14.0,track,foundationpose,,585,513,-0.044602,0.125305,0.572862,-0.000215,0.000628,-0.000278,0.007025861469692628,0.572774350643158,0.00,0.00,0.00,0.000000,21.0,,,,-0.044728,0.125306,0.572774
1776550971.498313,175,21.3,track,foundationpose,,585,512,-0.044660,0.125125,0.572921,-0.000513,-0.000438,0.000082,0.0071517934857048444,0.5731011629104614,0.00,0.00,0.00,0.000000,22.1,,,,-0.044809,0.124592,0.573101
1776550971.520625,176,22.3,track,foundationpose,,586,513,-0.044633,0.125077,0.572929,-0.000300,-0.000647,0.000115,0.007276307430754667,0.5729448199272156,0.00,0.00,0.00,0.000000,16.8,,,,-0.044531,0.124977,0.572945
1776550971.537724,177,17.1,track,foundationpose,,585,514,-0.044730,0.125324,0.572895,-0.000804,0.000775,-0.000088,0.007148158645979591,0.5727933645248413,0.00,0.00,0.00,0.000000,21.6,,,,-0.044982,0.126034,0.572793
1776550971.559595,178,21.9,track,foundationpose,,585,514,-0.044803,0.125560,0.572888,-0.001114,0.001985,-0.000114,0.007257136933370043,0.5728749632835388,0.00,0.00,0.00,0.000000,21.1,,,,-0.044952,0.126141,0.572875
1776550971.580923,179,21.3,track,foundationpose,,586,513,-0.044627,0.125531,0.572936,-0.000015,0.001589,0.000166,0.00730566352467093,0.5730687379837036,0.00,0.00,0.00,0.000000,16.6,,,,-0.044108,0.125344,0.573069
1776550971.597797,180,16.9,track,foundationpose,,585,514,-0.044638,0.125620,0.572884,-0.000075,0.001935,-0.000137,0.007158191647844104,0.5727332830429077,0.00,0.00,0.00,0.000000,20.9,,,,-0.044668,0.125793,0.572733
1776550971.618913,181,21.1,track,foundationpose,,586,513,-0.044565,0.125486,0.572890,0.000339,0.000973,-0.000087,0.007233363409136959,0.5729142427444458,0.00,0.00,0.00,0.000000,15.8,,,,-0.044365,0.125021,0.572914
1776550971.635032,182,16.1,track,foundationpose,,586,513,-0.044410,0.125529,0.572935,0.001170,0.001122,0.000166,0.007081468457120349,0.573063850402832,0.00,0.00,0.00,0.000000,18.7,,,,-0.043985,0.125605,0.573064
1776550971.654012,183,19.0,track,foundationpose,,586,514,-0.044374,0.125591,0.572986,0.001243,0.001347,0.000432,0.007098983469727519,0.5731198191642761,0.00,0.00,0.00,0.000000,20.8,,,,-0.044337,0.125705,0.573120
1776550971.675063,184,21.1,detect,foundationpose,,586,514,-0.044342,0.125629,0.572989,0.001279,0.001399,0.000401,0.007195872248819403,0.5729740262031555,0.00,0.00,0.00,0.000000,1038.7,,,,-0.044324,0.125654,0.572974
1776550972.713953,185,1038.9,track,foundationpose,,586,513,-0.043923,0.125558,0.572874,0.000488,0.000074,-0.000061,0.013665528052341227,0.5728586912155151,0.00,0.00,0.00,0.000000,53.1,,,,-0.043948,0.125515,0.572859
1776550972.767300,186,53.3,track,foundationpose,,586,514,-0.044219,0.125668,0.572932,-0.001433,0.000708,0.000303,0.010888487859629214,0.572969377040863,0.00,0.00,0.00,0.000000,34.9,,,,-0.044419,0.125734,0.572969
1776550972.802818,187,35.5,track,foundationpose,,586,513,-0.044220,0.125499,0.572941,-0.001045,-0.000796,0.000291,0.010045382646346199,0.5729392766952515,0.00,0.00,0.00,0.000000,33.4,,,,-0.044174,0.125323,0.572939
1776550972.836614,188,33.8,track,foundationpose,,585,514,-0.044684,0.125937,0.572895,-0.004434,0.002878,-0.000147,0.0097395525973274,0.5728383660316467,0.00,0.00,0.00,0.000000,34.5,,,,-0.045123,0.126412,0.572838
1776550972.871628,189,35.0,track,foundationpose,,585,514,-0.044941,0.126122,0.572956,-0.005186,0.003505,0.000339,0.009603657258586851,0.5730269551277161,0.00,0.00,0.00,0.000000,34.4,,,,-0.045051,0.126214,0.573027
1776550972.906234,190,34.6,track,foundationpose,,586,513,-0.044769,0.125681,0.573019,-0.002815,-0.000287,0.000684,0.00941384050079339,0.5730785131454468,0.00,0.00,0.00,0.000000,31.0,,,,-0.044359,0.125026,0.573079
1776550972.937498,191,31.3,track,foundationpose,,585,514,-0.044890,0.125906,0.572937,-0.003021,0.001181,0.000040,0.009091557468965858,0.5728015303611755,0.00,0.00,0.00,0.000000,16.2,,,,-0.044933,0.126216,0.572802
1776550972.953915,192,16.4,track,foundationpose,,586,513,-0.044670,0.125809,0.573011,-0.001364,0.000465,0.000492,0.008286129597537585,0.5731433033943176,0.00,0.00,0.00,0.000000,23.1,,,,-0.044186,0.125600,0.573143
1776550972.977251,193,23.3,track,foundationpose,,585,514,-0.044803,0.125781,0.572947,-0.001974,0.000228,0.000035,0.008094459532908698,0.5728000998497009,0.00,0.00,0.00,0.000000,20.6,,,,-0.044999,0.125705,0.572800
1776550972.998032,194,20.8,track,foundationpose,,585,514,-0.044875,0.125965,0.572921,-0.002157,0.001286,-0.000124,0.007861440468465836,0.5728645324707031,0.00,0.00,0.00,0.000000,15.2,,,,-0.044940,0.126341,0.572865
1776550973.013394,195,15.4,track,foundationpose,,586,514,-0.044688,0.125898,0.572921,-0.000860,0.000776,-0.000111,0.007487915313709506,0.5729263424873352,0.00,0.00,0.00,0.000000,20.6,,,,-0.044154,0.125688,0.572926
1776550973.034348,196,21.0,track,foundationpose,,586,514,-0.044531,0.125860,0.572990,0.000163,0.000458,0.000305,0.0074795179068855005,0.5731632113456726,0.00,0.00,0.00,0.000000,21.3,,,,-0.044106,0.125727,0.573163
1776550973.055907,197,21.6,track,foundationpose,,586,513,-0.044428,0.125646,0.572946,0.000740,-0.000830,0.000016,0.007492636086720137,0.5728252530097961,0.00,0.00,0.00,0.000000,20.1,,,,-0.044186,0.125107,0.572825
1776550973.076274,198,20.4,track,foundationpose,,585,514,-0.044563,0.125684,0.572894,-0.000121,-0.000521,-0.000284,0.007445234421362332,0.5727651119232178,0.00,0.00,0.00,0.000000,20.1,,,,-0.044934,0.125817,0.572765
1776550973.096627,199,20.4,track,foundationpose,,585,513,-0.044661,0.125602,0.572875,-0.000664,-0.000924,-0.000362,0.0074086335459826605,0.5728406310081482,0.00,0.00,0.00,0.000000,13.6,,,,-0.044901,0.125424,0.572841
1776550973.110494,200,13.9,track,foundationpose,,585,513,-0.044698,0.125382,0.572842,-0.000818,-0.002099,-0.000518,0.007116287878735424,0.5727659463882446,0.00,0.00,0.00,0.000000,21.6,,,,-0.044773,0.124805,0.572766
1776550973.132365,201,21.9,track,foundationpose,,585,513,-0.044731,0.125229,0.572832,-0.000907,-0.002704,-0.000510,0.007252879747532857,0.5728356838226318,0.00,0.00,0.00,0.000000,21.9,,,,-0.044773,0.124946,0.572836
1776550973.154523,202,22.2,track,foundationpose,,585,513,-0.044783,0.125125,0.572805,-0.001083,-0.002953,-0.000599,0.007350165339769865,0.5727649331092834,0.00,0.00,0.00,0.000000,15.5,,,,-0.044863,0.125012,0.572765
1776550973.170308,203,15.8,track,foundationpose,,585,513,-0.044794,0.125089,0.572781,-0.001047,-0.002894,-0.000684,0.007151474499411539,0.5727388858795166,0.00,0.00,0.00,0.000000,23.3,,,,-0.044776,0.125118,0.572739
1776550973.193789,204,23.5,track,foundationpose,,585,513,-0.044814,0.124980,0.572772,-0.001024,-0.003120,-0.000640,0.0073328010020254596,0.5727927684783936,0.00,0.00,0.00,0.000000,21.8,,,,-0.044804,0.124876,0.572793
1776550973.215819,205,22.0,track,foundationpose,,585,512,-0.044806,0.124871,0.572748,-0.000857,-0.003344,-0.000698,0.007387647627677893,0.5727217197418213,0.00,0.00,0.00,0.000000,21.7,,,,-0.044730,0.124769,0.572722
1776550973.237763,206,21.9,track,foundationpose,,585,513,-0.044789,0.124798,0.572738,-0.000657,-0.003340,-0.000670,0.007415571383205839,0.5727505683898926,0.00,0.00,0.00,0.000000,21.1,,,,-0.044698,0.124800,0.572751
1776550973.259101,207,21.3,track,foundationpose,,586,513,-0.044701,0.124847,0.572696,-0.000103,-0.002684,-0.000819,0.007406401237974816,0.5726275444030762,0.00,0.00,0.00,0.000000,16.6,,,,-0.044448,0.125147,0.572628
1776550973.276019,208,16.9,track,foundationpose,,585,514,-0.044773,0.125116,0.572701,-0.000488,-0.000958,-0.000714,0.007223757502693657,0.5727527141571045,0.00,0.00,0.00,0.000000,19.2,,,,-0.044961,0.125959,0.572753
1776550973.295473,209,19.5,track,foundationpose,,585,514,-0.044878,0.125292,0.572783,-0.001015,0.000114,-0.000186,0.007207644996754648,0.5730418562889099,0.00,0.00,0.00,0.000000,22.1,,,,-0.045136,0.125817,0.573042
1776550973.317733,210,22.3,track,foundationpose,,585,514,-0.044878,0.125477,0.572753,-0.000890,0.001115,-0.000331,0.007310486578318284,0.5726849436759949,0.00,0.00,0.00,0.000000,16.9,,,,-0.044820,0.125949,0.572685
1776550973.335011,211,17.3,track,foundationpose,,585,512,-0.044850,0.125295,0.572806,-0.000651,0.000008,-0.000007,0.007177725988808857,0.5729656219482422,0.00,0.00,0.00,0.000000,15.5,,,,-0.044732,0.124748,0.572966
1776550973.350977,212,16.0,track,foundationpose,,586,513,-0.044773,0.125242,0.572813,-0.000163,-0.000287,0.000034,0.007038489394631777,0.5728347897529602,0.00,0.00,0.00,0.000000,20.8,,,,-0.044521,0.125090,0.572835
1776550973.372033,213,21.1,track,foundationpose,,585,513,-0.044760,0.125135,0.572841,-0.000073,-0.000851,0.000186,0.0071557263973279755,0.5729165077209473,0.00,0.00,0.00,0.000000,17.3,,,,-0.044715,0.124856,0.572917
1776550973.389741,214,17.7,track,foundationpose,,586,513,-0.044624,0.125070,0.572856,0.000695,-0.001127,0.000252,0.007097889773774572,0.5728897452354431,0.00,0.00,0.00,0.000000,15.4,,,,-0.044237,0.124931,0.572890
1776550973.405381,215,15.6,track,foundationpose,,585,513,-0.044640,0.125027,0.572885,0.000542,-0.001271,0.000393,0.006975729418357583,0.5729590058326721,0.00,0.00,0.00,0.000000,21.0,,,,-0.044720,0.124951,0.572959
1776550973.426674,216,21.3,track,foundationpose,,586,513,-0.044478,0.125008,0.572882,0.001385,-0.001227,0.000329,0.007127994793098687,0.5728510022163391,0.00,0.00,0.00,0.000000,18.7,,,,-0.044059,0.125030,0.572851
1776550973.445621,217,18.9,track,foundationpose,,586,512,-0.044372,0.124905,0.572898,0.001829,-0.001671,0.000384,0.0071326704638048815,0.5729255676269531,0.00,0.00,0.00,0.000000,20.2,,,,-0.044153,0.124685,0.572926
1776550973.466359,218,20.7,track,foundationpose,,585,513,-0.044513,0.124930,0.572737,0.000834,-0.001338,-0.000557,0.007207773523337573,0.5722818970680237,0.00,0.00,0.00,0.000000,15.3,,,,-0.044994,0.125092,0.572282
1776550973.481953,219,15.6,track,foundationpose,,585,513,-0.044521,0.125048,0.572618,0.000719,-0.000562,-0.001177,0.007046672987007695,0.5722999572753906,0.00,0.00,0.00,0.000000,18.4,,,,-0.044579,0.125447,0.572300
1776550973.500603,220,18.7,track,foundationpose,,585,513,-0.044533,0.125023,0.572578,0.000577,-0.000647,-0.001275,0.007065602653143988,0.5725287199020386,0.00,0.00,0.00,0.000000,19.5,,,,-0.044605,0.124980,0.572529
1776550973.520374,221,19.8,track,foundationpose,,585,512,-0.044556,0.124895,0.572475,0.000384,-0.001287,-0.001714,0.0071244598577423586,0.5722559094429016,0.00,0.00,0.00,0.000000,17.9,,,,-0.044652,0.124576,0.572256
1776550973.538921,222,18.5,track,foundationpose,,585,513,-0.044572,0.124871,0.572364,0.000255,-0.001288,-0.002155,0.007113120445308432,0.5721429586410522,0.00,0.00,0.00,0.000000,16.0,,,,-0.044636,0.124871,0.572143
1776550973.555269,223,16.3,track,foundationpose,,585,513,-0.044578,0.124802,0.572256,0.000198,-0.001559,-0.002559,0.007015464324871413,0.5720471143722534,0.00,0.00,0.00,0.000000,20.9,,,,-0.044607,0.124662,0.572047
1776550973.576482,224,21.2,track,foundationpose,,585,513,-0.044612,0.124899,0.572116,-0.000018,-0.000833,-0.003040,0.0071503924464313634,0.5718790292739868,0.00,0.00,0.00,0.000000,20.0,,,,-0.044719,0.125257,0.571879
1776550973.596714,225,20.2,track,foundationpose,,586,513,-0.044563,0.124838,0.572005,0.000259,-0.001077,-0.003317,0.007198143145810131,0.5718698501586914,0.00,0.00,0.00,0.000000,22.1,,,,-0.044428,0.124719,0.571870
1776550973.619032,226,22.3,track,foundationpose,,585,513,-0.044644,0.124821,0.571867,-0.000224,-0.001039,-0.003667,0.007311190406965394,0.5717035531997681,0.00,0.00,0.00,0.000000,15.0,,,,-0.044871,0.124839,0.571704
1776550973.634372,227,15.3,track,foundationpose,,585,513,-0.044682,0.124829,0.571785,-0.000411,-0.000905,-0.003811,0.0071016542622271825,0.5717120170593262,0.00,0.00,0.00,0.000000,19.9,,,,-0.044776,0.124897,0.571712
1776550973.654523,228,20.2,track,foundationpose,,585,513,-0.044671,0.124746,0.571718,-0.000305,-0.001264,-0.003757,0.007159351654730939,0.5717452764511108,0.00,0.00,0.00,0.000000,23.3,,,,-0.044619,0.124569,0.571745
1776550973.678100,229,23.6,track,foundationpose,,586,513,-0.044639,0.124825,0.571796,-0.000093,-0.000666,-0.002841,0.007334386873048158,0.5722233653068542,0.00,0.00,0.00,0.000000,19.4,,,,-0.044540,0.125104,0.572223
1776550973.697811,230,19.7,track,foundationpose,,585,513,-0.044632,0.124829,0.571909,-0.000044,-0.000573,-0.001914,0.007290872018417863,0.5723491311073303,0.00,0.00,0.00,0.000000,23.0,,,,-0.044609,0.124873,0.572349
1776550973.721295,231,23.5,track,foundationpose,,585,513,-0.044634,0.124964,0.571977,-0.000045,0.000240,-0.001297,0.007410973233744921,0.5722588300704956,0.00,0.00,0.00,0.000000,15.8,,,,-0.044634,0.125336,0.572259
1776550973.737405,232,16.1,track,foundationpose,,585,513,-0.044628,0.124986,0.572089,-0.000010,0.000338,-0.000565,0.00719379416423375,0.5724510550498962,0.00,0.00,0.00,0.000000,18.2,,,,-0.044611,0.125034,0.572451
1776550973.755902,233,18.5,track,foundationpose,,585,513,-0.044634,0.125032,0.572132,-0.000041,0.000557,-0.000271,0.00714896211273682,0.5722787976264954,0.00,0.00,0.00,0.000000,25.1,,,,-0.044649,0.125141,0.572279
1776550973.781250,234,25.3,track,foundationpose,,585,513,-0.044681,0.124989,0.572209,-0.000297,0.000244,0.000189,0.007394682862374401,0.5724204182624817,0.00,0.00,0.00,0.000000,20.8,,,,-0.044799,0.124846,0.572420
1776550973.802387,235,21.1,track,foundationpose,,585,513,-0.044726,0.124993,0.572245,-0.000503,0.000237,0.000361,0.007383465138544251,0.572324275970459,0.00,0.00,0.00,0.000000,21.0,,,,-0.044821,0.124989,0.572324
1776550973.823719,236,21.3,track,foundationpose,,585,513,-0.044813,0.125019,0.572336,-0.000919,0.000354,0.000818,0.007382791226118872,0.572547972202301,0.00,0.00,0.00,0.000000,21.7,,,,-0.045005,0.125074,0.572548
1776550973.845773,237,22.1,track,foundationpose,,585,512,-0.044787,0.124908,0.572410,-0.000670,-0.000296,0.001122,0.007409895958567406,0.5725497603416443,0.00,0.00,0.00,0.000000,20.9,,,,-0.044673,0.124609,0.572550
1776550973.866911,238,21.1,track,foundationpose,,585,513,-0.044761,0.124904,0.572457,-0.000451,-0.000284,0.001245,0.007390391683033,0.5725139379501343,0.00,0.00,0.00,0.000000,14.9,,,,-0.044659,0.124909,0.572514
1776550973.881995,239,15.1,track,foundationpose,,585,514,-0.044799,0.125094,0.572472,-0.000623,0.000782,0.001228,0.00713786412542213,0.5724637508392334,0.00,0.00,0.00,0.000000,17.5,,,,-0.044886,0.125633,0.572464
1776550973.899683,240,17.7,track,foundationpose,,585,514,-0.044857,0.125248,0.572507,-0.000884,0.001558,0.001301,0.007079159515363534,0.5725448131561279,0.00,0.00,0.00,0.000000,17.7,,,,-0.044991,0.125646,0.572545
1776550973.917587,241,17.9,track,foundationpose,,585,514,-0.044870,0.125410,0.572546,-0.000866,0.002301,0.001385,0.0070523878675621396,0.5725886225700378,0.00,0.00,0.00,0.000000,13.0,,,,-0.044861,0.125792,0.572589
1776550973.930834,242,13.2,track,foundationpose,,585,513,-0.044925,0.125426,0.572542,-0.001110,0.002223,0.001262,0.006845169334429763,0.572474479675293,0.00,0.00,0.00,0.000000,16.5,,,,-0.045060,0.125383,0.572474
1776550973.947552,243,16.7,track,foundationpose,,586,513,-0.044717,0.125395,0.572650,0.000174,0.001834,0.001753,0.006852114361879498,0.5729175209999084,0.00,0.00,0.00,0.000000,14.3,,,,-0.044015,0.125182,0.572918
1776550973.962085,244,14.5,track,foundationpose,,586,512,-0.044566,0.125239,0.572726,0.001016,0.000791,0.002040,0.006768109826759604,0.5728862881660461,0.00,0.00,0.00,0.000000,16.4,,,,-0.044095,0.124655,0.572886
1776550973.978712,245,16.6,detect,foundationpose,,586,513,-0.044553,0.125322,0.572785,0.000996,0.001192,0.002187,0.006801542406781288,0.5728664398193359,0.00,0.00,0.00,0.000000,1011.9,,,,-0.044565,0.125542,0.572866
1776550974.990803,246,1012.1,track,foundationpose,,585,513,-0.045205,0.125412,0.573058,-0.000484,0.000197,0.000457,0.013650753054637572,0.5729987025260925,0.00,0.00,0.00,0.000000,57.0,,,,-0.045256,0.125378,0.572999
1776550975.048077,247,57.3,track,foundationpose,,585,514,-0.045072,0.125994,0.573077,0.000476,0.003597,0.000416,0.010977154978037309,0.5730728507041931,0.00,0.00,0.00,0.000000,31.4,,,,-0.044977,0.126332,0.573073
1776550975.079745,248,31.7,track,foundationpose,,586,513,-0.044568,0.125826,0.573143,0.004173,0.001467,0.000812,0.009908012788109526,0.5731926560401917,0.00,0.00,0.00,0.000000,33.6,,,,-0.044101,0.125557,0.573193
1776550975.113679,249,33.9,track,foundationpose,,586,513,-0.044477,0.125656,0.573149,0.003773,-0.000261,0.000643,0.009668740360720024,0.5731258988380432,0.00,0.00,0.00,0.000000,41.8,,,,-0.044531,0.125425,0.573126
1776550975.155798,250,42.1,track,foundationpose,,585,514,-0.044742,0.125645,0.573070,0.000743,-0.000260,-0.000110,0.009851632518402717,0.5729674100875854,0.00,0.00,0.00,0.000000,36.4,,,,-0.045156,0.125645,0.572967
1776550975.192468,251,36.7,track,foundationpose,,585,513,-0.044902,0.125511,0.573047,-0.000475,-0.001072,-0.000236,0.009571637173416789,0.5730259418487549,0.00,0.00,0.00,0.000000,23.9,,,,-0.045108,0.125374,0.573026
1776550975.216703,252,24.2,track,foundationpose,,585,514,-0.044982,0.125613,0.572992,-0.000898,-0.000276,-0.000543,0.00887139982411776,0.5729207396507263,0.00,0.00,0.00,0.000000,22.1,,,,-0.045080,0.125797,0.572921
1776550975.239138,253,22.4,track,foundationpose,,585,513,-0.045070,0.125587,0.572987,-0.001308,-0.000394,-0.000498,0.008399252152796825,0.5729997754096985,0.00,0.00,0.00,0.000000,18.2,,,,-0.045187,0.125553,0.573000
1776550975.257590,254,18.5,track,foundationpose,,585,514,-0.045052,0.125672,0.572937,-0.001058,0.000159,-0.000744,0.007953978408856956,0.5728532671928406,0.00,0.00,0.00,0.000000,19.9,,,,-0.044967,0.125861,0.572853
1776550975.277755,255,20.2,track,foundationpose,,585,514,-0.045067,0.125731,0.572928,-0.001021,0.000489,-0.000708,0.007748627452998053,0.5729409456253052,0.00,0.00,0.00,0.000000,17.1,,,,-0.045054,0.125854,0.572941
1776550975.295177,256,17.4,track,foundationpose,,585,514,-0.045099,0.125792,0.572899,-0.001102,0.000795,-0.000803,0.007502344809967166,0.5728603601455688,0.00,0.00,0.00,0.000000,19.3,,,,-0.045132,0.125917,0.572860
1776550975.314747,257,19.6,track,foundationpose,,585,514,-0.045095,0.125861,0.572868,-0.000956,0.001109,-0.000894,0.00743140743197743,0.5728299617767334,0.00,0.00,0.00,0.000000,20.9,,,,-0.045034,0.125994,0.572830
1776550975.336131,258,21.4,track,foundationpose,,585,514,-0.045050,0.125922,0.572870,-0.000574,0.001327,-0.000772,0.007455778929949612,0.5729214549064636,0.00,0.00,0.00,0.000000,17.3,,,,-0.044888,0.126015,0.572921
1776550975.353731,259,17.6,track,foundationpose,,585,514,-0.045048,0.125927,0.572861,-0.000507,0.001220,-0.000745,0.007309913138435488,0.5728737711906433,0.00,0.00,0.00,0.000000,18.5,,,,-0.045018,0.125879,0.572874
1776550975.372486,260,18.8,track,foundationpose,,585,514,-0.045077,0.125957,0.572827,-0.000618,0.001258,-0.000861,0.007259874383146063,0.5727732181549072,0.00,0.00,0.00,0.000000,21.7,,,,-0.045129,0.125974,0.572773
1776550975.394472,261,22.0,track,foundationpose,,586,514,-0.044824,0.125934,0.572926,0.000899,0.000975,-0.000191,0.007356042919173131,0.5732272267341614,0.00,0.00,0.00,0.000000,15.6,,,,-0.044142,0.125807,0.573227
1776550975.410326,262,15.9,track,foundationpose,,585,514,-0.044859,0.125882,0.572938,0.000620,0.000591,-0.000105,0.007163421642947558,0.5729793906211853,0.00,0.00,0.00,0.000000,17.4,,,,-0.044994,0.125697,0.572979
1776550975.427976,263,17.6,track,foundationpose,,585,514,-0.044880,0.125992,0.572938,0.000438,0.001152,-0.000097,0.007109645394062147,0.5729421973228455,0.00,0.00,0.00,0.000000,22.1,,,,-0.044970,0.126268,0.572942
1776550975.450384,264,22.4,track,foundationpose,,586,513,-0.044680,0.125806,0.573001,0.001508,-0.000035,0.000271,0.007267989601153148,0.5731733441352844,0.00,0.00,0.00,0.000000,18.5,,,,-0.044178,0.125250,0.573173
1776550975.469255,265,18.9,track,foundationpose,,585,514,-0.044733,0.125787,0.572949,0.001051,-0.000139,-0.000049,0.007224173286847623,0.5727962255477905,0.00,0.00,0.00,0.000000,14.6,,,,-0.044951,0.125738,0.572796
1776550975.484348,266,15.1,track,foundationpose,,586,513,-0.044585,0.125618,0.573017,0.001793,-0.001075,0.000335,0.0070395409575533165,0.5732133388519287,0.00,0.00,0.00,0.000000,21.6,,,,-0.044206,0.125140,0.573213
1776550975.506201,267,21.9,track,foundationpose,,586,513,-0.044455,0.125463,0.572984,0.002302,-0.001815,0.000110,0.007194322456212192,0.5728746652603149,0.00,0.00,0.00,0.000000,18.5,,,,-0.044208,0.125104,0.572875
1776550975.525036,268,18.8,track,foundationpose,,585,514,-0.044606,0.125484,0.572949,0.001215,-0.001503,-0.000094,0.007171797399825976,0.5728498101234436,0.00,0.00,0.00,0.000000,20.6,,,,-0.045138,0.125637,0.572850
1776550975.546075,269,21.0,track,foundationpose,,585,514,-0.044714,0.125697,0.572959,0.000471,-0.000142,-0.000027,0.007245126851354808,0.5729910731315613,0.00,0.00,0.00,0.000000,16.7,,,,-0.045069,0.126348,0.572991
1776550975.563053,270,17.0,track,foundationpose,,586,513,-0.044632,0.125559,0.572996,0.000882,-0.000898,0.000181,0.007127142785687544,0.5731004476547241,0.00,0.00,0.00,0.000000,19.4,,,,-0.044427,0.125182,0.573100
1776550975.582761,271,19.7,track,foundationpose,,585,514,-0.044763,0.125676,0.572948,0.000056,-0.000152,-0.000108,0.0071604863500668876,0.5728050470352173,0.00,0.00,0.00,0.000000,22.1,,,,-0.045171,0.126044,0.572805
1776550975.605177,272,22.4,track,foundationpose,,585,514,-0.044906,0.125738,0.573005,-0.000738,0.000214,0.000220,0.007290857671547705,0.5731601119041443,0.00,0.00,0.00,0.000000,16.6,,,,-0.045281,0.125911,0.573160
1776550975.622047,273,16.9,track,foundationpose,,585,513,-0.044855,0.125553,0.573046,-0.000389,-0.000833,0.000430,0.007150743258221474,0.5731503367424011,0.00,0.00,0.00,0.000000,19.1,,,,-0.044681,0.125032,0.573150
1776550975.641441,274,19.4,track,foundationpose,,585,513,-0.044804,0.125491,0.573043,-0.000063,-0.001087,0.000362,0.007161231904905327,0.5730091333389282,0.00,0.00,0.00,0.000000,21.7,,,,-0.044643,0.125366,0.573009
1776550975.663405,275,22.0,track,foundationpose,,585,514,-0.044874,0.125599,0.572977,-0.000441,-0.000358,-0.000042,0.007271649315876207,0.5727851986885071,0.00,0.00,0.00,0.000000,19.0,,,,-0.045054,0.125946,0.572785
1776550975.682727,276,19.3,track,foundationpose,,585,514,-0.044923,0.125676,0.573007,-0.000667,0.000105,0.000126,0.007236176857279301,0.5730876326560974,0.00,0.00,0.00,0.000000,19.2,,,,-0.045033,0.125900,0.573088
1776550975.702190,277,19.5,track,foundationpose,,585,514,-0.044962,0.125737,0.572973,-0.000811,0.000432,-0.000075,0.007218389203687591,0.5728756189346313,0.00,0.00,0.00,0.000000,16.8,,,,-0.045032,0.125897,0.572876
1776550975.719280,278,17.1,track,foundationpose,,585,514,-0.045020,0.125832,0.572906,-0.001057,0.000913,-0.000439,0.0071111454312035765,0.5727220773696899,0.00,0.00,0.00,0.000000,19.1,,,,-0.045144,0.126074,0.572722
1776550975.738644,279,19.4,track,foundationpose,,585,514,-0.045129,0.125901,0.572970,-0.001544,0.001201,-0.000038,0.0071338880064265925,0.5731702446937561,0.00,0.00,0.00,0.000000,19.5,,,,-0.045372,0.126045,0.573170
1776550975.758372,280,19.7,track,foundationpose,,585,513,-0.045058,0.125785,0.572997,-0.000983,0.000426,0.000116,0.007164450159878576,0.5730729103088379,0.00,0.00,0.00,0.000000,16.7,,,,-0.044781,0.125403,0.573073
1776550975.775364,281,17.0,track,foundationpose,,585,513,-0.044957,0.125644,0.573008,-0.000326,-0.000399,0.000168,0.007073785400678582,0.5730342864990234,0.00,0.00,0.00,0.000000,18.3,,,,-0.044623,0.125224,0.573034
1776550975.793956,282,18.6,track,foundationpose,,585,514,-0.045022,0.125724,0.572956,-0.000654,0.000086,-0.000137,0.007080068516378024,0.5728016495704651,0.00,0.00,0.00,0.000000,20.3,,,,-0.045188,0.125970,0.572802
1776550975.814645,283,20.7,track,foundationpose,,585,514,-0.045037,0.125842,0.572945,-0.000663,0.000731,-0.000185,0.007170283951144907,0.5729217529296875,0.00,0.00,0.00,0.000000,15.8,,,,-0.045041,0.126159,0.572922
1776550975.830678,284,16.0,track,foundationpose,,585,514,-0.044995,0.125943,0.572908,-0.000372,0.001231,-0.000378,0.007039732525964723,0.5728083848953247,0.00,0.00,0.00,0.000000,18.1,,,,-0.044846,0.126200,0.572808
1776550975.849104,285,18.4,track,foundationpose,,586,513,-0.044777,0.125867,0.572915,0.000889,0.000679,-0.000298,0.007051859809067857,0.5729557275772095,0.00,0.00,0.00,0.000000,23.0,,,,-0.044133,0.125585,0.572956
1776550975.872440,286,23.3,track,foundationpose,,585,513,-0.044804,0.125778,0.572943,0.000626,0.000098,-0.000105,0.007259786270464312,0.5730345845222473,0.00,0.00,0.00,0.000000,17.5,,,,-0.044929,0.125501,0.573035
1776550975.890323,287,17.9,track,foundationpose,,585,514,-0.044817,0.125751,0.572957,0.000490,-0.000061,-0.000018,0.007173015399045175,0.5729994773864746,0.00,0.00,0.00,0.000000,14.9,,,,-0.044884,0.125673,0.572999
1776550975.905686,288,15.4,track,foundationpose,,585,514,-0.044817,0.125824,0.572945,0.000444,0.000348,-0.000079,0.007012959640847733,0.5729131102561951,0.00,0.00,0.00,0.000000,20.8,,,,-0.044841,0.126037,0.572913
1776550975.926717,289,21.0,track,foundationpose,,586,513,-0.044666,0.125690,0.572986,0.001236,-0.000439,0.000157,0.007139448265793159,0.5731031894683838,0.00,0.00,0.00,0.000000,19.7,,,,-0.044273,0.125299,0.573103
1776550975.946712,290,20.0,track,foundationpose,,586,513,-0.044526,0.125522,0.573058,0.001877,-0.001324,0.000541,0.0071805293895831545,0.5732459425926208,0.00,0.00,0.00,0.000000,15.0,,,,-0.044212,0.125088,0.573246
1776550975.961989,291,15.3,track,foundationpose,,586,513,-0.044439,0.125409,0.573041,0.002206,-0.001842,0.000399,0.00701493743847231,0.5729672312736511,0.00,0.00,0.00,0.000000,19.9,,,,-0.044268,0.125139,0.572967
1776550975.982513,292,20.5,track,foundationpose,,585,513,-0.044549,0.125415,0.572918,0.001339,-0.001594,-0.000331,0.007120644517565956,0.5725536346435547,0.00,0.00,0.00,0.000000,14.4,,,,-0.044981,0.125539,0.572554
1776550975.997168,293,14.7,track,foundationpose,,585,514,-0.044650,0.125585,0.572876,0.000662,-0.000514,-0.000542,0.006950522489185111,0.572763979434967,0.00,0.00,0.00,0.000000,20.7,,,,-0.045009,0.126157,0.572764
1776550976.018161,294,21.0,track,foundationpose,,585,514,-0.044725,0.125730,0.572881,0.000163,0.000360,-0.000451,0.007098893835266025,0.5729264616966248,0.00,0.00,0.00,0.000000,17.1,,,,-0.044976,0.126169,0.572926
1776550976.035628,295,17.5,track,foundationpose,,585,514,-0.044796,0.125862,0.572882,-0.000250,0.001064,-0.000398,0.007052929147988779,0.5729090571403503,0.00,0.00,0.00,0.000000,15.2,,,,-0.045006,0.126221,0.572909
1776550976.051174,296,15.5,track,foundationpose,,585,514,-0.044824,0.125960,0.572872,-0.000389,0.001522,-0.000421,0.006943376671877753,0.5728599429130554,0.00,0.00,0.00,0.000000,20.2,,,,-0.044898,0.126202,0.572860
1776550976.071685,297,20.5,track,foundationpose,,586,513,-0.044657,0.125888,0.572920,0.000597,0.000944,-0.000101,0.007075990120324568,0.5730817317962646,0.00,0.00,0.00,0.000000,18.8,,,,-0.044159,0.125596,0.573082
1776550976.090738,298,19.1,track,foundationpose,,586,513,-0.044585,0.125733,0.572891,0.000934,-0.000027,-0.000253,0.007103792267232377,0.5728151798248291,0.00,0.00,0.00,0.000000,19.0,,,,-0.044417,0.125247,0.572815
1776550976.109996,299,19.3,track,foundationpose,,586,514,-0.044540,0.125766,0.572920,0.001086,0.000162,-0.000065,0.007129605828636127,0.5730137228965759,0.00,0.00,0.00,0.000000,15.2,,,,-0.044464,0.125860,0.573014
1776550976.125537,300,15.5,track,foundationpose,,586,514,-0.044518,0.125769,0.572953,0.001114,0.000167,0.000124,0.006993721731347427,0.573051393032074,0.00,0.00,0.00,0.000000,20.6,,,,-0.044504,0.125772,0.573051
1776550976.146580,301,21.0,track,foundationpose,,585,514,-0.044540,0.125784,0.573002,0.000864,0.000226,0.000385,0.00712941416669377,0.5731316804885864,0.00,0.00,0.00,0.000000,22.4,,,,-0.044663,0.125813,0.573132
1776550976.169215,302,22.6,track,foundationpose,,586,514,-0.044516,0.125837,0.573032,0.000884,0.000492,0.000501,0.0072814503690910755,0.573086678981781,0.00,0.00,0.00,0.000000,19.6,,,,-0.044507,0.125962,0.573087
1776550976.189138,303,19.9,track,foundationpose,,586,514,-0.044478,0.125862,0.573063,0.000997,0.000578,0.000621,0.007268043217801052,0.5731201767921448,0.00,0.00,0.00,0.000000,23.1,,,,-0.044424,0.125903,0.573120
1776550976.212745,304,23.6,track,foundationpose,,585,513,-0.044634,0.125785,0.572968,0.000017,0.000083,0.000020,0.007403535773762719,0.572693943977356,0.00,0.00,0.00,0.000000,16.4,,,,-0.045082,0.125559,0.572694
1776550976.229444,305,16.7,track,foundationpose,,586,513,-0.044484,0.125588,0.572964,0.000839,-0.001009,-0.000005,0.007213373647378302,0.5729516744613647,0.00,0.00,0.00,0.000000,18.9,,,,-0.044081,0.125052,0.572952
1776550976.248657,306,19.2,detect,foundationpose,,586,514,-0.044450,0.125616,0.573006,0.000936,-0.000745,0.000224,0.007190830948301158,0.5731186866760254,0.00,0.00,0.00,0.000000,1021.8,,,,-0.044402,0.125746,0.573119
1776550977.270659,307,1022.0,track,foundationpose,,586,513,-0.044459,0.125518,0.572720,0.000084,-0.000160,-0.000230,0.013658657727421777,0.5727053284645081,0.00,0.00,0.00,0.000000,51.5,,,,-0.044488,0.125537,0.572705
1776550977.322438,308,51.8,track,foundationpose,,585,514,-0.044866,0.125661,0.572730,-0.002326,0.000729,-0.000103,0.010837396853669955,0.5727435946464539,0.00,0.00,0.00,0.000000,29.4,,,,-0.045127,0.125757,0.572744
1776550977.352219,309,29.8,track,foundationpose,,585,513,-0.045059,0.125619,0.572822,-0.003277,0.000237,0.000632,0.009781540403220445,0.5729182362556458,0.00,0.00,0.00,0.000000,30.6,,,,-0.045183,0.125555,0.572918
1776550977.383088,310,30.9,track,foundationpose,,585,513,-0.045184,0.125608,0.572865,-0.003479,0.000086,0.000824,0.009510425065538545,0.572891354560852,0.00,0.00,0.00,0.000000,30.5,,,,-0.045212,0.125587,0.572891
1776550977.413891,311,30.8,track,foundationpose,,585,514,-0.045131,0.125673,0.572853,-0.002219,0.000576,0.000529,0.009366185481303855,0.572808027267456,0.00,0.00,0.00,0.000000,29.6,,,,-0.044940,0.125748,0.572808
1776550977.443812,312,29.9,track,foundationpose,,585,513,-0.045159,0.125580,0.572885,-0.001940,-0.000224,0.000650,0.009174084244384739,0.5729066133499146,0.00,0.00,0.00,0.000000,28.9,,,,-0.045110,0.125439,0.572907
1776550977.473044,313,29.2,track,foundationpose,,585,514,-0.045184,0.125606,0.572884,-0.001726,-0.000011,0.000515,0.00895960528871894,0.5728564262390137,0.00,0.00,0.00,0.000000,22.3,,,,-0.045140,0.125650,0.572856
1776550977.495650,314,22.6,track,foundationpose,,585,513,-0.045175,0.125468,0.572896,-0.001416,-0.000896,0.000514,0.008506747455935526,0.5728956460952759,0.00,0.00,0.00,0.000000,19.0,,,,-0.045095,0.125240,0.572896
1776550977.514903,315,19.3,track,foundationpose,,585,513,-0.045094,0.125366,0.572852,-0.000746,-0.001421,0.000177,0.008082044580118197,0.5727471113204956,0.00,0.00,0.00,0.000000,19.7,,,,-0.044886,0.125203,0.572747
1776550977.534826,316,19.9,track,foundationpose,,585,513,-0.045109,0.125289,0.572815,-0.000746,-0.001720,-0.000066,0.007840633729725738,0.5727308392524719,0.00,0.00,0.00,0.000000,15.3,,,,-0.045109,0.125185,0.572731
1776550977.550449,317,15.6,track,foundationpose,,585,514,-0.045086,0.125409,0.572754,-0.000537,-0.000831,-0.000430,0.0074995569233403244,0.5726091861724854,0.00,0.00,0.00,0.000000,18.6,,,,-0.045003,0.125764,0.572609
1776550977.569387,318,18.9,track,foundationpose,,585,514,-0.045051,0.125661,0.572747,-0.000264,0.000769,-0.000423,0.0074166824917218585,0.5727500319480896,0.00,0.00,0.00,0.000000,23.8,,,,-0.044938,0.126327,0.572750
1776550977.593571,319,24.2,track,foundationpose,,585,513,-0.045080,0.125640,0.572735,-0.000396,0.000536,-0.000435,0.007572631267019375,0.5727299451828003,0.00,0.00,0.00,0.000000,19.5,,,,-0.045133,0.125546,0.572730
1776550977.613466,320,19.9,track,foundationpose,,585,513,-0.045071,0.125523,0.572764,-0.000297,-0.000196,-0.000220,0.007482512287601428,0.5728543400764465,0.00,0.00,0.00,0.000000,22.6,,,,-0.045029,0.125214,0.572854
1776550977.636557,321,23.1,track,foundationpose,,585,514,-0.045027,0.125647,0.572716,-0.000011,0.000527,-0.000461,0.0075458045740446995,0.5726150274276733,0.00,0.00,0.00,0.000000,14.4,,,,-0.044907,0.125950,0.572615
1776550977.651169,322,14.6,track,foundationpose,,585,514,-0.045011,0.125683,0.572749,0.000083,0.000691,-0.000235,0.00723557677048644,0.5728558301925659,0.00,0.00,0.00,0.000000,22.2,,,,-0.044966,0.125760,0.572856
1776550977.673684,323,22.5,track,foundationpose,,585,514,-0.045010,0.125723,0.572721,0.000077,0.000824,-0.000364,0.007353928819953074,0.5726625919342041,0.00,0.00,0.00,0.000000,23.6,,,,-0.045012,0.125783,0.572663
1776550977.697590,324,23.9,track,foundationpose,,585,514,-0.044987,0.125774,0.572715,0.000192,0.001002,-0.000349,0.00748042789395755,0.5727216601371765,0.00,0.00,0.00,0.000000,22.4,,,,-0.044937,0.125852,0.572722
1776550977.720348,325,22.8,track,foundationpose,,586,513,-0.044727,0.125622,0.572809,0.001595,0.000040,0.000212,0.007508672411379082,0.5730546116828918,0.00,0.00,0.00,0.000000,25.7,,,,-0.044113,0.125200,0.573055
1776550977.746518,326,26.2,track,foundationpose,,586,513,-0.044558,0.125365,0.572782,0.002286,-0.001359,0.000033,0.007652927596016504,0.5727066993713379,0.00,0.00,0.00,0.000000,24.1,,,,-0.044267,0.124776,0.572707
1776550977.770968,327,24.5,track,foundationpose,,585,513,-0.044651,0.125346,0.572768,0.001487,-0.001278,-0.000047,0.007668823529870615,0.5727337598800659,0.00,0.00,0.00,0.000000,17.0,,,,-0.044988,0.125381,0.572734
1776550977.788442,328,17.5,track,foundationpose,,586,512,-0.044486,0.125169,0.572876,0.002235,-0.002114,0.000541,0.007406496130730898,0.5731486082077026,0.00,0.00,0.00,0.000000,18.4,,,,-0.044139,0.124781,0.573149
1776550977.807173,329,18.7,track,foundationpose,,586,513,-0.044383,0.125057,0.572887,0.002570,-0.002504,0.000547,0.007289956235000827,0.5728901624679565,0.00,0.00,0.00,0.000000,24.7,,,,-0.044221,0.124869,0.572890
1776550977.832189,330,25.0,track,foundationpose,,586,513,-0.044315,0.124979,0.572903,0.002590,-0.002590,0.000561,0.007464599686067996,0.5729097127914429,0.00,0.00,0.00,0.000000,21.5,,,,-0.044306,0.124940,0.572910
1776550977.854013,331,21.8,track,foundationpose,,586,513,-0.044243,0.124939,0.572896,0.002674,-0.002500,0.000454,0.007450624798735966,0.5728470683097839,0.00,0.00,0.00,0.000000,20.3,,,,-0.044204,0.124980,0.572847
1776550977.874598,332,20.6,track,foundationpose,,586,513,-0.044145,0.125003,0.572911,0.002904,-0.001874,0.000483,0.007393451162090093,0.5729241371154785,0.00,0.00,0.00,0.000000,14.9,,,,-0.044039,0.125293,0.572924
1776550977.889717,333,15.1,track,foundationpose,,586,513,-0.044176,0.124995,0.572883,0.002497,-0.001762,0.000292,0.0071410294288900816,0.5727865099906921,0.00,0.00,0.00,0.000000,16.9,,,,-0.044381,0.125052,0.572787
1776550977.906851,334,17.1,track,foundationpose,,585,513,-0.044306,0.125018,0.572812,0.001542,-0.001468,-0.000131,0.007059095374459561,0.5725933313369751,0.00,0.00,0.00,0.000000,18.6,,,,-0.044798,0.125169,0.572593
1776550977.925812,335,19.0,track,foundationpose,,585,514,-0.044487,0.125189,0.572750,0.000368,-0.000364,-0.000459,0.007082942155461943,0.5725832581520081,0.00,0.00,0.00,0.000000,13.2,,,,-0.045083,0.125750,0.572583
1776550977.939224,336,13.4,track,foundationpose,,586,513,-0.044475,0.125269,0.572761,0.000406,0.000116,-0.000366,0.006873191200977163,0.5728117823600769,0.00,0.00,0.00,0.000000,18.5,,,,-0.044455,0.125531,0.572812
1776550977.957907,337,18.7,track,foundationpose,,585,513,-0.044594,0.125264,0.572762,-0.000308,0.000077,-0.000320,0.006953474201771324,0.5727857351303101,0.00,0.00,0.00,0.000000,22.1,,,,-0.044970,0.125244,0.572786
1776550977.980210,338,22.3,track,foundationpose,,586,513,-0.044410,0.125314,0.572810,0.000764,0.000344,-0.000010,0.007158520678248635,0.5729613304138184,0.00,0.00,0.00,0.000000,17.7,,,,-0.043887,0.125444,0.572961
1776550977.998196,339,18.0,track,foundationpose,,586,514,-0.044439,0.125474,0.572859,0.000525,0.001209,0.000267,0.00711583927087522,0.5729967951774597,0.00,0.00,0.00,0.000000,19.9,,,,-0.044558,0.125904,0.572997
1776550978.018409,340,20.2,track,foundationpose,,585,513,-0.044627,0.125500,0.572801,-0.000583,0.001221,-0.000087,0.007177743910573565,0.5726286172866821,0.00,0.00,0.00,0.000000,22.0,,,,-0.045166,0.125506,0.572629
1776550978.040659,341,22.3,track,foundationpose,,586,513,-0.044516,0.125382,0.572850,0.000105,0.000410,0.000196,0.007298451903013848,0.5729830265045166,0.00,0.00,0.00,0.000000,20.1,,,,-0.044193,0.125001,0.572983
1776550978.061157,342,20.5,track,foundationpose,,585,514,-0.044671,0.125510,0.572841,-0.000765,0.001075,0.000124,0.0073028818053558694,0.5728073120117188,0.00,0.00,0.00,0.000000,15.6,,,,-0.045080,0.125823,0.572807
1776550978.077008,343,15.9,track,foundationpose,,585,514,-0.044697,0.125559,0.572635,-0.000842,0.001252,-0.001029,0.007117027832052693,0.5720544457435608,0.00,0.00,0.00,0.000000,20.8,,,,-0.044736,0.125649,0.572054
1776550978.098449,344,21.4,track,foundationpose,,585,514,-0.044798,0.125741,0.572560,-0.001302,0.002108,-0.001321,0.007221501223411973,0.572418749332428,0.00,0.00,0.00,0.000000,15.8,,,,-0.045021,0.126155,0.572419
1776550978.114496,345,16.0,track,foundationpose,,585,514,-0.044865,0.125878,0.572516,-0.001555,0.002682,-0.001448,0.007071754409892,0.572451114654541,0.00,0.00,0.00,0.000000,21.1,,,,-0.044994,0.126172,0.572451
1776550978.135888,346,21.4,track,foundationpose,,585,514,-0.044978,0.125945,0.572516,-0.002000,0.002735,-0.001276,0.007190976221079791,0.5726006031036377,0.00,0.00,0.00,0.000000,20.2,,,,-0.045196,0.125971,0.572601
1776550978.156382,347,20.5,track,foundationpose,,585,514,-0.045056,0.125884,0.572488,-0.002204,0.002087,-0.001286,0.007232463402449151,0.5724830627441406,0.00,0.00,0.00,0.000000,16.4,,,,-0.045154,0.125571,0.572483
1776550978.173078,348,16.7,track,foundationpose,,585,513,-0.045059,0.125744,0.572513,-0.002014,0.001118,-0.001032,0.007105600504653386,0.5726410746574402,0.00,0.00,0.00,0.000000,19.4,,,,-0.044963,0.125255,0.572641
1776550978.192921,349,19.8,track,foundationpose,,585,513,-0.045069,0.125642,0.572494,-0.001849,0.000429,-0.001022,0.007150538992595356,0.572498619556427,0.00,0.00,0.00,0.000000,16.1,,,,-0.044987,0.125300,0.572499
1776550978.209262,350,16.3,track,foundationpose,,585,513,-0.045057,0.125595,0.572498,-0.001616,0.000124,-0.000906,0.007038187561257596,0.5725575089454651,0.00,0.00,0.00,0.000000,18.4,,,,-0.044937,0.125437,0.572558
1776550978.227908,351,18.6,track,foundationpose,,585,514,-0.045068,0.125629,0.572507,-0.001506,0.000305,-0.000759,0.007059148296897387,0.5725824236869812,0.00,0.00,0.00,0.000000,24.3,,,,-0.045012,0.125722,0.572582
1776550978.252502,352,24.6,track,foundationpose,,585,514,-0.045064,0.125697,0.572524,-0.001283,0.000637,-0.000565,0.0073143002472223695,0.5726147294044495,0.00,0.00,0.00,0.000000,24.3,,,,-0.044960,0.125852,0.572615
1776550978.277016,353,24.5,track,foundationpose,,586,514,-0.044762,0.125757,0.572661,0.000544,0.000879,0.000265,0.0074703261708833615,0.5730313062667847,0.00,0.00,0.00,0.000000,21.9,,,,-0.043947,0.125865,0.573031
1776550978.299259,354,22.2,track,foundationpose,,586,513,-0.044679,0.125583,0.572705,0.000928,-0.000171,0.000471,0.0074746163932138685,0.5727975964546204,0.00,0.00,0.00,0.000000,15.9,,,,-0.044507,0.125112,0.572798
1776550978.315483,355,16.2,track,foundationpose,,585,514,-0.044759,0.125578,0.572664,0.000410,-0.000181,0.000204,0.007237891590133443,0.5725335478782654,0.00,0.00,0.00,0.000000,21.5,,,,-0.045012,0.125574,0.572534
1776550978.337219,356,21.7,track,foundationpose,,585,513,-0.044827,0.125493,0.572633,-0.000012,-0.000627,0.000011,0.0073048461103898295,0.5725411176681519,0.00,0.00,0.00,0.000000,18.8,,,,-0.045028,0.125281,0.572541
1776550978.356293,357,19.1,track,foundationpose,,585,512,-0.044800,0.125266,0.572629,0.000138,-0.001805,-0.000014,0.007243176267895092,0.5726170539855957,0.00,0.00,0.00,0.000000,14.4,,,,-0.044728,0.124694,0.572617
1776550978.371020,358,14.7,track,foundationpose,,585,513,-0.044754,0.125165,0.572629,0.000383,-0.002217,-0.000014,0.007029115468652953,0.5726284980773926,0.00,0.00,0.00,0.000000,19.6,,,,-0.044626,0.124950,0.572628
1776550978.390909,359,19.9,track,foundationpose,,585,513,-0.044815,0.125183,0.572606,0.000002,-0.001871,-0.000137,0.007099867134308285,0.5725440382957458,0.00,0.00,0.00,0.000000,18.5,,,,-0.045008,0.125358,0.572544
1776550978.409590,360,18.7,track,foundationpose,,585,513,-0.044845,0.125234,0.572644,-0.000163,-0.001391,0.000089,0.007099862578904271,0.5727580785751343,0.00,0.00,0.00,0.000000,18.1,,,,-0.044927,0.125476,0.572758
1776550978.427958,361,18.4,track,foundationpose,,585,514,-0.044885,0.125357,0.572690,-0.000369,-0.000565,0.000333,0.007088465420332805,0.5728128552436829,0.00,0.00,0.00,0.000000,16.8,,,,-0.044989,0.125774,0.572813
1776550978.444996,362,17.0,track,foundationpose,,585,513,-0.044911,0.125388,0.572718,-0.000485,-0.000337,0.000463,0.0070274505557832625,0.572784960269928,0.00,0.00,0.00,0.000000,19.5,,,,-0.044971,0.125505,0.572785
1776550978.464791,363,19.8,track,foundationpose,,586,514,-0.044751,0.125485,0.572810,0.000469,0.000246,0.000927,0.007101069117823363,0.5730429887771606,0.00,0.00,0.00,0.000000,16.1,,,,-0.044273,0.125777,0.573043
1776550978.481174,364,16.4,track,foundationpose,,586,513,-0.044551,0.125488,0.572842,0.001549,0.000239,0.001021,0.007010114559091616,0.5728906393051147,0.00,0.00,0.00,0.000000,18.3,,,,-0.043992,0.125484,0.572891
1776550978.499708,365,18.5,track,foundationpose,,585,513,-0.044547,0.125530,0.572893,0.001410,0.000453,0.001200,0.0070388339441875905,0.572984516620636,0.00,0.00,0.00,0.000000,17.9,,,,-0.044617,0.125640,0.572985
1776550978.517822,366,18.1,track,foundationpose,,586,513,-0.044542,0.125458,0.572903,0.001296,0.000001,0.001135,0.0070410539655138965,0.5728700160980225,0.00,0.00,0.00,0.000000,11.9,,,,-0.044600,0.125227,0.572870
1776550978.529945,367,12.1,detect,foundationpose,,585,513,-0.044653,0.125494,0.572950,0.000578,0.000201,0.001321,0.006793797278839792,0.5730537176132202,0.00,0.00,0.00,0.000000,1012.0,,,,-0.045053,0.125605,0.573054
1776550979.542169,368,1012.2,track,foundationpose,,585,514,-0.044870,0.125764,0.572827,-0.000137,0.000261,0.000020,0.013649143710574598,0.5727827548980713,0.00,0.00,0.00,0.000000,58.5,,,,-0.044894,0.125766,0.572783
1776550979.601151,369,59.0,track,foundationpose,,586,513,-0.044312,0.125620,0.572911,0.003255,-0.000692,0.000514,0.011021644146520404,0.5729587078094482,0.00,0.00,0.00,0.000000,34.5,,,,-0.043983,0.125528,0.572959
1776550979.636239,370,35.1,track,foundationpose,,586,513,-0.044120,0.125460,0.572937,0.003837,-0.001712,0.000577,0.010059271781460433,0.5729448199272156,0.00,0.00,0.00,0.000000,33.7,,,,-0.044051,0.125338,0.572945
1776550979.670456,371,34.2,track,foundationpose,,586,513,-0.044277,0.125434,0.573009,0.001622,-0.001464,0.000978,0.009727558543453346,0.5730629563331604,0.00,0.00,0.00,0.000000,34.4,,,,-0.044573,0.125467,0.573063
1776550979.705423,372,35.0,track,foundationpose,,585,513,-0.044459,0.125398,0.573005,-0.000104,-0.001351,0.000701,0.009564964206201365,0.5729629993438721,0.00,0.00,0.00,0.000000,34.3,,,,-0.044721,0.125415,0.572963
1776550979.739985,373,34.6,track,foundationpose,,585,513,-0.044786,0.125167,0.572946,-0.002254,-0.002578,0.000149,0.009372689727984591,0.5728479623794556,0.00,0.00,0.00,0.000000,25.2,,,,-0.045169,0.124949,0.572848
1776550979.765561,374,25.6,track,foundationpose,,585,514,-0.044873,0.125436,0.572890,-0.002444,-0.000457,-0.000233,0.008840277730977605,0.5728020071983337,0.00,0.00,0.00,0.000000,17.4,,,,-0.044917,0.125925,0.572802
1776550979.783279,375,17.7,track,foundationpose,,585,513,-0.044902,0.125358,0.572867,-0.002356,-0.000893,-0.000348,0.008203876305656058,0.5728327035903931,0.00,0.00,0.00,0.000000,21.2,,,,-0.044876,0.125228,0.572833
1776550979.804724,376,21.4,track,foundationpose,,585,513,-0.044908,0.125326,0.572816,-0.002082,-0.000975,-0.000613,0.007975465806035335,0.5727282166481018,0.00,0.00,0.00,0.000000,16.5,,,,-0.044817,0.125299,0.572728
1776550979.821538,377,16.8,track,foundationpose,,585,512,-0.044893,0.125121,0.572824,-0.001780,-0.002110,-0.000505,0.007633384316517375,0.5728647112846375,0.00,0.00,0.00,0.000000,23.8,,,,-0.044778,0.124690,0.572865
1776550979.845603,378,24.1,track,foundationpose,,585,513,-0.044840,0.124997,0.572819,-0.001213,-0.002543,-0.000463,0.007713960751978641,0.5728343725204468,0.00,0.00,0.00,0.000000,22.8,,,,-0.044626,0.124834,0.572834
1776550979.868582,379,23.0,track,foundationpose,,585,514,-0.044903,0.125206,0.572780,-0.001416,-0.000992,-0.000623,0.007704974843382912,0.5727189779281616,0.00,0.00,0.00,0.000000,14.7,,,,-0.044981,0.125804,0.572719
1776550979.883632,380,15.0,track,foundationpose,,585,514,-0.044934,0.125365,0.572798,-0.001475,0.000011,-0.000465,0.007366254525411164,0.5728676319122314,0.00,0.00,0.00,0.000000,21.4,,,,-0.044960,0.125806,0.572868
1776550979.905319,381,21.7,track,foundationpose,,585,513,-0.045001,0.125298,0.572825,-0.001675,-0.000372,-0.000253,0.007418257316925327,0.5729178786277771,0.00,0.00,0.00,0.000000,19.2,,,,-0.045088,0.125132,0.572918
1776550979.924827,382,19.5,track,foundationpose,,585,514,-0.045055,0.125377,0.572779,-0.001796,0.000115,-0.000487,0.007357475989474866,0.5726745128631592,0.00,0.00,0.00,0.000000,17.2,,,,-0.045109,0.125595,0.572675
1776550979.942311,383,17.5,track,foundationpose,,585,513,-0.045039,0.125364,0.572796,-0.001525,0.000031,-0.000345,0.007232227627824599,0.5728622674942017,0.00,0.00,0.00,0.000000,19.8,,,,-0.044911,0.125325,0.572862
1776550979.962404,384,20.1,track,foundationpose,,585,513,-0.044999,0.125249,0.572792,-0.001128,-0.000623,-0.000327,0.007255442499322774,0.572800874710083,0.00,0.00,0.00,0.000000,16.0,,,,-0.044813,0.124942,0.572801
1776550979.978727,385,16.3,track,foundationpose,,585,513,-0.045000,0.125158,0.572792,-0.001028,-0.001081,-0.000297,0.007114389094085794,0.5728065371513367,0.00,0.00,0.00,0.000000,20.4,,,,-0.044951,0.124931,0.572807
1776550979.999629,386,20.9,track,foundationpose,,585,514,-0.045001,0.125337,0.572796,-0.000914,0.000054,-0.000240,0.007208679483594782,0.5728235840797424,0.00,0.00,0.00,0.000000,20.8,,,,-0.044946,0.125880,0.572824
1776550980.020642,387,21.0,track,foundationpose,,585,514,-0.044975,0.125444,0.572791,-0.000659,0.000650,-0.000242,0.007272447658597782,0.5727894306182861,0.00,0.00,0.00,0.000000,19.4,,,,-0.044855,0.125724,0.572789
1776550980.040298,388,19.7,track,foundationpose,,585,513,-0.044896,0.125290,0.572737,-0.000146,-0.000281,-0.000516,0.007256231104812572,0.5726065635681152,0.00,0.00,0.00,0.000000,21.3,,,,-0.044652,0.124848,0.572607
1776550980.061795,389,21.5,track,foundationpose,,586,513,-0.044774,0.125324,0.572735,0.000545,-0.000061,-0.000461,0.007317472374747668,0.5727611184120178,0.00,0.00,0.00,0.000000,15.8,,,,-0.044452,0.125426,0.572761
1776550980.077882,390,16.1,track,foundationpose,,585,514,-0.044784,0.125459,0.572727,0.000440,0.000695,-0.000468,0.007137334765852471,0.572723388671875,0.00,0.00,0.00,0.000000,21.7,,,,-0.044837,0.125835,0.572723
1776550980.099836,391,22.0,track,foundationpose,,585,513,-0.044800,0.125324,0.572727,0.000299,-0.000135,-0.000410,0.007256603358138517,0.5727545022964478,0.00,0.00,0.00,0.000000,18.5,,,,-0.044867,0.124928,0.572755
1776550980.118590,392,18.8,track,foundationpose,,585,513,-0.044783,0.125223,0.572727,0.000362,-0.000682,-0.000369,0.007204699950621525,0.5727465748786926,0.00,0.00,0.00,0.000000,17.2,,,,-0.044752,0.124956,0.572747
1776550980.136029,393,17.4,track,foundationpose,,585,513,-0.044794,0.125282,0.572689,0.000265,-0.000285,-0.000545,0.007117558093968018,0.5726003646850586,0.00,0.00,0.00,0.000000,20.8,,,,-0.044843,0.125482,0.572600
1776550980.157093,394,21.1,track,foundationpose,,585,513,-0.044904,0.125340,0.572663,-0.000377,0.000068,-0.000623,0.007207838794567452,0.5726249814033508,0.00,0.00,0.00,0.000000,15.7,,,,-0.045217,0.125512,0.572625
1776550980.173069,395,16.0,track,foundationpose,,586,513,-0.044722,0.125225,0.572710,0.000670,-0.000581,-0.000306,0.0070607539367474005,0.5728724002838135,0.00,0.00,0.00,0.000000,18.7,,,,-0.044186,0.124892,0.572872
1776550980.192038,396,19.0,track,foundationpose,,586,512,-0.044592,0.125016,0.572794,0.001329,-0.001683,0.000193,0.007086647828134781,0.5730457305908203,0.00,0.00,0.00,0.000000,20.5,,,,-0.044259,0.124458,0.573046
1776550980.212813,397,20.8,track,foundationpose,,585,513,-0.044657,0.125082,0.572826,0.000811,-0.001119,0.000351,0.0071780798494052575,0.572903573513031,0.00,0.00,0.00,0.000000,20.8,,,,-0.044910,0.125358,0.572904
1776550980.233911,398,21.1,track,foundationpose,,585,512,-0.044670,0.124977,0.572820,0.000642,-0.001574,0.000277,0.00724998849035673,0.5727849006652832,0.00,0.00,0.00,0.000000,14.9,,,,-0.044751,0.124759,0.572785
1776550980.249137,399,15.2,track,foundationpose,,586,512,-0.044621,0.124892,0.572837,0.000861,-0.001912,0.000350,0.007058077022289022,0.572874903678894,0.00,0.00,0.00,0.000000,19.8,,,,-0.044509,0.124718,0.572875
1776550980.269171,400,20.0,track,foundationpose,,585,514,-0.044716,0.125136,0.572819,0.000234,-0.000340,0.000210,0.007127916970762466,0.5727488994598389,0.00,0.00,0.00,0.000000,21.9,,,,-0.045029,0.125920,0.572749
1776550980.291295,401,22.1,track,foundationpose,,585,513,-0.044812,0.125213,0.572853,-0.000326,0.000131,0.000370,0.00725836476171919,0.5729296207427979,0.00,0.00,0.00,0.000000,18.8,,,,-0.045080,0.125438,0.572930
1776550980.310437,402,19.1,track,foundationpose,,586,512,-0.044635,0.125113,0.572955,0.000689,-0.000436,0.000897,0.007221680716510298,0.5732101798057556,0.00,0.00,0.00,0.000000,22.1,,,,-0.044143,0.124839,0.573210
1776550980.333099,403,22.7,track,foundationpose,,586,513,-0.044613,0.125049,0.572959,0.000725,-0.000737,0.000805,0.007337628885889952,0.5729156136512756,0.00,0.00,0.00,0.000000,17.9,,,,-0.044597,0.124908,0.572916
1776550980.351236,404,18.1,track,foundationpose,,585,514,-0.044719,0.125267,0.572942,0.000071,0.000540,0.000632,0.007229968820858918,0.5728581547737122,0.00,0.00,0.00,0.000000,19.2,,,,-0.045036,0.125887,0.572858
1776550980.370664,405,19.4,track,foundationpose,,585,513,-0.044823,0.125364,0.572956,-0.000509,0.001013,0.000643,0.0072117409546081455,0.5729616284370422,0.00,0.00,0.00,0.000000,20.7,,,,-0.045106,0.125595,0.572962
1776550980.391748,406,21.1,track,foundationpose,,586,513,-0.044615,0.125327,0.572989,0.000695,0.000692,0.000750,0.007266581241931759,0.5730400085449219,0.00,0.00,0.00,0.000000,14.2,,,,-0.044038,0.125173,0.573040
1776550980.406222,407,14.5,track,foundationpose,,585,513,-0.044725,0.125364,0.572906,0.000030,0.000841,0.000227,0.007035884917244961,0.5726343393325806,0.00,0.00,0.00,0.000000,17.3,,,,-0.045070,0.125441,0.572634
1776550980.423838,408,17.6,track,foundationpose,,586,514,-0.044550,0.125469,0.572955,0.000998,0.001343,0.000478,0.007012718455259659,0.5730851292610168,0.00,0.00,0.00,0.000000,19.8,,,,-0.044046,0.125730,0.573085
1776550980.443882,409,20.0,track,foundationpose,,586,513,-0.044482,0.125372,0.572921,0.001266,0.000653,0.000235,0.007099036740735068,0.5727984309196472,0.00,0.00,0.00,0.000000,18.2,,,,-0.044348,0.125025,0.572798
1776550980.462247,410,18.4,track,foundationpose,,585,513,-0.044593,0.125412,0.572866,0.000517,0.000812,-0.000093,0.007088549562503918,0.5727007389068604,0.00,0.00,0.00,0.000000,18.3,,,,-0.044971,0.125492,0.572701
1776550980.480741,411,18.5,track,foundationpose,,585,512,-0.044636,0.125204,0.572870,0.000224,-0.000439,-0.000065,0.007087381870827621,0.5728837847709656,0.00,0.00,0.00,0.000000,16.4,,,,-0.044783,0.124572,0.572884
1776550980.497473,412,16.7,track,foundationpose,,586,513,-0.044506,0.125149,0.572877,0.000931,-0.000706,-0.000019,0.007014754392956754,0.5729005932807922,0.00,0.00,0.00,0.000000,20.3,,,,-0.044141,0.125011,0.572901
1776550980.518003,413,20.5,track,foundationpose,,586,513,-0.044491,0.125186,0.572849,0.000910,-0.000416,-0.000171,0.007122939626180498,0.5727732181549072,0.00,0.00,0.00,0.000000,22.3,,,,-0.044501,0.125330,0.572773
1776550980.540770,414,22.8,track,foundationpose,,585,513,-0.044633,0.125257,0.572846,0.000003,0.000029,-0.000165,0.0072833640828990345,0.5728492140769958,0.00,0.00,0.00,0.000000,16.0,,,,-0.045062,0.125466,0.572849
1776550980.557061,415,16.3,track,foundationpose,,586,513,-0.044493,0.125226,0.572880,0.000786,-0.000144,0.000035,0.007123802724172417,0.5729796886444092,0.00,0.00,0.00,0.000000,19.0,,,,-0.044101,0.125140,0.572980
1776550980.576374,416,19.3,track,foundationpose,,586,513,-0.044474,0.125250,0.572850,0.000806,0.000005,-0.000131,0.007141499062727064,0.5727679133415222,0.00,0.00,0.00,0.000000,20.4,,,,-0.044463,0.125324,0.572768
1776550980.597066,417,20.7,track,foundationpose,,585,513,-0.044615,0.125317,0.572877,-0.000068,0.000377,0.000029,0.007208921521876985,0.572954535484314,0.00,0.00,0.00,0.000000,18.6,,,,-0.045039,0.125498,0.572955
1776550980.616051,418,19.0,track,foundationpose,,586,513,-0.044428,0.125234,0.572935,0.000972,-0.000123,0.000348,0.007183263664169607,0.5730909705162048,0.00,0.00,0.00,0.000000,13.0,,,,-0.043918,0.124989,0.573091
1776550980.629346,419,13.3,track,foundationpose,,586,513,-0.044337,0.125177,0.572935,0.001408,-0.000434,0.000323,0.006934294033239329,0.572921633720398,0.00,0.00,0.00,0.000000,22.0,,,,-0.044104,0.125010,0.572922
1776550980.651596,420,22.2,track,foundationpose,,586,513,-0.044279,0.125081,0.572863,0.001556,-0.000916,-0.000117,0.007136884038414725,0.5726441144943237,0.00,0.00,0.00,0.000000,18.5,,,,-0.044205,0.124841,0.572644
1776550980.670395,421,18.8,track,foundationpose,,585,514,-0.044461,0.125334,0.572781,0.000382,0.000594,-0.000560,0.007130514906801313,0.5725610852241516,0.00,0.00,0.00,0.000000,19.5,,,,-0.045046,0.126087,0.572561
1776550980.690111,422,19.7,track,foundationpose,,585,514,-0.044609,0.125504,0.572788,-0.000484,0.001474,-0.000459,0.007163486234358189,0.5728379487991333,0.00,0.00,0.00,0.000000,16.3,,,,-0.045035,0.125937,0.572838
1776550980.706737,423,16.6,track,foundationpose,,585,514,-0.044751,0.125538,0.572721,-0.001232,0.001526,-0.000793,0.007059092399933108,0.5725501179695129,0.00,0.00,0.00,0.000000,19.2,,,,-0.045133,0.125564,0.572550
1776550980.726182,424,19.4,track,foundationpose,,585,513,-0.044857,0.125552,0.572672,-0.001688,0.001438,-0.000982,0.007105826180887087,0.5725770592689514,0.00,0.00,0.00,0.000000,22.1,,,,-0.045086,0.125508,0.572577
1776550980.748624,425,22.4,track,foundationpose,,585,514,-0.044913,0.125768,0.572642,-0.001789,0.002460,-0.001024,0.007257706324919017,0.5726222991943359,0.00,0.00,0.00,0.000000,18.9,,,,-0.044961,0.126255,0.572622
1776550980.767830,426,19.2,track,foundationpose,,585,513,-0.045008,0.125708,0.572625,-0.002128,0.001863,-0.001011,0.007224273387016118,0.5726311206817627,0.00,0.00,0.00,0.000000,12.9,,,,-0.045172,0.125419,0.572631
1776550980.780949,427,13.1,track,foundationpose,,585,513,-0.045050,0.125689,0.572617,-0.002206,0.001620,-0.000981,0.006954134442296,0.5726324915885925,0.00,0.00,0.00,0.000000,21.7,,,,-0.045092,0.125559,0.572632
1776550980.802918,428,22.0,detect,foundationpose,,586,513,-0.044919,0.125547,0.572598,-0.001206,0.000633,-0.000967,0.007137959403697794,0.5726052522659302,0.00,0.00,0.00,0.000000,1116.2,,,,-0.044422,0.125057,0.572605
1776550981.919645,429,1116.7,track,foundationpose,,586,513,-0.044167,0.125034,0.572762,0.000503,-0.000360,0.000046,0.013688033551618602,0.5727925896644592,0.00,0.00,0.00,0.000000,60.1,,,,-0.044115,0.125004,0.572793
1776550981.980016,430,60.4,track,foundationpose,,585,513,-0.044772,0.125319,0.572484,-0.003515,0.001583,-0.001726,0.011120107529919678,0.5723296999931335,0.00,0.00,0.00,0.000000,30.3,,,,-0.045123,0.125489,0.572330
1776550982.010694,431,30.7,track,foundationpose,,586,513,-0.044444,0.125177,0.572416,-0.000130,0.000094,-0.001846,0.009969159039956809,0.5724018812179565,0.00,0.00,0.00,0.000000,34.8,,,,-0.044039,0.124998,0.572402
1776550982.045832,432,35.1,track,foundationpose,,586,513,-0.044303,0.125078,0.572340,0.001029,-0.000719,-0.001935,0.009777889576043279,0.5723288059234619,0.00,0.00,0.00,0.000000,34.9,,,,-0.044157,0.124975,0.572329
1776550982.081073,433,35.2,track,foundationpose,,585,513,-0.044647,0.125178,0.572170,-0.001788,0.000210,-0.002687,0.009639431013989258,0.5720621943473816,0.00,0.00,0.00,0.000000,38.4,,,,-0.045053,0.125312,0.572062
1776550982.119790,434,38.7,track,foundationpose,,585,513,-0.044672,0.125263,0.572038,-0.001489,0.000721,-0.002874,0.009591001878355149,0.5720075368881226,0.00,0.00,0.00,0.000000,28.6,,,,-0.044623,0.125347,0.572008
1776550982.148720,435,28.9,track,foundationpose,,585,513,-0.044748,0.125312,0.572087,-0.001694,0.000896,-0.002051,0.009076971805455863,0.572263240814209,0.00,0.00,0.00,0.000000,23.5,,,,-0.044792,0.125349,0.572263
1776550982.172512,436,23.8,track,foundationpose,,585,514,-0.044829,0.125527,0.572060,-0.001939,0.002061,-0.001920,0.008564256937538938,0.572095513343811,0.00,0.00,0.00,0.000000,23.4,,,,-0.044895,0.125841,0.572096
1776550982.196169,437,23.7,track,foundationpose,,585,514,-0.044939,0.125749,0.572121,-0.002315,0.003071,-0.001297,0.008250806506059721,0.5723153352737427,0.00,0.00,0.00,0.000000,21.6,,,,-0.045056,0.126063,0.572315
1776550982.218087,438,21.9,track,foundationpose,,586,514,-0.044802,0.125760,0.572252,-0.001236,0.002750,-0.000378,0.00798444231159233,0.5725730061531067,0.00,0.00,0.00,0.000000,25.3,,,,-0.044426,0.125648,0.572573
1776550982.243823,439,25.7,track,foundationpose,,585,513,-0.044855,0.125540,0.572395,-0.001353,0.001103,0.000485,0.007963570319678925,0.5727050304412842,0.00,0.00,0.00,0.000000,22.7,,,,-0.044897,0.124948,0.572705
1776550982.266751,440,22.9,track,foundationpose,,585,514,-0.044973,0.125595,0.572401,-0.001840,0.001271,0.000454,0.007828989109718144,0.5723888874053955,0.00,0.00,0.00,0.000000,17.2,,,,-0.045159,0.125659,0.572389
1776550982.284180,441,17.4,track,foundationpose,,585,513,-0.044878,0.125512,0.572430,-0.001129,0.000682,0.000574,0.007524431797556923,0.5724819302558899,0.00,0.00,0.00,0.000000,21.7,,,,-0.044573,0.125259,0.572482
1776550982.306144,442,22.0,track,foundationpose,,586,513,-0.044625,0.125307,0.572489,0.000413,-0.000541,0.000833,0.007511932923695527,0.5726010799407959,0.00,0.00,0.00,0.000000,15.7,,,,-0.043960,0.124779,0.572601
1776550982.322079,443,15.9,track,foundationpose,,586,513,-0.044505,0.125192,0.572604,0.001051,-0.001133,0.001401,0.007261447435220445,0.5728727579116821,0.00,0.00,0.00,0.000000,22.7,,,,-0.044203,0.124912,0.572873
1776550982.345099,444,23.0,track,foundationpose,,586,513,-0.044350,0.125075,0.572681,0.001782,-0.001639,0.001646,0.0073859815115833675,0.5727915167808533,0.00,0.00,0.00,0.000000,21.7,,,,-0.044020,0.124847,0.572792
1776550982.367065,445,22.0,track,foundationpose,,586,512,-0.044264,0.124948,0.572686,0.002040,-0.002148,0.001476,0.00742179487439702,0.5726094245910645,0.00,0.00,0.00,0.000000,15.6,,,,-0.044148,0.124720,0.572609
1776550982.382912,446,15.8,track,foundationpose,,586,512,-0.044205,0.124827,0.572673,0.002189,-0.002632,0.001273,0.007197455390613291,0.5725744962692261,0.00,0.00,0.00,0.000000,26.5,,,,-0.044133,0.124592,0.572574
1776550982.409734,447,26.8,track,foundationpose,,585,512,-0.044308,0.124645,0.572735,0.001298,-0.003246,0.001428,0.007491596563219937,0.5728035569190979,0.00,0.00,0.00,0.000000,21.3,,,,-0.044699,0.124375,0.572804
1776550982.431597,448,21.9,track,foundationpose,,585,513,-0.044451,0.124742,0.572768,0.000357,-0.002327,0.001435,0.007477695266799538,0.5727711319923401,0.00,0.00,0.00,0.000000,20.8,,,,-0.044869,0.125150,0.572771
1776550982.452628,449,21.0,track,foundationpose,,585,513,-0.044603,0.124922,0.572751,-0.000512,-0.001072,0.001179,0.007433423314596515,0.5726350545883179,0.00,0.00,0.00,0.000000,16.8,,,,-0.044996,0.125491,0.572635
1776550982.469697,450,17.1,track,foundationpose,,585,513,-0.044678,0.125025,0.572770,-0.000878,-0.000410,0.001175,0.007247389984221047,0.5727682709693909,0.00,0.00,0.00,0.000000,22.4,,,,-0.044856,0.125345,0.572768
1776550982.492598,451,22.9,track,foundationpose,,585,512,-0.044679,0.124876,0.572816,-0.000772,-0.001175,0.001275,0.007360373296510282,0.5728622674942017,0.00,0.00,0.00,0.000000,19.9,,,,-0.044630,0.124520,0.572862
1776550982.512820,452,20.2,track,foundationpose,,585,513,-0.044702,0.124909,0.572792,-0.000812,-0.000863,0.001005,0.007326546760215059,0.5726656317710876,0.00,0.00,0.00,0.000000,14.8,,,,-0.044720,0.125055,0.572666
1776550982.527935,453,15.1,track,foundationpose,,586,513,-0.044528,0.124945,0.572836,0.000215,-0.000593,0.001165,0.007100458806087201,0.5729175209999084,0.00,0.00,0.00,0.000000,17.7,,,,-0.044006,0.125082,0.572918
1776550982.545863,454,17.9,track,foundationpose,,586,512,-0.044455,0.124794,0.572874,0.000600,-0.001373,0.001258,0.007067607245147466,0.5729215145111084,0.00,0.00,0.00,0.000000,16.9,,,,-0.044258,0.124394,0.572922
1776550982.563027,455,17.2,track,foundationpose,,585,513,-0.044498,0.124954,0.572910,0.000301,-0.000342,0.001339,0.007017195774589201,0.5729522705078125,0.00,0.00,0.00,0.000000,18.2,,,,-0.044653,0.125489,0.572952
1776550982.581744,456,18.7,track,foundationpose,,586,513,-0.044480,0.124917,0.572906,0.000374,-0.000515,0.001174,0.007049651252017311,0.5728217363357544,0.00,0.00,0.00,0.000000,16.5,,,,-0.044443,0.124829,0.572822
1776550982.598588,457,16.8,track,foundationpose,,585,512,-0.044587,0.124863,0.572915,-0.000268,-0.000771,0.001112,0.00699555677897808,0.5728822350502014,0.00,0.00,0.00,0.000000,20.0,,,,-0.044920,0.124730,0.572882
1776550982.618842,458,20.3,track,foundationpose,,585,512,-0.044669,0.124810,0.572930,-0.000696,-0.000979,0.001073,0.007100999054412053,0.5729104280471802,0.00,0.00,0.00,0.000000,14.7,,,,-0.044883,0.124707,0.572910
1776550982.633857,459,15.0,track,foundationpose,,585,513,-0.044692,0.124874,0.572926,-0.000765,-0.000535,0.000958,0.006955019336634599,0.5728651881217957,0.00,0.00,0.00,0.000000,20.1,,,,-0.044728,0.125108,0.572865
1776550982.654292,460,20.4,track,foundationpose,,585,513,-0.044731,0.124914,0.572892,-0.000896,-0.000251,0.000659,0.007082013193597993,0.5727425217628479,0.00,0.00,0.00,0.000000,13.7,,,,-0.044797,0.125057,0.572743
1776550982.668226,461,13.9,track,foundationpose,,585,513,-0.044757,0.124941,0.572865,-0.000973,-0.000077,0.000454,0.006897680669182434,0.5727548003196716,0.00,0.00,0.00,0.000000,21.9,,,,-0.044798,0.125035,0.572755
1776550982.690460,462,22.2,track,foundationpose,,585,514,-0.044828,0.125140,0.572841,-0.001250,0.001053,0.000262,0.007118316934904085,0.5727460384368896,0.00,0.00,0.00,0.000000,21.1,,,,-0.044965,0.125701,0.572746
1776550982.711880,463,21.4,track,foundationpose,,586,513,-0.044592,0.125172,0.572934,0.000213,0.001105,0.000751,0.007228486570708657,0.5731688141822815,0.00,0.00,0.00,0.000000,14.9,,,,-0.043892,0.125197,0.573169
1776550982.727066,464,15.2,track,foundationpose,,586,513,-0.044553,0.125225,0.572937,0.000415,0.001304,0.000701,0.007044528970149549,0.5729108452796936,0.00,0.00,0.00,0.000000,19.8,,,,-0.044449,0.125327,0.572911
1776550982.747066,465,20.0,track,foundationpose,,585,513,-0.044678,0.125255,0.572900,-0.000332,0.001326,0.000417,0.007119693003464941,0.5727584362030029,0.00,0.00,0.00,0.000000,16.1,,,,-0.045051,0.125266,0.572758
1776550982.763430,466,16.4,track,foundationpose,,586,513,-0.044531,0.125258,0.572960,0.000522,0.001224,0.000716,0.007020500680020661,0.5731150507926941,0.00,0.00,0.00,0.000000,21.8,,,,-0.044090,0.125205,0.573115
1776550982.785520,467,22.1,track,foundationpose,,586,513,-0.044474,0.125273,0.572955,0.000777,0.001156,0.000600,0.0071890273509229476,0.572898805141449,0.00,0.00,0.00,0.000000,18.7,,,,-0.044349,0.125240,0.572899
1776550982.804480,468,19.0,track,foundationpose,,585,513,-0.044511,0.125191,0.572972,0.000491,0.000578,0.000632,0.007171209070444519,0.5729877352714539,0.00,0.00,0.00,0.000000,17.8,,,,-0.044651,0.124907,0.572988
1776550982.822472,469,18.0,track,foundationpose,,585,514,-0.044612,0.125378,0.572949,-0.000122,0.001561,0.000439,0.007119455745681938,0.572852611541748,0.00,0.00,0.00,0.000000,18.5,,,,-0.044919,0.125870,0.572853
1776550982.841173,470,18.7,track,foundationpose,,586,513,-0.044458,0.125412,0.572985,0.000747,0.001587,0.000592,0.007114235482947283,0.5730615854263306,0.00,0.00,0.00,0.000000,16.7,,,,-0.044022,0.125425,0.573062
1776550982.858219,471,17.0,track,foundationpose,,586,513,-0.044398,0.125393,0.573035,0.001012,0.001330,0.000818,0.0070435579826038834,0.5731514096260071,0.00,0.00,0.00,0.000000,20.9,,,,-0.044262,0.125261,0.573151
1776550982.879703,472,21.5,track,foundationpose,,586,513,-0.044297,0.125378,0.573003,0.001456,0.001086,0.000540,0.007178318343664298,0.5728665590286255,0.00,0.00,0.00,0.000000,15.2,,,,-0.044079,0.125258,0.572867
1776550982.895286,473,15.6,track,foundationpose,,586,513,-0.044248,0.125299,0.573036,0.001599,0.000552,0.000680,0.007026240678061221,0.5731087327003479,0.00,0.00,0.00,0.000000,16.8,,,,-0.044174,0.125023,0.573109
1776550982.912356,474,17.1,track,foundationpose,,586,514,-0.044277,0.125417,0.572996,0.001282,0.001158,0.000386,0.006986851883094607,0.572842001914978,0.00,0.00,0.00,0.000000,13.8,,,,-0.044443,0.125734,0.572842
1776550982.926379,475,14.0,track,foundationpose,,585,513,-0.044465,0.125443,0.572959,0.000123,0.001216,0.000151,0.006835310090975192,0.5728298425674438,0.00,0.00,0.00,0.000000,17.5,,,,-0.045104,0.125475,0.572830
1776550982.944066,476,17.7,track,foundationpose,,586,513,-0.044373,0.125426,0.573003,0.000634,0.001000,0.000382,0.006887524098123346,0.5731269717216492,0.00,0.00,0.00,0.000000,16.1,,,,-0.044098,0.125310,0.573127
1776550982.960392,477,16.3,track,foundationpose,,586,513,-0.044402,0.125462,0.573053,0.000410,0.001109,0.000632,0.006867796218541233,0.5731880068778992,0.00,0.00,0.00,0.000000,15.4,,,,-0.044522,0.125521,0.573188
1776550982.976055,478,15.7,track,foundationpose,,585,513,-0.044562,0.125477,0.573053,-0.000543,0.001094,0.000573,0.006827716035584242,0.5730201601982117,0.00,0.00,0.00,0.000000,14.2,,,,-0.045083,0.125468,0.573020
1776550982.990473,479,14.4,track,foundationpose,,586,513,-0.044433,0.125397,0.573101,0.000241,0.000547,0.000801,0.006748685508882605,0.5732288360595703,0.00,0.00,0.00,0.000000,15.9,,,,-0.043994,0.125090,0.573229
1776550983.006705,480,16.2,track,foundationpose,,586,513,-0.044440,0.125396,0.573060,0.000181,0.000490,0.000494,0.006772777215382616,0.5728896260261536,0.00,0.00,0.00,0.000000,16.1,,,,-0.044472,0.125364,0.572890
1776550983.023061,481,16.4,track,foundationpose,,585,513,-0.044566,0.125312,0.573003,-0.000562,-0.000041,0.000118,0.00679561335783803,0.5727961659431458,0.00,0.00,0.00,0.000000,13.2,,,,-0.044975,0.125020,0.572796
1776550983.036503,482,13.4,track,foundationpose,,586,512,-0.044474,0.125201,0.573018,0.000015,-0.000673,0.000196,0.006687483483562594,0.5730628967285156,0.00,0.00,0.00,0.000000,17.1,,,,-0.044144,0.124841,0.573063
1776550983.053872,483,17.4,track,foundationpose,,586,512,-0.044372,0.125099,0.573041,0.000602,-0.001194,0.000309,0.0067814229557428655,0.5731032490730286,0.00,0.00,0.00,0.000000,13.8,,,,-0.044049,0.124812,0.573103
1776550983.067877,484,14.0,track,foundationpose,,586,512,-0.044311,0.125025,0.573046,0.000903,-0.001529,0.000315,0.006702704319885133,0.5730496048927307,0.00,0.00,0.00,0.000000,17.1,,,,-0.044140,0.124835,0.573050
1776550983.085183,485,17.3,track,foundationpose,,585,513,-0.044443,0.125055,0.572971,0.000050,-0.001200,-0.000154,0.006789740408582778,0.5727132558822632,0.00,0.00,0.00,0.000000,13.0,,,,-0.044912,0.125236,0.572713
1776550983.098475,486,13.3,track,foundationpose,,586,512,-0.044428,0.124944,0.572939,0.000135,-0.001753,-0.000324,0.006678009934936789,0.5728420615196228,0.00,0.00,0.00,0.000000,15.8,,,,-0.044379,0.124628,0.572842
1776550983.114553,487,16.1,track,foundationpose,,585,513,-0.044523,0.124949,0.572807,-0.000426,-0.001560,-0.001057,0.006720440517448218,0.5723947882652283,0.00,0.00,0.00,0.000000,13.6,,,,-0.044839,0.125057,0.572395
1776550983.128364,488,13.8,track,foundationpose,,585,513,-0.044616,0.124956,0.572707,-0.000936,-0.001395,-0.001551,0.00665280861772205,0.5724226832389832,0.00,0.00,0.00,0.000000,15.4,,,,-0.044910,0.125051,0.572423
1776550983.144258,489,15.9,detect,foundationpose,,585,513,-0.044659,0.125046,0.572672,-0.001094,-0.000746,-0.001611,0.006695884949872353,0.5726383924484253,0.00,0.00,0.00,0.000000,1003.6,,,,-0.044748,0.125414,0.572638
1776550984.148019,490,1003.8,track,foundationpose,,586,512,-0.044596,0.124365,0.572788,-0.000052,-0.000685,-0.000056,0.0136439527977509,0.5728428363800049,0.00,0.00,0.00,0.000000,49.5,,,,-0.044559,0.124367,0.572843
1776550984.197727,491,49.7,track,foundationpose,,585,514,-0.044833,0.125203,0.572800,-0.001402,0.004332,0.000026,0.010771079674764634,0.5728091597557068,0.00,0.00,0.00,0.000000,25.6,,,,-0.044987,0.125775,0.572809
1776550984.223887,492,26.2,track,foundationpose,,586,513,-0.044523,0.125156,0.572766,0.001256,0.003099,-0.000236,0.009592224885076769,0.5727291703224182,0.00,0.00,0.00,0.000000,29.0,,,,-0.044145,0.124980,0.572729
1776550984.253190,493,29.3,track,foundationpose,,586,512,-0.044263,0.125008,0.572795,0.003125,0.001098,0.000065,0.00935724255945455,0.5728381276130676,0.00,0.00,0.00,0.000000,27.8,,,,-0.043997,0.124723,0.572838
1776550984.281368,494,28.2,track,foundationpose,,586,513,-0.044280,0.125040,0.572825,0.002272,0.001106,0.000292,0.009201319329570239,0.5728603601455688,0.00,0.00,0.00,0.000000,28.0,,,,-0.044412,0.125041,0.572860
1776550984.309639,495,28.3,track,foundationpose,,585,513,-0.044451,0.125053,0.572797,0.000481,0.000969,0.000017,0.009061128403712494,0.5727487206459045,0.00,0.00,0.00,0.000000,26.0,,,,-0.044767,0.125029,0.572749
1776550984.335892,496,26.3,track,foundationpose,,585,513,-0.044588,0.124967,0.572812,-0.000574,0.000179,0.000121,0.008816795974359078,0.572833776473999,0.00,0.00,0.00,0.000000,23.5,,,,-0.044807,0.124803,0.572834
1776550984.359633,497,23.7,track,foundationpose,,585,513,-0.044712,0.124971,0.572797,-0.001312,0.000179,-0.000002,0.008512477665935644,0.5727662444114685,0.00,0.00,0.00,0.000000,15.5,,,,-0.044894,0.124971,0.572766
1776550984.375422,498,15.8,track,foundationpose,,585,514,-0.044791,0.125240,0.572765,-0.001695,0.001912,-0.000208,0.007960124644982474,0.5727006793022156,0.00,0.00,0.00,0.000000,15.7,,,,-0.044910,0.125780,0.572701
1776550984.391358,499,15.9,track,foundationpose,,585,513,-0.044956,0.125223,0.572691,-0.002577,0.001609,-0.000660,0.007618926761596135,0.572528064250946,0.00,0.00,0.00,0.000000,13.2,,,,-0.045274,0.125114,0.572528
1776550984.404810,500,13.5,track,foundationpose,,586,512,-0.044782,0.125101,0.572713,-0.001255,0.000697,-0.000464,0.00728448659728817,0.5727942585945129,0.00,0.00,0.00,0.000000,15.7,,,,-0.044236,0.124724,0.572794
1776550984.420723,501,15.9,track,foundationpose,,586,512,-0.044600,0.124983,0.572792,0.000009,-0.000110,0.000079,0.007169516701733048,0.5730289220809937,0.00,0.00,0.00,0.000000,13.3,,,,-0.044049,0.124631,0.573029
1776550984.434213,502,13.5,track,foundationpose,,586,513,-0.044536,0.125015,0.572830,0.000410,0.000097,0.000310,0.006980036195845774,0.5729395747184753,0.00,0.00,0.00,0.000000,18.2,,,,-0.044346,0.125113,0.572940
1776550984.452683,503,18.5,track,foundationpose,,585,513,-0.044635,0.125103,0.572847,-0.000244,0.000627,0.000375,0.007068481414690738,0.5728768110275269,0.00,0.00,0.00,0.000000,13.3,,,,-0.044937,0.125348,0.572877
1776550984.466232,504,13.5,track,foundationpose,,585,513,-0.044725,0.125125,0.572835,-0.000772,0.000714,0.000269,0.006905277115832253,0.5727821588516235,0.00,0.00,0.00,0.000000,17.3,,,,-0.044987,0.125168,0.572782
1776550984.483741,505,17.5,track,foundationpose,,585,513,-0.044800,0.125226,0.572812,-0.001145,0.001243,0.000107,0.006964166101141625,0.5727323889732361,0.00,0.00,0.00,0.000000,16.2,,,,-0.044983,0.125485,0.572732
1776550984.500181,506,16.4,track,foundationpose,,585,514,-0.044877,0.125343,0.572813,-0.001491,0.001825,0.000101,0.006952019821791071,0.5728102326393127,0.00,0.00,0.00,0.000000,16.9,,,,-0.045049,0.125633,0.572810
1776550984.517327,507,17.1,track,foundationpose,,585,513,-0.044967,0.125293,0.572811,-0.001875,0.001342,0.000079,0.006969249773937843,0.5727998614311218,0.00,0.00,0.00,0.000000,13.6,,,,-0.045158,0.125052,0.572800
1776550984.531144,508,13.8,track,foundationpose,,585,513,-0.044928,0.125194,0.572818,-0.001492,0.000650,0.000116,0.00683364968363729,0.5728379487991333,0.00,0.00,0.00,0.000000,17.8,,,,-0.044726,0.124829,0.572838
1776550984.549256,509,18.1,track,foundationpose,,585,513,-0.044911,0.125153,0.572836,-0.001237,0.000340,0.000208,0.006923102695781132,0.5728836059570312,0.00,0.00,0.00,0.000000,14.1,,,,-0.044780,0.124993,0.572884
1776550984.563644,510,14.4,track,foundationpose,,585,513,-0.044860,0.125144,0.572857,-0.000835,0.000262,0.000313,0.006821789662454503,0.5729135870933533,0.00,0.00,0.00,0.000000,18.3,,,,-0.044644,0.125102,0.572914
1776550984.582191,511,18.5,track,foundationpose,,585,513,-0.044854,0.125089,0.572833,-0.000711,-0.000088,0.000141,0.006928076236863118,0.5727440714836121,0.00,0.00,0.00,0.000000,14.5,,,,-0.044790,0.124908,0.572744
1776550984.596869,512,14.7,track,foundationpose,,585,513,-0.044850,0.125088,0.572816,-0.000623,-0.000084,0.000029,0.00683367010177341,0.5727558135986328,0.00,0.00,0.00,0.000000,14.7,,,,-0.044802,0.125090,0.572756
1776550984.611810,513,14.9,track,foundationpose,,585,513,-0.044903,0.125173,0.572817,-0.000877,0.000411,0.000031,0.006779335499442673,0.5728179216384888,0.00,0.00,0.00,0.000000,15.6,,,,-0.045042,0.125445,0.572818
1776550984.627649,514,15.8,track,foundationpose,,585,513,-0.044913,0.125282,0.572830,-0.000855,0.001004,0.000104,0.006780010710658487,0.5728698372840881,0.00,0.00,0.00,0.000000,17.5,,,,-0.044901,0.125608,0.572870
1776550984.645434,515,17.8,track,foundationpose,,586,513,-0.044685,0.125237,0.572832,0.000543,0.000642,0.000103,0.006862707936221568,0.5728312134742737,0.00,0.00,0.00,0.000000,14.5,,,,-0.043937,0.125043,0.572831
1776550984.660157,516,14.7,track,foundationpose,,586,513,-0.044554,0.125147,0.572855,0.001252,0.000070,0.000227,0.006788368239239515,0.5729230642318726,0.00,0.00,0.00,0.000000,14.8,,,,-0.044163,0.124832,0.572923
1776550984.675203,517,15.0,track,foundationpose,,586,513,-0.044437,0.125201,0.572893,0.001814,0.000378,0.000429,0.006750815881901858,0.5730062127113342,0.00,0.00,0.00,0.000000,15.4,,,,-0.044123,0.125373,0.573006
1776550984.690916,518,15.7,track,foundationpose,,586,513,-0.044393,0.125220,0.572825,0.001902,0.000453,-0.000004,0.006753580625041029,0.5725831985473633,0.00,0.00,0.00,0.000000,15.3,,,,-0.044345,0.125262,0.572583
1776550984.706509,519,15.6,track,foundationpose,,585,513,-0.044518,0.125226,0.572748,0.001014,0.000446,-0.000444,0.0067505311321042994,0.5725030303001404,0.00,0.00,0.00,0.000000,17.1,,,,-0.045013,0.125223,0.572503
1776550984.723867,520,17.4,track,foundationpose,,586,513,-0.044393,0.125178,0.572741,0.001630,0.000124,-0.000440,0.006823469132377495,0.5727436542510986,0.00,0.00,0.00,0.000000,12.3,,,,-0.044058,0.125003,0.572744
1776550984.736358,521,12.5,track,foundationpose,,586,513,-0.044322,0.125082,0.572708,0.001921,-0.000435,-0.000600,0.006665780332993576,0.5726158618927002,0.00,0.00,0.00,0.000000,15.2,,,,-0.044154,0.124760,0.572616
1776550984.751813,522,15.5,track,foundationpose,,585,513,-0.044442,0.125125,0.572695,0.001060,-0.000150,-0.000621,0.00668401080247146,0.5726830363273621,0.00,0.00,0.00,0.000000,11.6,,,,-0.044933,0.125288,0.572683
1776550984.763594,523,11.8,track,foundationpose,,586,512,-0.044351,0.125053,0.572757,0.001513,-0.000556,-0.000222,0.006539103139071589,0.5729967355728149,0.00,0.00,0.00,0.000000,14.1,,,,-0.044079,0.124809,0.572997
1776550984.777947,524,14.4,track,foundationpose,,586,513,-0.044339,0.125097,0.572736,0.001458,-0.000254,-0.000322,0.006550010339899255,0.5726763010025024,0.00,0.00,0.00,0.000000,12.7,,,,-0.044372,0.125277,0.572676
1776550984.790903,525,13.0,track,foundationpose,,585,513,-0.044482,0.125096,0.572680,0.000507,-0.000241,-0.000629,0.006498129243189159,0.572493314743042,0.00,0.00,0.00,0.000000,11.5,,,,-0.045059,0.125104,0.572493
1776550984.802640,526,11.7,track,foundationpose,,586,512,-0.044367,0.125004,0.572685,0.001153,-0.000765,-0.000555,0.006408937617495148,0.5727313160896301,0.00,0.00,0.00,0.000000,13.6,,,,-0.043963,0.124676,0.572731
1776550984.816508,527,13.9,track,foundationpose,,586,513,-0.044327,0.124975,0.572728,0.001292,-0.000873,-0.000253,0.006440643066600115,0.5729138255119324,0.00,0.00,0.00,0.000000,11.3,,,,-0.044242,0.124909,0.572914
1776550984.828057,528,11.5,track,foundationpose,,585,513,-0.044478,0.125033,0.572712,0.000308,-0.000469,-0.000333,0.0063617905626969845,0.5726610422134399,0.00,0.00,0.00,0.000000,13.0,,,,-0.045100,0.125288,0.572661
1776550984.841302,529,13.2,track,foundationpose,,585,513,-0.044615,0.125139,0.572714,-0.000527,0.000195,-0.000291,0.006381635165045218,0.572740912437439,0.00,0.00,0.00,0.000000,12.9,,,,-0.045137,0.125554,0.572741
1776550984.854433,530,13.1,track,foundationpose,,585,513,-0.044661,0.125122,0.572744,-0.000761,0.000080,-0.000094,0.006391723216123723,0.5728660225868225,0.00,0.00,0.00,0.000000,14.0,,,,-0.044806,0.125051,0.572866
1776550984.868628,531,14.2,track,foundationpose,,585,513,-0.044662,0.125140,0.572719,-0.000702,0.000181,-0.000233,0.0064466947270280135,0.5726344585418701,0.00,0.00,0.00,0.000000,15.7,,,,-0.044626,0.125201,0.572634
1776550984.884538,532,15.9,track,foundationpose,,586,513,-0.044528,0.125109,0.572750,0.000157,-0.000021,-0.000027,0.0065612442627619085,0.5728710889816284,0.00,0.00,0.00,0.000000,13.3,,,,-0.044026,0.124991,0.572871
1776550984.898033,533,13.5,track,foundationpose,,586,512,-0.044443,0.124997,0.572826,0.000649,-0.000682,0.000426,0.006534688412768822,0.5730939507484436,0.00,0.00,0.00,0.000000,16.8,,,,-0.044152,0.124606,0.573094
1776550984.915124,534,17.1,track,foundationpose,,586,513,-0.044420,0.125008,0.572862,0.000718,-0.000549,0.000595,0.006672039372135353,0.5729579329490662,0.00,0.00,0.00,0.000000,14.0,,,,-0.044381,0.125083,0.572958
1776550984.929384,535,14.3,track,foundationpose,,585,513,-0.044498,0.125013,0.572845,0.000199,-0.000475,0.000445,0.006642933292108153,0.5727596879005432,0.00,0.00,0.00,0.000000,15.4,,,,-0.044795,0.125055,0.572760
1776550984.945103,536,15.7,track,foundationpose,,585,513,-0.044563,0.125046,0.572833,-0.000195,-0.000235,0.000331,0.0066844615832275505,0.5727682709693909,0.00,0.00,0.00,0.000000,14.7,,,,-0.044786,0.125182,0.572768
1776550984.960082,537,15.0,track,foundationpose,,585,513,-0.044666,0.125008,0.572879,-0.000776,-0.000438,0.000572,0.006680063500102527,0.573016345500946,0.00,0.00,0.00,0.000000,14.9,,,,-0.044995,0.124893,0.573016
1776550984.975306,538,15.2,track,foundationpose,,585,514,-0.044753,0.125161,0.572859,-0.001216,0.000488,0.000403,0.006686613652465822,0.5727626085281372,0.00,0.00,0.00,0.000000,15.3,,,,-0.045003,0.125687,0.572763
1776550984.990845,539,15.5,track,foundationpose,,585,514,-0.044783,0.125296,0.572840,-0.001280,0.001227,0.000258,0.00670391993645282,0.5727578997612,0.00,0.00,0.00,0.000000,13.9,,,,-0.044820,0.125714,0.572758
1776550985.004982,540,14.1,track,foundationpose,,585,513,-0.044805,0.125241,0.572821,-0.001304,0.000809,0.000127,0.0066550690303146835,0.5727459788322449,0.00,0.00,0.00,0.000000,16.5,,,,-0.044819,0.125001,0.572746
1776550985.021693,541,16.7,track,foundationpose,,585,513,-0.044843,0.125304,0.572803,-0.001395,0.001090,0.000013,0.006731454525199553,0.5727390646934509,0.00,0.00,0.00,0.000000,12.4,,,,-0.044894,0.125461,0.572739
1776550985.034383,542,12.7,track,foundationpose,,585,512,-0.044848,0.125149,0.572815,-0.001321,0.000115,0.000078,0.006611411035626943,0.5728530883789062,0.00,0.00,0.00,0.000000,15.5,,,,-0.044804,0.124577,0.572853
1776550985.050146,543,15.8,track,foundationpose,,585,513,-0.044848,0.125126,0.572773,-0.001203,-0.000028,-0.000174,0.006660335056416023,0.5726277828216553,0.00,0.00,0.00,0.000000,13.2,,,,-0.044780,0.125044,0.572628
1776550985.063544,544,13.4,track,foundationpose,,585,513,-0.044846,0.125119,0.572742,-0.001096,-0.000066,-0.000336,0.0065929016213907635,0.5726467967033386,0.00,0.00,0.00,0.000000,15.5,,,,-0.044784,0.125096,0.572647
1776550985.079243,545,15.7,track,foundationpose,,585,513,-0.044806,0.125119,0.572758,-0.000761,-0.000061,-0.000215,0.006645639140707296,0.5728276371955872,0.00,0.00,0.00,0.000000,14.4,,,,-0.044612,0.125122,0.572828
1776550985.093913,546,14.7,track,foundationpose,,585,513,-0.044823,0.125123,0.572746,-0.000798,-0.000030,-0.000268,0.006638360341091132,0.5727148056030273,0.00,0.00,0.00,0.000000,14.3,,,,-0.044844,0.125141,0.572715
1776550985.108458,547,14.5,track,foundationpose,,585,513,-0.044826,0.125127,0.572742,-0.000750,-0.000006,-0.000265,0.006628005032614537,0.5727437138557434,0.00,0.00,0.00,0.000000,15.9,,,,-0.044799,0.125141,0.572744
1776550985.124629,548,16.2,track,foundationpose,,586,512,-0.044644,0.125026,0.572791,0.000378,-0.000592,0.000042,0.006690995303528831,0.5729653239250183,0.00,0.00,0.00,0.000000,13.9,,,,-0.044005,0.124693,0.572965
1776550985.138742,549,14.1,track,foundationpose,,586,513,-0.044557,0.125072,0.572844,0.000853,-0.000276,0.000345,0.006645958850564804,0.5730180144309998,0.00,0.00,0.00,0.000000,16.1,,,,-0.044282,0.125254,0.573018
1776550985.155127,550,16.4,detect,foundationpose,,586,513,-0.044540,0.125196,0.572877,0.000869,0.000467,0.000505,0.006712235761595735,0.5729672908782959,0.00,0.00,0.00,0.000000,991.7,,,,-0.044531,0.125614,0.572967
1776550986.147057,551,991.9,track,foundationpose,,586,513,-0.044397,0.125078,0.572006,0.000218,-0.000060,-0.000739,0.01363882412523583,0.5719617009162903,0.00,0.00,0.00,0.000000,53.2,,,,-0.044420,0.125059,0.571962
1776550986.200602,552,53.5,track,foundationpose,,586,513,-0.044232,0.124894,0.572301,0.001105,-0.001108,0.001210,0.010866561767474728,0.5725106596946716,0.00,0.00,0.00,0.000000,26.9,,,,-0.044137,0.124782,0.572511
1776550986.227749,553,27.1,track,foundationpose,,586,512,-0.044136,0.124765,0.572509,0.001609,-0.001855,0.002535,0.009669867990638289,0.572693943977356,0.00,0.00,0.00,0.000000,33.4,,,,-0.044065,0.124661,0.572694
1776550986.261385,554,33.6,track,foundationpose,,586,513,-0.044309,0.125002,0.572630,-0.000233,0.000569,0.002823,0.009569249725580398,0.5726690888404846,0.00,0.00,0.00,0.000000,30.0,,,,-0.044559,0.125330,0.572669
1776550986.291660,555,30.3,track,foundationpose,,586,513,-0.044354,0.124957,0.572718,-0.000525,0.000086,0.002843,0.009355682480479473,0.5727211236953735,0.00,0.00,0.00,0.000000,29.6,,,,-0.044399,0.124883,0.572721
1776550986.321533,556,29.9,track,foundationpose,,586,514,-0.044408,0.125246,0.572716,-0.000805,0.002149,0.002214,0.009155926185227932,0.572603166103363,0.00,0.00,0.00,0.000000,30.2,,,,-0.044458,0.125615,0.572603
1776550986.351994,557,30.5,track,foundationpose,,586,514,-0.044471,0.125457,0.572845,-0.001059,0.003116,0.002627,0.008992718557272513,0.5729303359985352,0.00,0.00,0.00,0.000000,17.4,,,,-0.044523,0.125656,0.572930
1776550986.369616,558,17.6,track,foundationpose,,585,513,-0.044752,0.125440,0.572831,-0.002754,0.002652,0.002234,0.008312261671258895,0.5727226734161377,0.00,0.00,0.00,0.000000,14.7,,,,-0.045219,0.125312,0.572723
1776550986.384554,559,14.9,track,foundationpose,,586,513,-0.044557,0.125433,0.572914,-0.001249,0.002359,0.002554,0.00778858527100805,0.5730230212211609,0.00,0.00,0.00,0.000000,12.2,,,,-0.044045,0.125334,0.573023
1776550986.396986,560,12.4,track,foundationpose,,586,513,-0.044569,0.125448,0.572989,-0.001228,0.002269,0.002825,0.007347885099878596,0.573098361492157,0.00,0.00,0.00,0.000000,14.6,,,,-0.044560,0.125412,0.573098
1776550986.411912,561,14.9,track,foundationpose,,585,514,-0.044721,0.125505,0.572874,-0.002071,0.002411,0.001836,0.007169479708814499,0.5724454522132874,0.00,0.00,0.00,0.000000,14.2,,,,-0.045086,0.125566,0.572445
1776550986.426297,562,14.4,track,foundationpose,,585,514,-0.044771,0.125720,0.572784,-0.002197,0.003544,0.001102,0.007023642712316314,0.5724466443061829,0.00,0.00,0.00,0.000000,12.7,,,,-0.044828,0.126241,0.572447
1776550986.439237,563,12.9,track,foundationpose,,586,513,-0.044635,0.125567,0.572778,-0.001169,0.002297,0.000973,0.006857562181489426,0.5727143287658691,0.00,0.00,0.00,0.000000,15.0,,,,-0.044130,0.124954,0.572714
1776550986.454493,564,15.3,track,foundationpose,,585,514,-0.044754,0.125588,0.572713,-0.001797,0.002213,0.000478,0.0068457341770877455,0.5724671483039856,0.00,0.00,0.00,0.000000,12.3,,,,-0.045066,0.125547,0.572467
1776550986.467033,565,12.5,track,foundationpose,,586,513,-0.044692,0.125561,0.572682,-0.001274,0.001871,0.000247,0.006712574533759842,0.5725603699684143,0.00,0.00,0.00,0.000000,14.1,,,,-0.044417,0.125381,0.572560
1776550986.481343,566,14.3,track,foundationpose,,585,513,-0.044759,0.125581,0.572701,-0.001577,0.001830,0.000345,0.006697546557173276,0.5727531313896179,0.00,0.00,0.00,0.000000,12.9,,,,-0.044920,0.125559,0.572753
1776550986.494481,567,13.1,track,foundationpose,,586,513,-0.044633,0.125537,0.572810,-0.000673,0.001411,0.000987,0.006631961272543703,0.5731614232063293,0.00,0.00,0.00,0.000000,13.6,,,,-0.044139,0.125308,0.573161
1776550986.508374,568,13.9,track,foundationpose,,586,513,-0.044624,0.125530,0.572818,-0.000561,0.001251,0.000951,0.006617714233389381,0.5727983713150024,0.00,0.00,0.00,0.000000,14.1,,,,-0.044562,0.125442,0.572798
1776550986.522668,569,14.3,track,foundationpose,,585,513,-0.044658,0.125521,0.572864,-0.000720,0.001086,0.001151,0.006623363643350154,0.5729753375053406,0.00,0.00,0.00,0.000000,12.5,,,,-0.044747,0.125430,0.572975
1776550986.535436,570,12.8,track,foundationpose,,585,513,-0.044698,0.125522,0.572900,-0.000902,0.001008,0.001279,0.006556828535461063,0.5729737281799316,0.00,0.00,0.00,0.000000,15.7,,,,-0.044802,0.125478,0.572974
1776550986.551433,571,16.0,track,foundationpose,,585,513,-0.044708,0.125517,0.572927,-0.000877,0.000877,0.001319,0.006651720101774392,0.5729495882987976,0.00,0.00,0.00,0.000000,16.3,,,,-0.044694,0.125444,0.572950
1776550986.567988,572,16.6,track,foundationpose,,586,513,-0.044675,0.125495,0.572950,-0.000598,0.000660,0.001326,0.006739092710468627,0.5729543566703796,0.00,0.00,0.00,0.000000,16.1,,,,-0.044524,0.125377,0.572954
1776550986.584276,573,16.3,track,foundationpose,,586,513,-0.044530,0.125478,0.572971,0.000316,0.000497,0.001321,0.0067838159223496276,0.5729684829711914,0.00,0.00,0.00,0.000000,13.1,,,,-0.044039,0.125390,0.572968
1776550986.597730,574,13.5,track,foundationpose,,586,513,-0.044531,0.125509,0.573030,0.000288,0.000641,0.001561,0.0066885379865971656,0.5731641054153442,0.00,0.00,0.00,0.000000,16.8,,,,-0.044547,0.125590,0.573164
1776550986.614759,575,17.0,track,foundationpose,,586,513,-0.044512,0.125482,0.572997,0.000371,0.000417,0.001214,0.006775227323964041,0.572807788848877,0.00,0.00,0.00,0.000000,13.8,,,,-0.044466,0.125359,0.572808
1776550986.628797,576,14.0,track,foundationpose,,585,514,-0.044630,0.125537,0.573001,-0.000348,0.000708,0.001141,0.006703988525175869,0.5729604363441467,0.00,0.00,0.00,0.000000,16.0,,,,-0.045034,0.125701,0.572960
1776550986.645069,577,16.3,track,foundationpose,,585,514,-0.044718,0.125591,0.572989,-0.000824,0.000951,0.000961,0.0067496093116706235,0.5728892683982849,0.00,0.00,0.00,0.000000,14.7,,,,-0.044981,0.125725,0.572889
1776550986.659979,578,14.9,track,foundationpose,,585,514,-0.044784,0.125621,0.572972,-0.001137,0.001042,0.000781,0.0067214494031711935,0.5728716850280762,0.00,0.00,0.00,0.000000,17.3,,,,-0.044960,0.125672,0.572872
1776550986.677737,579,17.8,track,foundationpose,,585,513,-0.044869,0.125487,0.572913,-0.001513,0.000166,0.000361,0.006822659620703954,0.5726852416992188,0.00,0.00,0.00,0.000000,14.7,,,,-0.045073,0.125012,0.572685
1776550986.692683,580,14.9,track,foundationpose,,585,514,-0.044932,0.125522,0.572862,-0.001745,0.000354,0.000035,0.0067709204984719475,0.5726813673973083,0.00,0.00,0.00,0.000000,13.8,,,,-0.045061,0.125627,0.572681
1776550986.706781,581,14.1,track,foundationpose,,585,514,-0.044980,0.125695,0.572889,-0.001879,0.001323,0.000186,0.006698501229926321,0.5729746222496033,0.00,0.00,0.00,0.000000,16.8,,,,-0.045056,0.126246,0.572975
1776550986.723814,582,17.0,track,foundationpose,,586,513,-0.044821,0.125529,0.572950,-0.000781,0.000237,0.000518,0.006773769552885428,0.5731339454650879,0.00,0.00,0.00,0.000000,15.8,,,,-0.044214,0.124929,0.573134
1776550986.739874,583,16.1,track,foundationpose,,586,513,-0.044614,0.125481,0.572990,0.000483,-0.000064,0.000702,0.0067837861209619705,0.5730915665626526,0.00,0.00,0.00,0.000000,16.7,,,,-0.043916,0.125314,0.573092
1776550986.756828,584,17.0,track,foundationpose,,586,513,-0.044583,0.125508,0.573054,0.000612,0.000099,0.001000,0.006827957704240416,0.5732157826423645,0.00,0.00,0.00,0.000000,13.6,,,,-0.044513,0.125597,0.573216
1776550986.770882,585,14.1,track,foundationpose,,585,513,-0.044682,0.125533,0.573056,-0.000004,0.000232,0.000932,0.006734620033379392,0.5730175971984863,0.00,0.00,0.00,0.000000,16.3,,,,-0.045029,0.125607,0.573018
1776550986.787442,586,16.6,track,foundationpose,,586,513,-0.044640,0.125384,0.573069,0.000235,-0.000645,0.000917,0.006777076966111098,0.5730608105659485,0.00,0.00,0.00,0.000000,13.1,,,,-0.044508,0.124898,0.573061
1776550986.800706,587,13.3,track,foundationpose,,586,512,-0.044514,0.125193,0.573066,0.000941,-0.001693,0.000830,0.006666027209447752,0.5730155110359192,0.00,0.00,0.00,0.000000,16.5,,,,-0.044107,0.124588,0.573016
1776550986.817514,588,16.8,track,foundationpose,,586,512,-0.044445,0.125059,0.573094,0.001248,-0.002300,0.000912,0.00674124605803914,0.573140561580658,0.00,0.00,0.00,0.000000,14.2,,,,-0.044273,0.124719,0.573141
1776550986.831986,589,14.5,track,foundationpose,,586,513,-0.044326,0.125099,0.573140,0.001832,-0.001875,0.001101,0.006693866179429538,0.5732473731040955,0.00,0.00,0.00,0.000000,16.8,,,,-0.043993,0.125341,0.573247
1776550986.849093,590,17.1,track,foundationpose,,586,514,-0.044303,0.125219,0.573095,0.001784,-0.001003,0.000732,0.006774021387806125,0.5728908181190491,0.00,0.00,0.00,0.000000,13.7,,,,-0.044329,0.125701,0.572891
1776550986.863060,591,14.0,track,foundationpose,,586,513,-0.044309,0.125275,0.573149,0.001603,-0.000596,0.000983,0.0066951194033269025,0.5732913017272949,0.00,0.00,0.00,0.000000,15.3,,,,-0.044412,0.125507,0.573291
1776550986.878561,592,15.5,track,foundationpose,,585,512,-0.044399,0.125091,0.573078,0.000940,-0.001607,0.000491,0.0067064170717177915,0.5727997422218323,0.00,0.00,0.00,0.000000,14.1,,,,-0.044775,0.124518,0.572800
1776550986.892903,593,14.3,track,foundationpose,,586,512,-0.044327,0.124931,0.573053,0.001278,-0.002399,0.000300,0.006664948209783921,0.5729432106018066,0.00,0.00,0.00,0.000000,12.9,,,,-0.044133,0.124476,0.572943
1776550986.906022,594,13.1,track,foundationpose,,586,512,-0.044275,0.124798,0.573042,0.001486,-0.002987,0.000213,0.006583884499989045,0.5729902982711792,0.00,0.00,0.00,0.000000,14.9,,,,-0.044152,0.124451,0.572990
1776550986.921160,595,15.1,track,foundationpose,,586,512,-0.044237,0.124732,0.573025,0.001574,-0.003110,0.000101,0.006615311841186379,0.5729599595069885,0.00,0.00,0.00,0.000000,12.7,,,,-0.044186,0.124660,0.572960
1776550986.934117,596,13.0,track,foundationpose,,586,512,-0.044185,0.124646,0.573036,0.001760,-0.003373,0.000154,0.006543595566456123,0.5730674266815186,0.00,0.00,0.00,0.000000,14.5,,,,-0.044074,0.124489,0.573067
1776550986.948915,597,14.8,track,foundationpose,,586,512,-0.044182,0.124630,0.573047,0.001624,-0.003178,0.000206,0.0065740337707563806,0.5730780363082886,0.00,0.00,0.00,0.000000,13.2,,,,-0.044262,0.124745,0.573078
1776550986.962340,598,13.4,track,foundationpose,,585,514,-0.044343,0.124843,0.572988,0.000558,-0.001683,-0.000154,0.006536331725951314,0.5727729201316833,0.00,0.00,0.00,0.000000,15.7,,,,-0.044979,0.125735,0.572773
1776550986.978236,599,15.9,track,foundationpose,,586,513,-0.044215,0.124884,0.573031,0.001254,-0.001284,0.000110,0.006617912658830482,0.5731843113899231,0.00,0.00,0.00,0.000000,14.7,,,,-0.043812,0.125115,0.573184
1776550986.993126,600,14.9,track,foundationpose,,586,512,-0.044170,0.124807,0.573028,0.001407,-0.001623,0.000083,0.006631242758051723,0.5730119943618774,0.00,0.00,0.00,0.000000,14.4,,,,-0.044081,0.124612,0.573012
1776550987.007774,601,14.6,track,foundationpose,,586,512,-0.044160,0.124720,0.573032,0.001344,-0.001992,0.000097,0.006629665891197282,0.5730401277542114,0.00,0.00,0.00,0.000000,14.6,,,,-0.044197,0.124507,0.573040
1776550987.022556,602,14.8,track,foundationpose,,586,513,-0.044117,0.124817,0.573080,0.001479,-0.001254,0.000370,0.006634019770585318,0.573236882686615,0.00,0.00,0.00,0.000000,12.5,,,,-0.044039,0.125243,0.573237
1776550987.035279,603,12.7,track,foundationpose,,586,513,-0.044139,0.124898,0.573050,0.001239,-0.000689,0.000170,0.006547449615903145,0.5729317665100098,0.00,0.00,0.00,0.000000,15.4,,,,-0.044282,0.125234,0.572932
1776550987.050947,604,15.7,track,foundationpose,,585,513,-0.044296,0.124979,0.572979,0.000210,-0.000152,-0.000265,0.00661500171454378,0.5727261304855347,0.00,0.00,0.00,0.000000,12.1,,,,-0.044893,0.125291,0.572726
1776550987.063223,605,12.3,track,foundationpose,,585,513,-0.044365,0.125022,0.572990,-0.000207,0.000113,-0.000177,0.006514818237352719,0.5730434060096741,0.00,0.00,0.00,0.000000,17.3,,,,-0.044616,0.125182,0.573043
1776550987.080911,606,17.7,track,foundationpose,,586,512,-0.044417,0.124963,0.572931,-0.000493,-0.000244,-0.000507,0.006679956813742386,0.5727435350418091,0.00,0.00,0.00,0.000000,13.7,,,,-0.044579,0.124761,0.572744
1776550987.094911,607,14.0,track,foundationpose,,586,513,-0.044319,0.124959,0.572943,0.000118,-0.000251,-0.000394,0.006634941984477019,0.5730081796646118,0.00,0.00,0.00,0.000000,15.2,,,,-0.043967,0.124955,0.573008
1776550987.110622,608,15.7,track,foundationpose,,586,512,-0.044281,0.124901,0.572944,0.000330,-0.000562,-0.000354,0.006677089542182494,0.5729663372039795,0.00,0.00,0.00,0.000000,15.7,,,,-0.044161,0.124724,0.572966
1776550987.126668,609,16.0,track,foundationpose,,586,513,-0.044259,0.124965,0.572927,0.000429,-0.000138,-0.000417,0.0067200541516361,0.5728916525840759,0.00,0.00,0.00,0.000000,13.6,,,,-0.044203,0.125203,0.572892
1776550987.140641,610,14.0,track,foundationpose,,585,513,-0.044403,0.125001,0.572881,-0.000442,0.000080,-0.000652,0.006659962666957971,0.5727457404136658,0.00,0.00,0.00,0.000000,17.6,,,,-0.044903,0.125127,0.572746
1776550987.158520,611,17.9,detect,foundationpose,,585,513,-0.044505,0.125109,0.572890,-0.000984,0.000697,-0.000529,0.006785294835562626,0.5729575157165527,0.00,0.00,0.00,0.000000,989.6,,,,-0.044803,0.125448,0.572958
1776550988.148348,612,989.8,track,foundationpose,,586,513,-0.044403,0.124991,0.573031,-0.000007,-0.000037,0.000074,0.01363925197072514,0.5730518698692322,0.00,0.00,0.00,0.000000,49.1,,,,-0.044369,0.124965,0.573052
1776550988.197795,613,49.4,track,foundationpose,,585,513,-0.044661,0.125130,0.572919,-0.001475,0.000764,-0.000584,0.010757145811566553,0.5728427171707153,0.00,0.00,0.00,0.000000,31.1,,,,-0.044831,0.125223,0.572843
1776550988.229135,614,31.3,track,foundationpose,,585,513,-0.044868,0.125205,0.572798,-0.002708,0.001157,-0.001370,0.009796629639800094,0.5726953148841858,0.00,0.00,0.00,0.000000,31.7,,,,-0.045029,0.125256,0.572695
1776550988.261048,615,31.9,track,foundationpose,,585,513,-0.045013,0.125129,0.572723,-0.003180,0.000243,-0.001624,0.00955595952123389,0.5726884603500366,0.00,0.00,0.00,0.000000,29.6,,,,-0.045077,0.125005,0.572688
1776550988.290894,616,29.8,track,foundationpose,,585,513,-0.045103,0.125119,0.572657,-0.003145,0.000106,-0.001761,0.009332508383616215,0.5726357102394104,0.00,0.00,0.00,0.000000,29.7,,,,-0.045098,0.125098,0.572636
1776550988.320791,617,29.9,track,foundationpose,,586,513,-0.044773,0.125202,0.572692,-0.000074,0.000683,-0.001129,0.009149385566830093,0.5728046298027039,0.00,0.00,0.00,0.000000,26.6,,,,-0.044223,0.125305,0.572805
1776550988.347837,618,27.0,track,foundationpose,,586,513,-0.044573,0.125178,0.572690,0.001290,0.000397,-0.000936,0.008853119236052453,0.5727309584617615,0.00,0.00,0.00,0.000000,19.5,,,,-0.044281,0.125117,0.572731
1776550988.367575,619,19.7,track,foundationpose,,585,513,-0.044705,0.125120,0.572636,0.000262,-0.000032,-0.001164,0.008332982809137001,0.5725746154785156,0.00,0.00,0.00,0.000000,15.3,,,,-0.044983,0.125004,0.572575
1776550988.383107,620,15.5,track,foundationpose,,585,514,-0.044780,0.125321,0.572648,-0.000245,0.001257,-0.000975,0.007831074328303416,0.5727105140686035,0.00,0.00,0.00,0.000000,14.3,,,,-0.044949,0.125749,0.572711
1776550988.397553,621,14.4,track,foundationpose,,585,514,-0.044830,0.125446,0.572667,-0.000538,0.001933,-0.000764,0.007465735834336301,0.5727478265762329,0.00,0.00,0.00,0.000000,15.4,,,,-0.044943,0.125706,0.572748
1776550988.413222,622,15.7,track,foundationpose,,586,513,-0.044685,0.125365,0.572739,0.000425,0.001236,-0.000233,0.0072794811353264575,0.5729606747627258,0.00,0.00,0.00,0.000000,15.2,,,,-0.044283,0.125075,0.572961
1776550988.428720,623,15.5,track,foundationpose,,585,513,-0.044756,0.125356,0.572689,-0.000060,0.001061,-0.000524,0.007144388491301397,0.5725602507591248,0.00,0.00,0.00,0.000000,15.2,,,,-0.044971,0.125279,0.572560
1776550988.444425,624,15.7,track,foundationpose,,585,512,-0.044740,0.125189,0.572708,0.000046,-0.000078,-0.000352,0.007058752031682409,0.5727876424789429,0.00,0.00,0.00,0.000000,14.4,,,,-0.044691,0.124663,0.572788
1776550988.459085,625,14.7,track,foundationpose,,585,513,-0.044730,0.125210,0.572724,0.000102,0.000061,-0.000226,0.00695054561366642,0.5727847814559937,0.00,0.00,0.00,0.000000,16.3,,,,-0.044703,0.125278,0.572785
1776550988.475625,626,16.5,track,foundationpose,,585,513,-0.044737,0.125288,0.572742,0.000054,0.000531,-0.000093,0.006955987707271206,0.5728073120117188,0.00,0.00,0.00,0.000000,17.1,,,,-0.044760,0.125518,0.572807
1776550988.492994,627,17.4,track,foundationpose,,585,513,-0.044710,0.125219,0.572754,0.000206,0.000057,-0.000014,0.006990639542546689,0.5727918148040771,0.00,0.00,0.00,0.000000,15.2,,,,-0.044636,0.124988,0.572792
1776550988.508463,628,15.5,track,foundationpose,,586,513,-0.044606,0.125122,0.572767,0.000808,-0.000524,0.000069,0.006926382063801725,0.5728093385696411,0.00,0.00,0.00,0.000000,15.4,,,,-0.044303,0.124829,0.572809
1776550988.524081,629,15.6,track,foundationpose,,586,513,-0.044575,0.125174,0.572811,0.000920,-0.000167,0.000321,0.0068854108172477215,0.5729406476020813,0.00,0.00,0.00,0.000000,14.0,,,,-0.044517,0.125359,0.572941
1776550988.538272,630,14.2,track,foundationpose,,586,512,-0.044538,0.125012,0.572884,0.001061,-0.001112,0.000725,0.006792912236008438,0.5730997920036316,0.00,0.00,0.00,0.000000,16.8,,,,-0.044462,0.124506,0.573100
1776550988.555302,631,17.0,track,foundationpose,,585,514,-0.044610,0.125214,0.572845,0.000529,0.000185,0.000422,0.006850014277904099,0.5726852416992188,0.00,0.00,0.00,0.000000,13.3,,,,-0.044891,0.125897,0.572685
1776550988.568831,632,13.5,track,foundationpose,,586,514,-0.044435,0.125363,0.572906,0.001513,0.001044,0.000750,0.006736154007073713,0.573087215423584,0.00,0.00,0.00,0.000000,17.5,,,,-0.043893,0.125837,0.573087
1776550988.586537,633,17.7,track,foundationpose,,586,513,-0.044327,0.125247,0.572912,0.001988,0.000259,0.000705,0.006836288043313791,0.5728878378868103,0.00,0.00,0.00,0.000000,12.9,,,,-0.044074,0.124828,0.572888
1776550988.599638,634,13.1,track,foundationpose,,586,512,-0.044263,0.125119,0.572923,0.002207,-0.000505,0.000717,0.006705612938629643,0.5729293823242188,0.00,0.00,0.00,0.000000,15.5,,,,-0.044140,0.124690,0.572929
1776550988.615443,635,15.8,track,foundationpose,,586,513,-0.044152,0.125036,0.572832,0.002652,-0.000941,0.000122,0.006731223836944519,0.5725014209747314,0.00,0.00,0.00,0.000000,13.8,,,,-0.043904,0.124794,0.572501
1776550988.629441,636,14.0,track,foundationpose,,586,512,-0.044105,0.124948,0.572771,0.002708,-0.001379,-0.000247,0.006670630561124122,0.5725604295730591,0.00,0.00,0.00,0.000000,19.8,,,,-0.044074,0.124699,0.572560
1776550988.649516,637,20.1,track,foundationpose,,585,514,-0.044300,0.125075,0.572695,0.001267,-0.000484,-0.000655,0.006888502756995739,0.5724796652793884,0.00,0.00,0.00,0.000000,15.6,,,,-0.045060,0.125547,0.572480
1776550988.665442,638,15.9,track,foundationpose,,585,514,-0.044431,0.125325,0.572654,0.000401,0.001000,-0.000828,0.006858529613924849,0.5725619792938232,0.00,0.00,0.00,0.000000,14.9,,,,-0.044895,0.126120,0.572562
1776550988.680701,639,15.3,track,foundationpose,,586,513,-0.044313,0.125238,0.572716,0.001046,0.000407,-0.000402,0.006808339383256155,0.5729485750198364,0.00,0.00,0.00,0.000000,13.1,,,,-0.043960,0.124914,0.572949
1776550988.694020,640,13.3,track,foundationpose,,586,513,-0.044326,0.125288,0.572721,0.000885,0.000669,-0.000342,0.006690727318220348,0.5727555751800537,0.00,0.00,0.00,0.000000,14.0,,,,-0.044418,0.125438,0.572756
1776550988.708270,641,14.3,track,foundationpose,,585,513,-0.044495,0.125240,0.572669,-0.000162,0.000335,-0.000616,0.006649571243509584,0.5725102424621582,0.00,0.00,0.00,0.000000,13.1,,,,-0.045101,0.125047,0.572510
1776550988.721648,642,13.4,track,foundationpose,,586,512,-0.044420,0.125114,0.572729,0.000288,-0.000424,-0.000220,0.0065841538458129515,0.5729625821113586,0.00,0.00,0.00,0.000000,11.8,,,,-0.044154,0.124665,0.572963
1776550988.733660,643,12.0,track,foundationpose,,585,513,-0.044529,0.125075,0.572715,-0.000367,-0.000623,-0.000284,0.006479772476305629,0.5726762413978577,0.00,0.00,0.00,0.000000,13.4,,,,-0.044930,0.124952,0.572676
1776550988.747282,644,13.6,track,foundationpose,,585,513,-0.044576,0.125096,0.572580,-0.000618,-0.000446,-0.001053,0.006477727568870267,0.5721107721328735,0.00,0.00,0.00,0.000000,12.8,,,,-0.044729,0.125204,0.572111
1776550988.760343,645,13.1,track,foundationpose,,585,513,-0.044619,0.125143,0.572458,-0.000818,-0.000138,-0.001691,0.006453079555428242,0.572065532207489,0.00,0.00,0.00,0.000000,14.4,,,,-0.044742,0.125333,0.572066
1776550988.774969,646,14.6,track,foundationpose,,586,512,-0.044485,0.124976,0.572452,0.000041,-0.001111,-0.001577,0.006505583366141393,0.5725209712982178,0.00,0.00,0.00,0.000000,13.8,,,,-0.043969,0.124391,0.572521
1776550988.789046,647,14.1,track,foundationpose,,585,513,-0.044594,0.124925,0.572387,-0.000606,-0.001316,-0.001831,0.006519237488569332,0.5722357630729675,0.00,0.00,0.00,0.000000,12.4,,,,-0.044980,0.124802,0.572236
1776550988.801673,648,12.6,track,foundationpose,,585,512,-0.044608,0.124836,0.572324,-0.000644,-0.001747,-0.002066,0.00646529605481996,0.5721809267997742,0.00,0.00,0.00,0.000000,14.0,,,,-0.044631,0.124574,0.572181
1776550988.815920,649,14.2,track,foundationpose,,585,513,-0.044606,0.124859,0.572207,-0.000580,-0.001460,-0.002584,0.006498724783977553,0.5718958377838135,0.00,0.00,0.00,0.000000,11.7,,,,-0.044568,0.125032,0.571896
1776550988.827921,650,12.0,track,foundationpose,,585,512,-0.044627,0.124741,0.572146,-0.000660,-0.002054,-0.002760,0.0064235278695393815,0.5720376372337341,0.00,0.00,0.00,0.000000,18.3,,,,-0.044677,0.124375,0.572038
1776550988.846514,651,18.6,track,foundationpose,,585,513,-0.044648,0.124693,0.572072,-0.000713,-0.002113,-0.002894,0.006659790072276685,0.5719957947731018,0.00,0.00,0.00,0.000000,14.1,,,,-0.044678,0.124659,0.571996
1776550988.860854,652,14.3,track,foundationpose,,586,513,-0.044597,0.124671,0.572014,-0.000355,-0.002068,-0.002990,0.006638298792582476,0.5719596743583679,0.00,0.00,0.00,0.000000,14.0,,,,-0.044392,0.124697,0.571960
1776550988.875093,653,14.2,track,foundationpose,,586,512,-0.044439,0.124637,0.572020,0.000599,-0.002091,-0.002708,0.0066177961828892,0.572182834148407,0.00,0.00,0.00,0.000000,16.0,,,,-0.043887,0.124623,0.572183
1776550988.891381,654,16.3,track,foundationpose,,585,513,-0.044532,0.124730,0.571947,-0.000002,-0.001354,-0.002877,0.006691385039294511,0.5718511939048767,0.00,0.00,0.00,0.000000,18.1,,,,-0.044872,0.125146,0.571851
1776550988.909777,655,18.4,track,foundationpose,,585,513,-0.044650,0.124799,0.571844,-0.000683,-0.000807,-0.003163,0.006830872082967545,0.5716903209686279,0.00,0.00,0.00,0.000000,16.6,,,,-0.045018,0.125095,0.571690
1776550988.926636,656,16.9,track,foundationpose,,586,512,-0.044479,0.124708,0.571794,0.000368,-0.001256,-0.003147,0.0068581849957424085,0.5718024373054504,0.00,0.00,0.00,0.000000,17.7,,,,-0.043915,0.124467,0.571802
1776550988.944941,657,18.3,track,foundationpose,,585,513,-0.044534,0.124753,0.571770,0.000013,-0.000864,-0.002954,0.006935204006556414,0.5718708038330078,0.00,0.00,0.00,0.000000,16.8,,,,-0.044721,0.124959,0.571871
1776550988.962035,658,17.1,track,foundationpose,,585,513,-0.044547,0.124804,0.571725,-0.000058,-0.000495,-0.002925,0.006934002231686638,0.5717402100563049,0.00,0.00,0.00,0.000000,16.5,,,,-0.044584,0.124998,0.571740
1776550988.978757,659,16.7,track,foundationpose,,585,513,-0.044559,0.124743,0.571692,-0.000123,-0.000794,-0.002834,0.006916019040980284,0.5717402100563049,0.00,0.00,0.00,0.000000,18.3,,,,-0.044594,0.124584,0.571740
1776550988.997325,660,18.6,track,foundationpose,,585,513,-0.044570,0.124758,0.571671,-0.000171,-0.000626,-0.002652,0.006979692023586751,0.571766197681427,0.00,0.00,0.00,0.000000,17.2,,,,-0.044595,0.124845,0.571766
1776550989.014821,661,17.5,track,foundationpose,,585,512,-0.044590,0.124637,0.571822,-0.000270,-0.001245,-0.001541,0.00697674594908226,0.5724027752876282,0.00,0.00,0.00,0.000000,14.5,,,,-0.044642,0.124313,0.572403
1776550989.029579,662,14.8,track,foundationpose,,585,512,-0.044623,0.124624,0.571954,-0.000432,-0.001212,-0.000668,0.006860337156589902,0.572429895401001,0.00,0.00,0.00,0.000000,15.4,,,,-0.044711,0.124643,0.572430
1776550989.045183,663,15.6,track,foundationpose,,585,513,-0.044644,0.124647,0.572075,-0.000511,-0.000978,0.000080,0.006817254937104033,0.5724883675575256,0.00,0.00,0.00,0.000000,15.1,,,,-0.044687,0.124776,0.572488
1776550989.060484,664,15.3,track,foundationpose,,585,514,-0.044668,0.124885,0.572137,-0.000604,0.000463,0.000421,0.006776196627123639,0.572327196598053,0.00,0.00,0.00,0.000000,14.6,,,,-0.044720,0.125691,0.572327
1776550989.075358,665,14.9,track,foundationpose,,585,513,-0.044680,0.124882,0.572249,-0.000622,0.000409,0.001026,0.006731243405320037,0.5725916624069214,0.00,0.00,0.00,0.000000,15.5,,,,-0.044690,0.124852,0.572592
1776550989.091088,666,15.7,track,foundationpose,,585,513,-0.044683,0.124949,0.572350,-0.000580,0.000753,0.001513,0.006738062758298945,0.5726243853569031,0.00,0.00,0.00,0.000000,12.9,,,,-0.044659,0.125142,0.572624
1776550989.104300,667,13.2,track,foundationpose,,585,513,-0.044774,0.125031,0.572400,-0.001060,0.001171,0.001685,0.006636371892513327,0.5724998116493225,0.00,0.00,0.00,0.000000,14.3,,,,-0.045054,0.125275,0.572500
1776550989.118829,668,14.5,track,foundationpose,,585,513,-0.044786,0.125024,0.572481,-0.001041,0.001030,0.002013,0.006623483572194404,0.5726726651191711,0.00,0.00,0.00,0.000000,13.5,,,,-0.044774,0.124942,0.572673
1776550989.132584,669,13.8,track,foundationpose,,586,513,-0.044747,0.125082,0.572525,-0.000731,0.001282,0.002107,0.0065824993177577475,0.5725801587104797,0.00,0.00,0.00,0.000000,16.2,,,,-0.044563,0.125231,0.572580
1776550989.149045,670,16.5,track,foundationpose,,585,513,-0.044846,0.125194,0.572576,-0.001240,0.001815,0.002203,0.006672000299468432,0.5726312398910522,0.00,0.00,0.00,0.000000,13.4,,,,-0.045137,0.125498,0.572631
1776550989.162625,671,13.6,track,foundationpose,,585,512,-0.044820,0.125027,0.572651,-0.000991,0.000696,0.002468,0.0066104754730031585,0.572805643081665,0.00,0.00,0.00,0.000000,15.6,,,,-0.044675,0.124374,0.572806
1776550989.178416,672,15.8,detect,foundationpose,,586,513,-0.044767,0.125143,0.572790,-0.000592,0.001310,0.003047,0.006663518024468258,0.5731209516525269,0.00,0.00,0.00,0.000000,996.5,,,,-0.044540,0.125494,0.573121
1776550990.175148,673,996.7,track,foundationpose,,586,513,-0.044525,0.125199,0.573155,0.000160,0.000181,0.000634,0.013640721973347028,0.5730699300765991,0.00,0.00,0.00,0.000000,54.0,,,,-0.044498,0.125159,0.573070
1776550990.229780,674,54.6,track,foundationpose,,585,513,-0.044865,0.125258,0.572761,-0.001889,0.000467,-0.001881,0.010897999750389216,0.5724963545799255,0.00,0.00,0.00,0.000000,29.0,,,,-0.045081,0.125288,0.572496
1776550990.259003,675,29.2,track,foundationpose,,586,513,-0.044449,0.125077,0.572703,0.001683,-0.001004,-0.001903,0.009770766294867934,0.572700023651123,0.00,0.00,0.00,0.000000,29.5,,,,-0.043971,0.124881,0.572700
1776550990.288725,676,29.7,track,foundationpose,,586,512,-0.044236,0.124791,0.572644,0.002996,-0.003079,-0.001922,0.00943146579939363,0.5726413726806641,0.00,0.00,0.00,0.000000,25.7,,,,-0.044049,0.124494,0.572641
1776550990.314906,677,26.2,track,foundationpose,,586,512,-0.044094,0.124592,0.572636,0.003500,-0.004018,-0.001591,0.009105902671862287,0.5726904273033142,0.00,0.00,0.00,0.000000,27.8,,,,-0.044011,0.124436,0.572690
1776550990.342961,678,28.1,track,foundationpose,,585,513,-0.044438,0.124620,0.572726,0.000199,-0.002968,-0.000579,0.008976467398104572,0.5729138255119324,0.00,0.00,0.00,0.000000,24.1,,,,-0.045050,0.124814,0.572914
1776550990.367351,679,24.4,track,foundationpose,,586,513,-0.044489,0.124716,0.572719,-0.000192,-0.001780,-0.000532,0.00867646558724051,0.572729229927063,0.00,0.00,0.00,0.000000,25.6,,,,-0.044575,0.124977,0.572729
1776550990.393152,680,25.8,track,foundationpose,,586,513,-0.044513,0.124809,0.572731,-0.000316,-0.000858,-0.000360,0.008518670163634291,0.5727739930152893,0.00,0.00,0.00,0.000000,14.9,,,,-0.044543,0.125038,0.572774
1776550990.408355,681,15.2,track,foundationpose,,585,513,-0.044557,0.124869,0.572785,-0.000572,-0.000386,0.000026,0.007934442489302118,0.572907567024231,0.00,0.00,0.00,0.000000,15.4,,,,-0.044638,0.125019,0.572908
1776550990.423985,682,15.6,track,foundationpose,,585,513,-0.044601,0.124970,0.572740,-0.000796,0.000296,-0.000264,0.007586991060572322,0.5726338028907776,0.00,0.00,0.00,0.000000,13.9,,,,-0.044683,0.125220,0.572634
1776550990.438168,683,14.2,track,foundationpose,,585,513,-0.044729,0.125021,0.572710,-0.001535,0.000591,-0.000430,0.007294578097069906,0.5726414918899536,0.00,0.00,0.00,0.000000,16.8,,,,-0.045034,0.125142,0.572641
1776550990.455195,684,17.0,track,foundationpose,,585,512,-0.044718,0.124898,0.572737,-0.001300,-0.000237,-0.000216,0.007223360501512229,0.5728292465209961,0.00,0.00,0.00,0.000000,13.5,,,,-0.044617,0.124543,0.572829
1776550990.468905,685,13.7,track,foundationpose,,585,512,-0.044740,0.124831,0.572738,-0.001325,-0.000635,-0.000195,0.007023665756067799,0.5727472901344299,0.00,0.00,0.00,0.000000,18.8,,,,-0.044752,0.124644,0.572747
1776550990.487953,686,19.0,track,foundationpose,,585,513,-0.044749,0.124843,0.572745,-0.001230,-0.000489,-0.000129,0.007119664683429139,0.5727747082710266,0.00,0.00,0.00,0.000000,13.7,,,,-0.044706,0.124910,0.572775
1776550990.501872,687,13.9,track,foundationpose,,585,512,-0.044779,0.124820,0.572756,-0.001306,-0.000583,-0.000047,0.0069533918896257626,0.5727967619895935,0.00,0.00,0.00,0.000000,16.9,,,,-0.044817,0.124774,0.572797
1776550990.519048,688,17.2,track,foundationpose,,585,513,-0.044779,0.124853,0.572765,-0.001169,-0.000328,0.000011,0.006978973646644641,0.5727936029434204,0.00,0.00,0.00,0.000000,12.7,,,,-0.044711,0.124977,0.572794
1776550990.531904,689,12.9,track,foundationpose,,585,513,-0.044770,0.124896,0.572779,-0.001025,-0.000046,0.000093,0.006804317042104389,0.572822630405426,0.00,0.00,0.00,0.000000,15.6,,,,-0.044694,0.125044,0.572823
1776550990.547844,690,15.9,track,foundationpose,,585,513,-0.044778,0.124932,0.572770,-0.000977,0.000177,0.000028,0.006816989982884464,0.5727353096008301,0.00,0.00,0.00,0.000000,14.0,,,,-0.044753,0.125050,0.572735
1776550990.562053,691,14.2,track,foundationpose,,585,513,-0.044800,0.125086,0.572747,-0.001026,0.001071,-0.000109,0.006748140428618131,0.5726730823516846,0.00,0.00,0.00,0.000000,16.8,,,,-0.044827,0.125570,0.572673
1776550990.579065,692,17.0,track,foundationpose,,585,513,-0.044789,0.125023,0.572680,-0.000858,0.000593,-0.000492,0.006820551275271326,0.5724769234657288,0.00,0.00,0.00,0.000000,14.9,,,,-0.044700,0.124769,0.572477
1776550990.594123,693,15.1,track,foundationpose,,585,513,-0.044780,0.124994,0.572635,-0.000728,0.000372,-0.000712,0.0067834389660374715,0.5725163221359253,0.00,0.00,0.00,0.000000,15.0,,,,-0.044710,0.124875,0.572516
1776550990.609376,694,15.3,track,foundationpose,,585,513,-0.044772,0.125086,0.572565,-0.000615,0.000878,-0.001062,0.006764529664788043,0.5723734498023987,0.00,0.00,0.00,0.000000,16.0,,,,-0.044710,0.125362,0.572373
1776550990.625566,695,16.2,track,foundationpose,,585,512,-0.044790,0.124917,0.572579,-0.000663,-0.000190,-0.000876,0.006790247854316911,0.5726803541183472,0.00,0.00,0.00,0.000000,15.8,,,,-0.044816,0.124338,0.572680
1776550990.641580,696,16.0,track,foundationpose,,585,513,-0.044798,0.124895,0.572565,-0.000649,-0.000300,-0.000879,0.006798761194780329,0.5725634098052979,0.00,0.00,0.00,0.000000,15.6,,,,-0.044791,0.124835,0.572563
1776550990.657380,697,15.8,track,foundationpose,,585,513,-0.044788,0.124927,0.572571,-0.000532,-0.000085,-0.000765,0.00679398346451275,0.5726327896118164,0.00,0.00,0.00,0.000000,13.6,,,,-0.044724,0.125044,0.572633
1776550990.671421,698,14.0,track,foundationpose,,585,513,-0.044782,0.124897,0.572585,-0.000452,-0.000253,-0.000622,0.006714354302144736,0.5726653337478638,0.00,0.00,0.00,0.000000,16.7,,,,-0.044736,0.124803,0.572665
1776550990.688400,699,17.0,track,foundationpose,,586,513,-0.044740,0.124969,0.572603,-0.000164,0.000186,-0.000454,0.00678478420283207,0.5726953744888306,0.00,0.00,0.00,0.000000,13.4,,,,-0.044582,0.125210,0.572695
1776550990.702080,700,13.7,track,foundationpose,,585,513,-0.044787,0.124957,0.572591,-0.000424,0.000100,-0.000489,0.0066915921507275135,0.5725706219673157,0.00,0.00,0.00,0.000000,16.4,,,,-0.044934,0.124908,0.572571
1776550990.718762,701,16.7,track,foundationpose,,585,513,-0.044753,0.124975,0.572596,-0.000188,0.000198,-0.000415,0.006755737597328177,0.5726367831230164,0.00,0.00,0.00,0.000000,16.7,,,,-0.044622,0.125029,0.572637
1776550990.735697,702,16.9,track,foundationpose,,585,513,-0.044735,0.125111,0.572603,-0.000068,0.000959,-0.000329,0.006810103117853393,0.5726500153541565,0.00,0.00,0.00,0.000000,16.1,,,,-0.044670,0.125526,0.572650
1776550990.752082,703,16.4,track,foundationpose,,585,512,-0.044715,0.124960,0.572646,0.000057,0.000005,-0.000052,0.006823011389112404,0.5727970004081726,0.00,0.00,0.00,0.000000,13.3,,,,-0.044647,0.124442,0.572797
1776550990.765634,704,13.6,track,foundationpose,,586,512,-0.044653,0.124910,0.572700,0.000409,-0.000284,0.000263,0.0067106801695997805,0.5728785395622253,0.00,0.00,0.00,0.000000,17.1,,,,-0.044453,0.124746,0.572879
1776550990.783057,705,17.4,track,foundationpose,,585,512,-0.044666,0.124831,0.572720,0.000290,-0.000709,0.000350,0.006798261890542178,0.5727681517601013,0.00,0.00,0.00,0.000000,13.3,,,,-0.044732,0.124598,0.572768
1776550990.796589,706,13.5,track,foundationpose,,586,513,-0.044627,0.124814,0.572726,0.000495,-0.000755,0.000359,0.006692652082063559,0.572731614112854,0.00,0.00,0.00,0.000000,15.4,,,,-0.044510,0.124787,0.572732
1776550990.812273,707,15.7,track,foundationpose,,585,513,-0.044631,0.124848,0.572736,0.000428,-0.000492,0.000381,0.0067120361135847625,0.5727480053901672,0.00,0.00,0.00,0.000000,14.8,,,,-0.044669,0.124997,0.572748
1776550990.827266,708,15.0,track,foundationpose,,585,513,-0.044637,0.124862,0.572747,0.000353,-0.000365,0.000414,0.006696347059134516,0.5727660059928894,0.00,0.00,0.00,0.000000,14.6,,,,-0.044680,0.124934,0.572766
1776550990.842091,709,14.8,track,foundationpose,,586,513,-0.044499,0.124844,0.572774,0.001125,-0.000438,0.000535,0.006678740847273801,0.5728434920310974,0.00,0.00,0.00,0.000000,14.5,,,,-0.044057,0.124802,0.572843
1776550990.856794,710,14.7,track,foundationpose,,586,512,-0.044397,0.124737,0.572802,0.001615,-0.001023,0.000649,0.006661682366342028,0.5728674530982971,0.00,0.00,0.00,0.000000,12.2,,,,-0.044115,0.124400,0.572867
1776550990.869163,711,12.4,track,foundationpose,,586,512,-0.044317,0.124643,0.572845,0.001966,-0.001491,0.000852,0.006549492168060213,0.5729659795761108,0.00,0.00,0.00,0.000000,15.5,,,,-0.044107,0.124363,0.572966
1776550990.885064,712,15.9,track,foundationpose,,586,512,-0.044219,0.124539,0.572868,0.002352,-0.001963,0.000908,0.006624822344803199,0.5729001760482788,0.00,0.00,0.00,0.000000,13.9,,,,-0.043995,0.124265,0.572900
1776550990.899198,713,14.1,track,foundationpose,,586,512,-0.044202,0.124555,0.572875,0.002260,-0.001704,0.000872,0.006601710222378231,0.5728536248207092,0.00,0.00,0.00,0.000000,16.4,,,,-0.044256,0.124707,0.572854
1776550990.915890,714,16.7,track,foundationpose,,586,512,-0.044147,0.124477,0.572916,0.002360,-0.001994,0.001026,0.006696363841787676,0.5730025768280029,0.00,0.00,0.00,0.000000,13.1,,,,-0.044090,0.124313,0.573003
1776550990.929230,715,13.3,track,foundationpose,,585,512,-0.044328,0.124455,0.572902,0.001123,-0.001967,0.000867,0.006617270139163835,0.5728092789649963,0.00,0.00,0.00,0.000000,13.9,,,,-0.045048,0.124471,0.572809
1776550990.943358,716,14.1,track,foundationpose,,585,513,-0.044441,0.124623,0.572892,0.000372,-0.000826,0.000736,0.006596122675643084,0.5728150010108948,0.00,0.00,0.00,0.000000,14.9,,,,-0.044881,0.125291,0.572815
1776550990.958494,717,15.1,track,foundationpose,,585,512,-0.044478,0.124544,0.572896,0.000125,-0.001215,0.000696,0.006625371673416412,0.5728729963302612,0.00,0.00,0.00,0.000000,12.2,,,,-0.044621,0.124319,0.572873
1776550990.971175,718,12.7,track,foundationpose,,586,512,-0.044363,0.124525,0.572889,0.000788,-0.001237,0.000604,0.0065393998369175895,0.5728344321250916,0.00,0.00,0.00,0.000000,15.2,,,,-0.043966,0.124511,0.572834
1776550990.986678,719,15.5,track,foundationpose,,586,513,-0.044372,0.124614,0.572897,0.000663,-0.000601,0.000597,0.0066022085731351045,0.5728930234909058,0.00,0.00,0.00,0.000000,11.8,,,,-0.044445,0.124985,0.572893
1776550990.998765,720,12.1,track,foundationpose,,585,513,-0.044519,0.124732,0.572854,-0.000243,0.000130,0.000303,0.006497762493762709,0.5726761221885681,0.00,0.00,0.00,0.000000,14.5,,,,-0.045068,0.125175,0.572676
1776550991.013497,721,14.7,track,foundationpose,,586,512,-0.044408,0.124733,0.572877,0.000424,0.000126,0.000409,0.006540178689017211,0.572939932346344,0.00,0.00,0.00,0.000000,14.2,,,,-0.044012,0.124730,0.572940
1776550991.028001,722,14.5,track,foundationpose,,585,513,-0.044553,0.124759,0.572845,-0.000461,0.000266,0.000189,0.0065606050073474505,0.5727154016494751,0.00,0.00,0.00,0.000000,13.9,,,,-0.045076,0.124842,0.572715
1776550991.042140,723,14.1,track,foundationpose,,586,512,-0.044510,0.124705,0.572829,-0.000169,-0.000071,0.000078,0.006559085075976891,0.5727634429931641,0.00,0.00,0.00,0.000000,14.3,,,,-0.044337,0.124506,0.572763
1776550991.056651,724,14.5,track,foundationpose,,586,512,-0.044382,0.124640,0.572849,0.000593,-0.000447,0.000186,0.006574273344720338,0.5729119181632996,0.00,0.00,0.00,0.000000,12.3,,,,-0.043934,0.124419,0.572912
1776550991.069177,725,12.5,track,foundationpose,,586,512,-0.044283,0.124593,0.572878,0.001130,-0.000691,0.000345,0.00649810580438943,0.5729741454124451,0.00,0.00,0.00,0.000000,15.5,,,,-0.043959,0.124445,0.572974
1776550991.084996,726,15.8,track,foundationpose,,586,512,-0.044213,0.124539,0.572936,0.001435,-0.000940,0.000650,0.006588502899357669,0.5731137990951538,0.00,0.00,0.00,0.000000,12.5,,,,-0.044035,0.124394,0.573114
1776550991.097707,727,12.7,track,foundationpose,,586,512,-0.044226,0.124550,0.572925,0.001257,-0.000805,0.000540,0.006516316398699217,0.5728587508201599,0.00,0.00,0.00,0.000000,15.5,,,,-0.044332,0.124631,0.572859
1776550991.113466,728,15.8,track,foundationpose,,586,512,-0.044271,0.124582,0.572931,0.000878,-0.000546,0.000526,0.006598575387837745,0.5729231834411621,0.00,0.00,0.00,0.000000,14.1,,,,-0.044492,0.124733,0.572923
1776550991.127820,729,14.4,track,foundationpose,,585,513,-0.044382,0.124744,0.572897,0.000153,0.000448,0.000280,0.006594752904499507,0.5727531313896179,0.00,0.00,0.00,0.000000,13.9,,,,-0.044804,0.125324,0.572753
1776550991.141966,730,14.1,track,foundationpose,,586,512,-0.044403,0.124704,0.572881,0.000017,0.000179,0.000163,0.006582701059153595,0.5728116631507874,0.00,0.00,0.00,0.000000,14.5,,,,-0.044483,0.124546,0.572812
1776550991.156705,731,14.7,track,foundationpose,,585,513,-0.044479,0.124787,0.572862,-0.000432,0.000646,0.000043,0.006599753464637635,0.5727922916412354,0.00,0.00,0.00,0.000000,12.7,,,,-0.044741,0.125060,0.572792
1776550991.169681,732,13.0,track,foundationpose,,585,513,-0.044526,0.124824,0.572836,-0.000671,0.000815,-0.000116,0.006534847683164663,0.5727410316467285,0.00,0.00,0.00,0.000000,16.0,,,,-0.044669,0.124925,0.572741
1776550991.185905,733,16.2,detect,foundationpose,,586,514,-0.044528,0.125019,0.572843,-0.000617,0.001877,-0.000066,0.006630580812997281,0.5728713870048523,0.00,0.00,0.00,0.000000,986.4,,,,-0.044496,0.125632,0.572871
1776550992.172480,734,986.6,track,foundationpose,,585,513,-0.044946,0.125137,0.572759,-0.000444,0.000297,-0.000083,0.013635099008250683,0.5727580189704895,0.00,0.00,0.00,0.000000,54.2,,,,-0.044940,0.125080,0.572758
1776550992.227114,735,54.6,track,foundationpose,,586,513,-0.044421,0.124940,0.572751,0.002760,-0.000948,-0.000103,0.010892007898589663,0.5727486610412598,0.00,0.00,0.00,0.000000,31.0,,,,-0.044081,0.124808,0.572749
1776550992.258389,736,31.3,track,foundationpose,,586,512,-0.044177,0.124642,0.572752,0.003954,-0.002970,-0.000071,0.009847006191486877,0.5727559328079224,0.00,0.00,0.00,0.000000,29.7,,,,-0.044021,0.124379,0.572756
1776550992.288369,737,30.0,track,foundationpose,,586,512,-0.044000,0.124444,0.572845,0.004419,-0.003844,0.000692,0.009469114626447879,0.572953999042511,0.00,0.00,0.00,0.000000,26.0,,,,-0.043934,0.124319,0.572954
1776550992.314904,738,26.5,track,foundationpose,,586,512,-0.043960,0.124332,0.572805,0.003813,-0.003921,0.000233,0.009127567895387044,0.5727280974388123,0.00,0.00,0.00,0.000000,30.6,,,,-0.044061,0.124319,0.572728
1776550992.345757,739,30.9,track,foundationpose,,586,512,-0.043967,0.124310,0.572935,0.002909,-0.003196,0.001130,0.009095205317393254,0.5730975866317749,0.00,0.00,0.00,0.000000,29.4,,,,-0.044131,0.124442,0.573098
1776550992.375475,740,29.7,track,foundationpose,,586,513,-0.044107,0.124710,0.572872,0.001380,0.000143,0.000478,0.00894221805756237,0.5727365612983704,0.00,0.00,0.00,0.000000,20.8,,,,-0.044424,0.125403,0.572737
1776550992.396556,741,21.1,track,foundationpose,,586,513,-0.044017,0.124897,0.572902,0.001773,0.001336,0.000606,0.008436251805225402,0.5729354619979858,0.00,0.00,0.00,0.000000,16.8,,,,-0.043914,0.125210,0.572935
1776550992.413589,742,17.0,track,foundationpose,,586,512,-0.044033,0.124811,0.572884,0.001482,0.000643,0.000429,0.007952047534980378,0.5728270411491394,0.00,0.00,0.00,0.000000,14.4,,,,-0.044126,0.124588,0.572827
1776550992.428205,743,14.6,track,foundationpose,,586,512,-0.044038,0.124814,0.572898,0.001313,0.000602,0.000479,0.007543408118626902,0.5729175209999084,0.00,0.00,0.00,0.000000,15.3,,,,-0.044102,0.124798,0.572918
1776550992.443720,744,15.5,track,foundationpose,,585,513,-0.044305,0.124849,0.572827,-0.000473,0.000761,-0.000008,0.007317052846127092,0.5726244449615479,0.00,0.00,0.00,0.000000,14.9,,,,-0.045049,0.124915,0.572624
1776550992.458877,745,15.2,track,foundationpose,,586,512,-0.044375,0.124792,0.572812,-0.000862,0.000341,-0.000103,0.007148952000858618,0.5727695226669312,0.00,0.00,0.00,0.000000,13.6,,,,-0.044549,0.124605,0.572770
1776550992.472769,746,13.9,track,foundationpose,,585,513,-0.044454,0.124804,0.572816,-0.001274,0.000385,-0.000070,0.006977955515094997,0.5728316903114319,0.00,0.00,0.00,0.000000,16.0,,,,-0.044651,0.124825,0.572832
1776550992.488986,747,16.2,track,foundationpose,,586,512,-0.044491,0.124779,0.572786,-0.001375,0.000194,-0.000245,0.00696224429722513,0.5727013349533081,0.00,0.00,0.00,0.000000,13.2,,,,-0.044540,0.124686,0.572701
1776550992.502404,748,13.4,track,foundationpose,,586,512,-0.044452,0.124622,0.572775,-0.001025,-0.000776,-0.000293,0.0068250468515335515,0.5727502107620239,0.00,0.00,0.00,0.000000,16.1,,,,-0.044273,0.124126,0.572750
1776550992.518721,749,16.3,track,foundationpose,,585,513,-0.044578,0.124685,0.572819,-0.001685,-0.000323,0.000002,0.0068564011753198175,0.5729696154594421,0.00,0.00,0.00,0.000000,12.1,,,,-0.044915,0.124916,0.572970
1776550992.531070,750,12.3,track,foundationpose,,585,513,-0.044637,0.124721,0.572794,-0.001916,-0.000081,-0.000148,0.00670038486885543,0.5727123618125916,0.00,0.00,0.00,0.000000,14.7,,,,-0.044763,0.124852,0.572712
1776550992.546039,751,15.0,track,foundationpose,,585,513,-0.044713,0.124899,0.572771,-0.002200,0.000997,-0.000272,0.0067063557085220655,0.5727038383483887,0.00,0.00,0.00,0.000000,14.2,,,,-0.044867,0.125485,0.572704
1776550992.560456,752,14.4,track,foundationpose,,585,512,-0.044790,0.124771,0.572825,-0.002471,0.000144,0.000072,0.00668444116538489,0.5730143189430237,0.00,0.00,0.00,0.000000,14.2,,,,-0.044940,0.124301,0.573014
1776550992.574899,753,14.4,track,foundationpose,,585,512,-0.044790,0.124744,0.572890,-0.002260,-0.000031,0.000453,0.006668652945083312,0.5731009244918823,0.00,0.00,0.00,0.000000,15.6,,,,-0.044673,0.124647,0.573101
1776550992.590705,754,15.8,track,foundationpose,,585,512,-0.044791,0.124735,0.572847,-0.002053,-0.000081,0.000155,0.0067155526249041975,0.5726832151412964,0.00,0.00,0.00,0.000000,12.7,,,,-0.044678,0.124707,0.572683
1776550992.603657,755,13.0,track,foundationpose,,586,512,-0.044657,0.124723,0.572851,-0.001097,-0.000145,0.000172,0.006621440662358119,0.57286137342453,0.00,0.00,0.00,0.000000,16.1,,,,-0.044112,0.124686,0.572861
1776550992.620024,756,16.4,track,foundationpose,,586,512,-0.044561,0.124700,0.572883,-0.000429,-0.000267,0.000342,0.006703730046177998,0.5729771256446838,0.00,0.00,0.00,0.000000,13.1,,,,-0.044191,0.124632,0.572977
1776550992.633376,757,13.4,track,foundationpose,,586,513,-0.044421,0.124802,0.572926,0.000430,0.000354,0.000570,0.0066280551286267645,0.5730569958686829,0.00,0.00,0.00,0.000000,14.2,,,,-0.043930,0.125157,0.573057
1776550992.647793,758,14.4,track,foundationpose,,586,513,-0.044344,0.124850,0.572878,0.000849,0.000609,0.000235,0.006620813377023662,0.572685182094574,0.00,0.00,0.00,0.000000,13.2,,,,-0.044103,0.124997,0.572685
1776550992.661221,759,13.4,track,foundationpose,,585,513,-0.044468,0.124930,0.572809,0.000053,0.001032,-0.000186,0.006571943054192809,0.5725624561309814,0.00,0.00,0.00,0.000000,14.2,,,,-0.044934,0.125177,0.572562
1776550992.675689,760,14.5,track,foundationpose,,586,512,-0.044382,0.124834,0.572805,0.000555,0.000381,-0.000195,0.006582860413088916,0.5727999210357666,0.00,0.00,0.00,0.000000,14.5,,,,-0.044089,0.124455,0.572800
1776550992.690384,761,14.7,track,foundationpose,,586,513,-0.044280,0.124883,0.572851,0.001104,0.000635,0.000091,0.006600138286540154,0.5730162858963013,0.00,0.00,0.00,0.000000,13.1,,,,-0.043961,0.125030,0.573016
1776550992.703677,762,13.3,track,foundationpose,,586,513,-0.044304,0.124979,0.572815,0.000875,0.001148,-0.000127,0.006550697670190845,0.5726862549781799,0.00,0.00,0.00,0.000000,14.5,,,,-0.044440,0.125282,0.572686
1776550992.718366,763,14.7,track,foundationpose,,585,513,-0.044470,0.125081,0.572771,-0.000176,0.001645,-0.000375,0.0065767791879702865,0.5726252198219299,0.00,0.00,0.00,0.000000,12.2,,,,-0.045086,0.125372,0.572625
1776550992.730826,764,12.5,track,foundationpose,,586,513,-0.044498,0.125131,0.572785,-0.000326,0.001819,-0.000266,0.006497521449334602,0.5728508830070496,0.00,0.00,0.00,0.000000,16.8,,,,-0.044589,0.125236,0.572851
1776550992.747871,765,17.0,track,foundationpose,,585,513,-0.044565,0.125117,0.572754,-0.000684,0.001560,-0.000422,0.006641983086863754,0.5726640820503235,0.00,0.00,0.00,0.000000,13.2,,,,-0.044770,0.124969,0.572664
1776550992.761326,766,13.5,track,foundationpose,,585,513,-0.044650,0.125181,0.572721,-0.001129,0.001809,-0.000577,0.006586339476652943,0.5726304054260254,0.00,0.00,0.00,0.000000,15.7,,,,-0.044910,0.125327,0.572630
1776550992.777457,767,16.1,track,foundationpose,,585,513,-0.044707,0.125295,0.572704,-0.001355,0.002304,-0.000622,0.0066630296250297805,0.5726786255836487,0.00,0.00,0.00,0.000000,15.5,,,,-0.044836,0.125577,0.572679
1776550992.793218,768,15.8,track,foundationpose,,585,513,-0.044698,0.125383,0.572697,-0.001180,0.002602,-0.000608,0.006699497215094747,0.5727046728134155,0.00,0.00,0.00,0.000000,17.8,,,,-0.044599,0.125550,0.572705
1776550992.811575,769,18.4,track,foundationpose,,586,513,-0.044607,0.125369,0.572711,-0.000525,0.002249,-0.000461,0.006834262784225822,0.5727902054786682,0.00,0.00,0.00,0.000000,16.0,,,,-0.044254,0.125179,0.572790
1776550992.827749,770,16.2,track,foundationpose,,585,513,-0.044685,0.125348,0.572694,-0.000927,0.001919,-0.000518,0.006831240637549122,0.5726633071899414,0.00,0.00,0.00,0.000000,14.3,,,,-0.044903,0.125169,0.572663
1776550992.842317,771,14.6,track,foundationpose,,585,514,-0.044719,0.125456,0.572684,-0.001044,0.002381,-0.000529,0.006759532549177051,0.5726782083511353,0.00,0.00,0.00,0.000000,14.1,,,,-0.044784,0.125714,0.572678
1776550992.856592,772,14.3,track,foundationpose,,586,512,-0.044702,0.125295,0.572709,-0.000860,0.001260,-0.000341,0.006697215368878062,0.5728164315223694,0.00,0.00,0.00,0.000000,12.1,,,,-0.044597,0.124656,0.572816
1776550992.868900,773,12.3,track,foundationpose,,586,513,-0.044652,0.125210,0.572750,-0.000510,0.000679,-0.000084,0.00656975665928905,0.5729033946990967,0.00,0.00,0.00,0.000000,13.5,,,,-0.044443,0.124863,0.572903
1776550992.882714,774,13.8,track,foundationpose,,585,514,-0.044703,0.125366,0.572726,-0.000767,0.001524,-0.000217,0.006546515875631384,0.5726460218429565,0.00,0.00,0.00,0.000000,12.3,,,,-0.044857,0.125873,0.572646
1776550992.895261,775,12.5,track,foundationpose,,586,512,-0.044682,0.125235,0.572784,-0.000586,0.000653,0.000141,0.006476319892717058,0.5730036497116089,0.00,0.00,0.00,0.000000,14.5,,,,-0.044570,0.124701,0.573004
1776550992.909994,776,14.7,track,foundationpose,,586,513,-0.044608,0.125245,0.572787,-0.000102,0.000652,0.000145,0.006523553180120187,0.57278972864151,0.00,0.00,0.00,0.000000,14.4,,,,-0.044317,0.125244,0.572790
1776550992.924663,777,14.7,track,foundationpose,,585,512,-0.044646,0.125047,0.572773,-0.000316,-0.000563,0.000051,0.006555260370948159,0.5727172493934631,0.00,0.00,0.00,0.000000,12.4,,,,-0.044772,0.124326,0.572717
1776550992.937408,778,12.7,track,foundationpose,,585,513,-0.044658,0.125023,0.572770,-0.000364,-0.000661,0.000030,0.006493986368011841,0.5727580189704895,0.00,0.00,0.00,0.000000,15.9,,,,-0.044687,0.124963,0.572758
1776550992.953548,779,16.1,track,foundationpose,,585,512,-0.044683,0.124912,0.572631,-0.000475,-0.001250,-0.000788,0.006599617945871961,0.5721547603607178,0.00,0.00,0.00,0.000000,12.8,,,,-0.044747,0.124569,0.572155
1776550992.966620,780,13.1,track,foundationpose,,585,512,-0.044690,0.124816,0.572502,-0.000482,-0.001714,-0.001482,0.006539990611313448,0.5720899105072021,0.00,0.00,0.00,0.000000,13.9,,,,-0.044694,0.124540,0.572090
1776550992.980806,781,14.2,track,foundationpose,,585,513,-0.044694,0.124773,0.572406,-0.000468,-0.001826,-0.001923,0.006546666100744021,0.5721447467803955,0.00,0.00,0.00,0.000000,14.7,,,,-0.044686,0.124706,0.572145
1776550992.995771,782,15.0,track,foundationpose,,585,513,-0.044683,0.124774,0.572290,-0.000358,-0.001658,-0.002437,0.006585448743854404,0.5719892382621765,0.00,0.00,0.00,0.000000,15.6,,,,-0.044618,0.124873,0.571989
1776550993.011737,783,16.0,track,foundationpose,,585,513,-0.044682,0.124835,0.572198,-0.000322,-0.001150,-0.002747,0.00665570834676245,0.5720202326774597,0.00,0.00,0.00,0.000000,14.8,,,,-0.044662,0.125124,0.572020
1776550993.026743,784,15.0,track,foundationpose,,585,512,-0.044676,0.124765,0.572196,-0.000256,-0.001452,-0.002514,0.006662215283780993,0.5723294615745544,0.00,0.00,0.00,0.000000,13.1,,,,-0.044638,0.124593,0.572329
1776550993.040146,785,13.4,track,foundationpose,,585,513,-0.044685,0.124756,0.572190,-0.000290,-0.001393,-0.002355,0.006596607647892805,0.5722838044166565,0.00,0.00,0.00,0.000000,14.9,,,,-0.044705,0.124791,0.572284
1776550993.055257,786,15.1,track,foundationpose,,585,513,-0.044685,0.124814,0.572168,-0.000263,-0.000932,-0.002279,0.006624618096705517,0.5722112655639648,0.00,0.00,0.00,0.000000,12.6,,,,-0.044669,0.125081,0.572211
1776550993.068022,787,12.8,track,foundationpose,,585,512,-0.044701,0.124742,0.572174,-0.000340,-0.001285,-0.002074,0.006542272372565603,0.572296142578125,0.00,0.00,0.00,0.000000,15.4,,,,-0.044748,0.124531,0.572296
1776550993.083704,788,15.7,track,foundationpose,,586,513,-0.044670,0.124747,0.572209,-0.000126,-0.001140,-0.001677,0.006611551044373421,0.5724400877952576,0.00,0.00,0.00,0.000000,12.5,,,,-0.044545,0.124831,0.572440
1776550993.096378,789,12.7,track,foundationpose,,585,513,-0.044682,0.124781,0.572218,-0.000187,-0.000855,-0.001503,0.006529478438141634,0.5723217725753784,0.00,0.00,0.00,0.000000,16.7,,,,-0.044718,0.124952,0.572322
1776550993.113268,790,16.9,track,foundationpose,,585,513,-0.044697,0.124783,0.572269,-0.000257,-0.000761,-0.001058,0.006655255045427519,0.5725234150886536,0.00,0.00,0.00,0.000000,15.1,,,,-0.044737,0.124836,0.572523
1776550993.128539,791,15.3,track,foundationpose,,585,513,-0.044684,0.124881,0.572309,-0.000155,-0.000124,-0.000731,0.006672467192255126,0.5724952220916748,0.00,0.00,0.00,0.000000,14.8,,,,-0.044626,0.125244,0.572495
1776550993.143608,792,15.1,track,foundationpose,,585,513,-0.044693,0.124939,0.572348,-0.000197,0.000227,-0.000437,0.006675084437500806,0.572515606880188,0.00,0.00,0.00,0.000000,14.6,,,,-0.044717,0.125139,0.572516
1776550993.158472,793,14.9,track,foundationpose,,585,513,-0.044676,0.124990,0.572380,-0.000082,0.000501,-0.000217,0.006667476012333384,0.572505533695221,0.00,0.00,0.00,0.000000,13.7,,,,-0.044610,0.125147,0.572506
1776550993.172407,794,13.9,detect,foundationpose,,585,507,-0.044769,0.123940,0.572756,-0.000616,-0.005635,0.001982,0.0066218906239784705,0.5740354657173157,0.00,0.00,0.00,0.000000,988.6,,,,-0.045080,0.120369,0.574035
1776550994.161469,795,989.1,track,foundationpose,,586,513,-0.044413,0.125193,0.573011,0.000262,0.000572,0.000432,0.013635624337006805,0.5729552507400513,0.00,0.00,0.00,0.000000,51.0,,,,-0.044381,0.125416,0.572955
1776550994.213020,796,51.6,track,foundationpose,,585,513,-0.044707,0.125211,0.572855,-0.001509,0.000506,-0.000594,0.010811916535798915,0.5727406740188599,0.00,0.00,0.00,0.000000,34.7,,,,-0.044904,0.125204,0.572741
1776550994.248185,797,35.2,track,foundationpose,,585,513,-0.044898,0.125082,0.572814,-0.002565,-0.000616,-0.000749,0.00997445363719039,0.5727949738502502,0.00,0.00,0.00,0.000000,26.8,,,,-0.045027,0.124945,0.572795
1776550994.275278,798,27.1,track,foundationpose,,585,513,-0.044965,0.125136,0.572737,-0.002540,-0.000049,-0.001203,0.009400715176504872,0.572670578956604,0.00,0.00,0.00,0.000000,28.3,,,,-0.044961,0.125219,0.572671
1776550994.303843,799,28.6,track,foundationpose,,585,513,-0.044974,0.125162,0.572689,-0.002043,0.000167,-0.001308,0.009190743359147529,0.5726721286773682,0.00,0.00,0.00,0.000000,26.3,,,,-0.044893,0.125197,0.572672
1776550994.330394,800,26.6,track,foundationpose,,586,512,-0.044503,0.124933,0.572622,0.001837,-0.001557,-0.001551,0.008937591302522757,0.5725753307342529,0.00,0.00,0.00,0.000000,28.5,,,,-0.043766,0.124606,0.572575
1776550994.359195,801,28.8,track,foundationpose,,585,512,-0.044498,0.124667,0.572431,0.001508,-0.003078,-0.002555,0.008836166449756903,0.5722177624702454,0.00,0.00,0.00,0.000000,22.1,,,,-0.044568,0.124345,0.572218
1776550994.381747,802,22.6,track,foundationpose,,586,512,-0.044282,0.124526,0.572482,0.002701,-0.003551,-0.001841,0.008452203843882022,0.5726661682128906,0.00,0.00,0.00,0.000000,13.5,,,,-0.043975,0.124404,0.572666
1776550994.395500,803,13.8,track,foundationpose,,586,512,-0.044139,0.124349,0.572577,0.003384,-0.004377,-0.001067,0.007827361958927444,0.572833240032196,0.00,0.00,0.00,0.000000,15.2,,,,-0.043913,0.124076,0.572833
1776550994.411056,804,15.6,track,foundationpose,,586,512,-0.044066,0.124363,0.572591,0.003511,-0.003851,-0.000872,0.007514483291499102,0.5726643204689026,0.00,0.00,0.00,0.000000,15.1,,,,-0.044018,0.124562,0.572664
1776550994.426432,805,15.4,track,foundationpose,,586,513,-0.044096,0.124480,0.572594,0.002984,-0.002745,-0.000768,0.007299407946678263,0.5726370811462402,0.00,0.00,0.00,0.000000,16.2,,,,-0.044313,0.124937,0.572637
1776550994.442826,806,16.4,track,foundationpose,,585,513,-0.044312,0.124588,0.572540,0.001331,-0.001787,-0.001026,0.0071977090012299285,0.5724281072616577,0.00,0.00,0.00,0.000000,15.5,,,,-0.045030,0.125004,0.572428
1776550994.458539,807,15.7,track,foundationpose,,585,512,-0.044377,0.124588,0.572506,0.000798,-0.001619,-0.001135,0.00709433295605115,0.5724568367004395,0.00,0.00,0.00,0.000000,13.3,,,,-0.044620,0.124664,0.572457
1776550994.472116,808,13.6,track,foundationpose,,586,512,-0.044287,0.124591,0.572537,0.001290,-0.001461,-0.000853,0.006926179626992023,0.5726749897003174,0.00,0.00,0.00,0.000000,16.7,,,,-0.044046,0.124669,0.572675
1776550994.489056,809,16.9,track,foundationpose,,586,512,-0.044204,0.124569,0.572615,0.001660,-0.001450,-0.000288,0.006956852969690663,0.5728909373283386,0.00,0.00,0.00,0.000000,14.2,,,,-0.044023,0.124574,0.572891
1776550994.503495,810,14.4,track,foundationpose,,586,512,-0.044142,0.124548,0.572680,0.001887,-0.001449,0.000130,0.00686360413089144,0.5728927850723267,0.00,0.00,0.00,0.000000,16.7,,,,-0.044027,0.124548,0.572893
1776550994.520399,811,16.9,track,foundationpose,,586,512,-0.044095,0.124507,0.572716,0.001978,-0.001544,0.000333,0.006904244846344406,0.572819173336029,0.00,0.00,0.00,0.000000,13.2,,,,-0.044049,0.124459,0.572819
1776550994.533871,812,13.5,track,foundationpose,,585,513,-0.044285,0.124585,0.572661,0.000687,-0.000958,-0.000022,0.006778813532832684,0.5724725723266602,0.00,0.00,0.00,0.000000,16.4,,,,-0.044973,0.124897,0.572473
1776550994.550454,813,16.6,track,foundationpose,,586,513,-0.044193,0.124625,0.572657,0.001162,-0.000625,-0.000045,0.006825719541897802,0.5726447105407715,0.00,0.00,0.00,0.000000,11.4,,,,-0.043943,0.124801,0.572645
1776550994.562100,814,11.6,track,foundationpose,,586,512,-0.044132,0.124613,0.572672,0.001445,-0.000656,0.000044,0.006640851049837046,0.5727225542068481,0.00,0.00,0.00,0.000000,14.3,,,,-0.043972,0.124595,0.572723
1776550994.576631,815,14.5,track,foundationpose,,586,512,-0.044080,0.124571,0.572677,0.001631,-0.000848,0.000073,0.006637578669193452,0.572693407535553,0.00,0.00,0.00,0.000000,14.2,,,,-0.043974,0.124462,0.572693
1776550994.591052,816,14.4,track,foundationpose,,586,512,-0.044068,0.124553,0.572747,0.001561,-0.000878,0.000479,0.006629975093790321,0.5729780197143555,0.00,0.00,0.00,0.000000,14.6,,,,-0.044108,0.124536,0.572978
1776550994.605847,817,14.8,track,foundationpose,,586,512,-0.044076,0.124555,0.572773,0.001379,-0.000792,0.000594,0.006640347289424627,0.5728387236595154,0.00,0.00,0.00,0.000000,16.1,,,,-0.044179,0.124604,0.572839
1776550994.622101,818,16.3,track,foundationpose,,586,512,-0.044020,0.124539,0.572837,0.001577,-0.000811,0.000913,0.006710126471486434,0.5730147957801819,0.00,0.00,0.00,0.000000,12.7,,,,-0.043909,0.124528,0.573015
1776550994.635027,819,12.9,track,foundationpose,,586,512,-0.043994,0.124537,0.572852,0.001606,-0.000760,0.000928,0.006612630733331538,0.5728607177734375,0.00,0.00,0.00,0.000000,14.6,,,,-0.043978,0.124567,0.572861
1776550994.649827,820,14.8,track,foundationpose,,586,513,-0.044046,0.124678,0.572863,0.001161,0.000136,0.000915,0.0066255933832773655,0.5728554129600525,0.00,0.00,0.00,0.000000,11.2,,,,-0.044303,0.125193,0.572855
1776550994.661282,821,11.5,track,foundationpose,,585,513,-0.044242,0.124799,0.572803,-0.000065,0.000837,0.000499,0.006488193717318478,0.5725516676902771,0.00,0.00,0.00,0.000000,13.6,,,,-0.044984,0.125223,0.572552
1776550994.675025,822,13.7,track,foundationpose,,586,513,-0.044161,0.124922,0.572840,0.000413,0.001490,0.000676,0.006491783795129515,0.5729467868804932,0.00,0.00,0.00,0.000000,13.5,,,,-0.043873,0.125316,0.572947
1776550994.688672,823,13.6,track,foundationpose,,586,513,-0.044209,0.125035,0.572875,0.000100,0.002042,0.000828,0.006490750373625078,0.5729663372039795,0.00,0.00,0.00,0.000000,12.2,,,,-0.044397,0.125368,0.572966
1776550994.701074,824,12.4,track,foundationpose,,586,513,-0.044148,0.125015,0.572893,0.000453,0.001775,0.000875,0.006435493344685717,0.5729223489761353,0.00,0.00,0.00,0.000000,15.7,,,,-0.043931,0.124851,0.572922
1776550994.717070,825,16.0,track,foundationpose,,586,512,-0.044112,0.124947,0.572901,0.000621,0.001206,0.000840,0.006554993835519086,0.5728805065155029,0.00,0.00,0.00,0.000000,13.0,,,,-0.044013,0.124613,0.572881
1776550994.730305,826,13.2,track,foundationpose,,586,513,-0.044135,0.124994,0.572883,0.000437,0.001387,0.000668,0.006517793029886488,0.5727807879447937,0.00,0.00,0.00,0.000000,15.5,,,,-0.044245,0.125102,0.572781
1776550994.745994,827,15.7,track,foundationpose,,585,513,-0.044303,0.125084,0.572837,-0.000590,0.001789,0.000338,0.006598703058631642,0.5726457238197327,0.00,0.00,0.00,0.000000,14.4,,,,-0.044898,0.125317,0.572646
1776550994.760583,828,14.6,track,foundationpose,,585,513,-0.044380,0.125073,0.572865,-0.000991,0.001570,0.000473,0.006606595638575815,0.5729436278343201,0.00,0.00,0.00,0.000000,14.9,,,,-0.044612,0.124947,0.572944
1776550994.775683,829,15.1,track,foundationpose,,586,512,-0.044440,0.124915,0.572852,-0.001253,0.000509,0.000354,0.006633446344364883,0.5727843046188354,0.00,0.00,0.00,0.000000,14.5,,,,-0.044590,0.124305,0.572784
1776550994.790435,830,14.8,track,foundationpose,,586,513,-0.044348,0.125024,0.572857,-0.000611,0.001101,0.000352,0.006636161838075417,0.5728561878204346,0.00,0.00,0.00,0.000000,13.1,,,,-0.043979,0.125365,0.572856
1776550994.803773,831,13.3,track,foundationpose,,586,513,-0.044360,0.125136,0.572883,-0.000635,0.001668,0.000477,0.006576015719589503,0.5729564428329468,0.00,0.00,0.00,0.000000,16.8,,,,-0.044374,0.125470,0.572956
1776550994.820833,832,17.1,track,foundationpose,,585,513,-0.044529,0.125150,0.572834,-0.001555,0.001583,0.000143,0.006694829845592403,0.5726456046104431,0.00,0.00,0.00,0.000000,13.2,,,,-0.045049,0.125102,0.572646
1776550994.834284,833,13.5,track,foundationpose,,586,512,-0.044476,0.125090,0.572865,-0.001125,0.001112,0.000311,0.006620882393720438,0.5729621648788452,0.00,0.00,0.00,0.000000,15.8,,,,-0.044226,0.124817,0.572962
1776550994.850390,834,16.1,track,foundationpose,,585,514,-0.044572,0.125255,0.572856,-0.001576,0.001964,0.000229,0.006683617458398124,0.5728095173835754,0.00,0.00,0.00,0.000000,12.3,,,,-0.044829,0.125739,0.572810
1776550994.862957,835,12.6,track,foundationpose,,585,512,-0.044631,0.125123,0.572859,-0.001800,0.001053,0.000233,0.006574095115128343,0.5728617310523987,0.00,0.00,0.00,0.000000,15.7,,,,-0.044763,0.124583,0.572862
1776550994.878838,836,15.9,track,foundationpose,,585,513,-0.044675,0.125143,0.572839,-0.001891,0.001074,0.000095,0.0066410831468227014,0.5727595090866089,0.00,0.00,0.00,0.000000,22.0,,,,-0.044728,0.125155,0.572760
1776550994.901057,837,22.2,track,foundationpose,,585,513,-0.044699,0.125159,0.572832,-0.001787,0.001027,0.000042,0.006956659602582594,0.5728042721748352,0.00,0.00,0.00,0.000000,16.9,,,,-0.044644,0.125135,0.572804
1776550994.918187,838,17.1,track,foundationpose,,586,513,-0.044692,0.125106,0.572850,-0.001577,0.000628,0.000139,0.006952041000269208,0.5729004144668579,0.00,0.00,0.00,0.000000,12.7,,,,-0.044583,0.124898,0.572900
1776550994.931065,839,12.9,track,foundationpose,,586,512,-0.044652,0.125025,0.572829,-0.001231,0.000115,0.000013,0.006768184494405672,0.5727587938308716,0.00,0.00,0.00,0.000000,16.5,,,,-0.044459,0.124738,0.572759
1776550994.947962,840,16.9,track,foundationpose,,585,514,-0.044750,0.125202,0.572803,-0.001671,0.001114,-0.000140,0.006812075814921235,0.5727190971374512,0.00,0.00,0.00,0.000000,14.1,,,,-0.044992,0.125751,0.572719
1776550994.962274,841,14.3,track,foundationpose,,585,514,-0.044778,0.125325,0.572789,-0.001695,0.001730,-0.000208,0.0067330478042481965,0.5727508664131165,0.00,0.00,0.00,0.000000,16.0,,,,-0.044792,0.125673,0.572751
1776550994.978642,842,16.4,track,foundationpose,,585,512,-0.044802,0.125166,0.572803,-0.001675,0.000653,-0.000111,0.006766555612952207,0.5728563666343689,0.00,0.00,0.00,0.000000,15.3,,,,-0.044791,0.124565,0.572856
1776550994.994187,843,15.5,track,foundationpose,,586,513,-0.044740,0.125179,0.572855,-0.001167,0.000671,0.000199,0.006755264354220299,0.5730286240577698,0.00,0.00,0.00,0.000000,14.6,,,,-0.044456,0.125189,0.573029
1776550995.009086,844,14.9,track,foundationpose,,585,513,-0.044750,0.125250,0.572855,-0.001123,0.001022,0.000181,0.006720451983172829,0.5728440284729004,0.00,0.00,0.00,0.000000,15.9,,,,-0.044725,0.125448,0.572844
1776550995.025203,845,16.1,track,foundationpose,,585,512,-0.044793,0.125078,0.572853,-0.001268,-0.000062,0.000157,0.006748913758195521,0.5728402137756348,0.00,0.00,0.00,0.000000,13.7,,,,-0.044874,0.124472,0.572840
1776550995.039142,846,13.9,track,foundationpose,,585,513,-0.044800,0.125157,0.572806,-0.001207,0.000402,-0.000128,0.006675959190244857,0.5726426243782043,0.00,0.00,0.00,0.000000,16.4,,,,-0.044765,0.125424,0.572643
1776550995.055790,847,16.6,track,foundationpose,,585,512,-0.044777,0.124995,0.572806,-0.000956,-0.000572,-0.000117,0.0067419593234664885,0.5728124976158142,0.00,0.00,0.00,0.000000,14.0,,,,-0.044636,0.124451,0.572812
1776550995.069964,848,14.2,track,foundationpose,,585,513,-0.044804,0.124994,0.572771,-0.001039,-0.000531,-0.000312,0.006682017067834177,0.5726589560508728,0.00,0.00,0.00,0.000000,16.7,,,,-0.044852,0.125018,0.572659
1776550995.086914,849,16.9,track,foundationpose,,585,513,-0.044840,0.125082,0.572770,-0.001140,0.000025,-0.000285,0.006759668930958007,0.5727847218513489,0.00,0.00,0.00,0.000000,13.5,,,,-0.044896,0.125390,0.572785
1776550995.100672,850,13.8,track,foundationpose,,585,512,-0.044847,0.124964,0.572808,-0.001095,-0.000657,-0.000045,0.006676763266457816,0.5729450583457947,0.00,0.00,0.00,0.000000,15.6,,,,-0.044822,0.124574,0.572945
1776550995.116557,851,15.9,track,foundationpose,,585,512,-0.044839,0.124868,0.572827,-0.000947,-0.001152,0.000072,0.006710718010310009,0.5728932619094849,0.00,0.00,0.00,0.000000,12.7,,,,-0.044756,0.124588,0.572893
1776550995.129448,852,12.9,track,foundationpose,,586,512,-0.044676,0.124830,0.572870,0.000068,-0.001286,0.000315,0.006605939064053371,0.5730127096176147,0.00,0.00,0.00,0.000000,13.8,,,,-0.044081,0.124751,0.573013
1776550995.143466,853,14.0,track,foundationpose,,586,513,-0.044607,0.124928,0.572911,0.000463,-0.000607,0.000526,0.00658201438990894,0.573034942150116,0.00,0.00,0.00,0.000000,14.6,,,,-0.044374,0.125329,0.573035
1776550995.158270,854,14.8,track,foundationpose,,586,513,-0.044601,0.125009,0.572941,0.000458,-0.000087,0.000656,0.00660029108857412,0.5730171799659729,0.00,0.00,0.00,0.000000,12.7,,,,-0.044604,0.125314,0.573017
1776550995.171339,855,13.1,detect,foundationpose,,585,514,-0.044685,0.125260,0.572944,-0.000067,0.001386,0.000625,0.006538437231563911,0.5729253888130188,0.00,0.00,0.00,0.000000,997.9,,,,-0.044999,0.126141,0.572925
1776550996.169461,856,998.1,track,foundationpose,,586,513,-0.043944,0.125180,0.572947,0.000663,0.000066,0.000064,0.01363846149553788,0.5729267001152039,0.00,0.00,0.00,0.000000,51.4,,,,-0.043918,0.125133,0.572927
1776550996.221434,857,52.0,track,foundationpose,,586,513,-0.044237,0.125285,0.572864,-0.001236,0.000651,-0.000433,0.010827842540060157,0.5728095173835754,0.00,0.00,0.00,0.000000,29.2,,,,-0.044445,0.125349,0.572810
1776550996.250873,858,29.4,track,foundationpose,,585,513,-0.044656,0.125329,0.572812,-0.004163,0.000844,-0.000738,0.009751973200494955,0.5727708339691162,0.00,0.00,0.00,0.000000,29.6,,,,-0.045047,0.125355,0.572771
1776550996.280902,859,30.0,track,foundationpose,,585,513,-0.044914,0.125364,0.572859,-0.005241,0.000921,-0.000167,0.009447869629683513,0.5729397535324097,0.00,0.00,0.00,0.000000,26.8,,,,-0.045066,0.125375,0.572940
1776550996.308028,860,27.1,track,foundationpose,,586,512,-0.044820,0.125056,0.572911,-0.003363,-0.001725,0.000281,0.009166329052924218,0.5729836821556091,0.00,0.00,0.00,0.000000,25.1,,,,-0.044516,0.124629,0.572984
1776550996.333419,861,25.4,track,foundationpose,,585,512,-0.044776,0.124884,0.572833,-0.002392,-0.002694,-0.000366,0.008890383433093006,0.5727099776268005,0.00,0.00,0.00,0.000000,30.6,,,,-0.044592,0.124700,0.572710
1776550996.364273,862,30.9,track,foundationpose,,586,512,-0.044490,0.124623,0.572849,0.000106,-0.003929,-0.000170,0.008918072546598325,0.5728892683982849,0.00,0.00,0.00,0.000000,22.5,,,,-0.043981,0.124371,0.572889
1776550996.386974,863,22.7,track,foundationpose,,586,512,-0.044252,0.124471,0.572932,0.001658,-0.004339,0.000400,0.008509747946947522,0.5730748176574707,0.00,0.00,0.00,0.000000,12.9,,,,-0.043863,0.124369,0.573075
1776550996.400130,864,13.2,track,foundationpose,,586,512,-0.044107,0.124551,0.573006,0.002455,-0.003455,0.000843,0.007837971575917509,0.5731513500213623,0.00,0.00,0.00,0.000000,14.6,,,,-0.043846,0.124841,0.573151
1776550996.415028,865,14.9,track,foundationpose,,585,512,-0.044289,0.124485,0.572919,0.001061,-0.003548,0.000205,0.007494805357509219,0.5726773142814636,0.00,0.00,0.00,0.000000,12.6,,,,-0.044815,0.124450,0.572677
1776550996.427926,866,12.9,track,foundationpose,,586,513,-0.044309,0.124559,0.572876,0.000844,-0.002783,-0.000082,0.007179431985771501,0.5727530121803284,0.00,0.00,0.00,0.000000,13.9,,,,-0.044402,0.124887,0.572753
1776550996.442075,867,14.1,track,foundationpose,,585,512,-0.044388,0.124548,0.572833,0.000271,-0.002607,-0.000345,0.007022936201272548,0.5727136731147766,0.00,0.00,0.00,0.000000,14.5,,,,-0.044649,0.124628,0.572714
1776550996.456810,868,14.7,track,foundationpose,,585,513,-0.044470,0.124666,0.572763,-0.000271,-0.001625,-0.000755,0.006940281409540395,0.5725680589675903,0.00,0.00,0.00,0.000000,12.7,,,,-0.044727,0.125132,0.572568
1776550996.469691,869,12.9,track,foundationpose,,585,513,-0.044571,0.124854,0.572702,-0.000885,-0.000312,-0.001078,0.006796981953588236,0.572539210319519,0.00,0.00,0.00,0.000000,15.8,,,,-0.044881,0.125517,0.572539
1776550996.485697,870,16.0,track,foundationpose,,585,513,-0.044645,0.124830,0.572688,-0.001252,-0.000431,-0.001056,0.006835895890829151,0.572698712348938,0.00,0.00,0.00,0.000000,12.4,,,,-0.044829,0.124771,0.572699
1776550996.498310,871,12.6,track,foundationpose,,585,513,-0.044673,0.124903,0.572666,-0.001326,0.000053,-0.001107,0.00670678466862739,0.572639524936676,0.00,0.00,0.00,0.000000,15.5,,,,-0.044712,0.125159,0.572640
1776550996.514058,872,15.7,track,foundationpose,,585,513,-0.044724,0.125017,0.572662,-0.001511,0.000743,-0.001030,0.006754631204824852,0.5727020502090454,0.00,0.00,0.00,0.000000,14.4,,,,-0.044820,0.125378,0.572702
1776550996.528661,873,14.6,track,foundationpose,,585,513,-0.044758,0.124988,0.572686,-0.001587,0.000502,-0.000791,0.00673302769251362,0.5728131532669067,0.00,0.00,0.00,0.000000,13.9,,,,-0.044799,0.124859,0.572813
1776550996.542732,874,14.1,track,foundationpose,,585,512,-0.044748,0.124897,0.572724,-0.001390,-0.000088,-0.000495,0.006691299094699803,0.5728848576545715,0.00,0.00,0.00,0.000000,12.8,,,,-0.044641,0.124576,0.572885
1776550996.555733,875,13.0,track,foundationpose,,586,513,-0.044723,0.124891,0.572716,-0.001130,-0.000117,-0.000503,0.00661241555728015,0.5727120637893677,0.00,0.00,0.00,0.000000,14.9,,,,-0.044576,0.124875,0.572712
1776550996.571026,876,15.3,track,foundationpose,,585,513,-0.044715,0.124899,0.572700,-0.000977,-0.000062,-0.000551,0.006656644273143931,0.5726733207702637,0.00,0.00,0.00,0.000000,16.1,,,,-0.044630,0.124929,0.572673
1776550996.587855,877,16.8,track,foundationpose,,586,513,-0.044695,0.124891,0.572668,-0.000761,-0.000101,-0.000689,0.006752117981690477,0.5725932717323303,0.00,0.00,0.00,0.000000,13.4,,,,-0.044577,0.124870,0.572593
1776550996.601490,878,13.6,track,foundationpose,,585,513,-0.044695,0.124919,0.572654,-0.000700,0.000074,-0.000716,0.006676103460389654,0.5726386904716492,0.00,0.00,0.00,0.000000,17.5,,,,-0.044660,0.125017,0.572639
1776550996.619262,879,17.8,track,foundationpose,,586,513,-0.044507,0.124910,0.572665,0.000472,0.000013,-0.000575,0.006800612396387403,0.5727412104606628,0.00,0.00,0.00,0.000000,15.8,,,,-0.043876,0.124878,0.572741
1776550996.635295,880,16.0,track,foundationpose,,585,513,-0.044648,0.124874,0.572631,-0.000392,-0.000197,-0.000720,0.006808282975632884,0.5725529789924622,0.00,0.00,0.00,0.000000,19.4,,,,-0.045114,0.124761,0.572553
1776550996.654977,881,19.7,track,foundationpose,,585,513,-0.044655,0.124887,0.572653,-0.000389,-0.000103,-0.000512,0.006965356194795835,0.5727595090866089,0.00,0.00,0.00,0.000000,15.0,,,,-0.044654,0.124935,0.572760
1776550996.670207,882,15.2,track,foundationpose,,585,513,-0.044695,0.124889,0.572655,-0.000582,-0.000083,-0.000457,0.0068800280349971986,0.5726841688156128,0.00,0.00,0.00,0.000000,17.5,,,,-0.044797,0.124900,0.572684
1776550996.688045,883,17.8,track,foundationpose,,585,513,-0.044680,0.124869,0.572654,-0.000438,-0.000189,-0.000416,0.006929995444421706,0.5726757049560547,0.00,0.00,0.00,0.000000,14.4,,,,-0.044604,0.124812,0.572676
1776550996.702681,884,14.6,track,foundationpose,,585,513,-0.044678,0.124847,0.572643,-0.000392,-0.000295,-0.000441,0.006827720788218969,0.5726295709609985,0.00,0.00,0.00,0.000000,21.1,,,,-0.044653,0.124790,0.572630
1776550996.724096,885,21.4,track,foundationpose,,585,512,-0.044667,0.124730,0.572660,-0.000284,-0.000925,-0.000292,0.007041019682721261,0.5727362632751465,0.00,0.00,0.00,0.000000,18.4,,,,-0.044613,0.124410,0.572736
1776550996.742685,886,18.6,track,foundationpose,,586,512,-0.044638,0.124727,0.572678,-0.000088,-0.000842,-0.000159,0.007063788761774092,0.5727453827857971,0.00,0.00,0.00,0.000000,16.4,,,,-0.044538,0.124769,0.572745
1776550996.759364,887,16.7,track,foundationpose,,585,513,-0.044636,0.124817,0.572659,-0.000070,-0.000260,-0.000254,0.006998340715736675,0.5726099610328674,0.00,0.00,0.00,0.000000,14.2,,,,-0.044626,0.125119,0.572610
1776550996.773854,888,14.5,track,foundationpose,,585,513,-0.044683,0.124955,0.572633,-0.000332,0.000543,-0.000380,0.006863166238799563,0.572563886642456,0.00,0.00,0.00,0.000000,16.1,,,,-0.044826,0.125393,0.572564
1776550996.790142,889,16.3,track,foundationpose,,585,513,-0.044758,0.124949,0.572637,-0.000724,0.000457,-0.000320,0.006847411052900088,0.5726701617240906,0.00,0.00,0.00,0.000000,13.0,,,,-0.044973,0.124902,0.572670
1776550996.803384,890,13.2,track,foundationpose,,585,512,-0.044740,0.124865,0.572662,-0.000567,-0.000055,-0.000156,0.0067096134182927725,0.5727564096450806,0.00,0.00,0.00,0.000000,15.6,,,,-0.044650,0.124572,0.572756
1776550996.819226,891,15.8,track,foundationpose,,585,513,-0.044770,0.124936,0.572664,-0.000685,0.000353,-0.000128,0.006726614440187235,0.5726796388626099,0.00,0.00,0.00,0.000000,12.5,,,,-0.044836,0.125167,0.572680
1776550996.832021,892,12.8,track,foundationpose,,586,513,-0.044730,0.124967,0.572674,-0.000407,0.000511,-0.000063,0.006610023254655799,0.5727126002311707,0.00,0.00,0.00,0.000000,15.0,,,,-0.044566,0.125060,0.572713
1776550996.847302,893,15.3,track,foundationpose,,586,512,-0.044697,0.124917,0.572661,-0.000176,0.000173,-0.000135,0.006637297351476868,0.5726186633110046,0.00,0.00,0.00,0.000000,13.6,,,,-0.044563,0.124721,0.572619
1776550996.861141,894,13.8,track,foundationpose,,585,512,-0.044698,0.124881,0.572657,-0.000170,-0.000049,-0.000143,0.006595776973594209,0.5726526975631714,0.00,0.00,0.00,0.000000,14.9,,,,-0.044695,0.124750,0.572653
1776550996.876293,895,15.2,track,foundationpose,,585,513,-0.044764,0.124945,0.572639,-0.000538,0.000330,-0.000239,0.006624827621281582,0.5725827813148499,0.00,0.00,0.00,0.000000,15.0,,,,-0.044977,0.125165,0.572583
1776550996.891502,896,15.2,track,foundationpose,,585,512,-0.044769,0.124875,0.572664,-0.000519,-0.000112,-0.000072,0.00664844480324106,0.5727595686912537,0.00,0.00,0.00,0.000000,12.3,,,,-0.044758,0.124621,0.572760
1776550996.904044,897,12.5,track,foundationpose,,585,512,-0.044778,0.124857,0.572717,-0.000534,-0.000206,0.000242,0.006549582067842707,0.5729033350944519,0.00,0.00,0.00,0.000000,14.6,,,,-0.044787,0.124801,0.572903
1776550996.918908,898,14.9,track,foundationpose,,585,513,-0.044763,0.124907,0.572699,-0.000399,0.000107,0.000120,0.006581877254547995,0.5726277828216553,0.00,0.00,0.00,0.000000,12.3,,,,-0.044684,0.125091,0.572628
1776550996.931492,899,12.6,track,foundationpose,,585,513,-0.044750,0.124936,0.572690,-0.000294,0.000265,0.000056,0.006505687080745176,0.5726516246795654,0.00,0.00,0.00,0.000000,15.9,,,,-0.044687,0.125032,0.572652
1776550996.947698,900,16.2,track,foundationpose,,585,513,-0.044750,0.124971,0.572728,-0.000270,0.000446,0.000275,0.0066107199231491744,0.5728549957275391,0.00,0.00,0.00,0.000000,16.2,,,,-0.044736,0.125076,0.572855
1776550996.964129,901,16.4,track,foundationpose,,586,513,-0.044710,0.124957,0.572777,-0.000006,0.000320,0.000533,0.0066936471957806274,0.5729216933250427,0.00,0.00,0.00,0.000000,20.0,,,,-0.044561,0.124886,0.572922
1776550996.984387,902,20.3,track,foundationpose,,586,513,-0.044682,0.125027,0.572804,0.000155,0.000686,0.000628,0.006912616628986689,0.5728539228439331,0.00,0.00,0.00,0.000000,12.7,,,,-0.044598,0.125218,0.572854
1776550996.997314,903,12.9,track,foundationpose,,585,513,-0.044761,0.125104,0.572822,-0.000314,0.001083,0.000681,0.006747226587277103,0.5728513598442078,0.00,0.00,0.00,0.000000,14.3,,,,-0.045022,0.125326,0.572851
1776550997.011861,904,14.5,track,foundationpose,,586,513,-0.044557,0.125162,0.572884,0.000891,0.001328,0.000985,0.006701752506511207,0.5730563402175903,0.00,0.00,0.00,0.000000,14.2,,,,-0.043873,0.125302,0.573056
1776550997.026318,905,14.5,track,foundationpose,,585,513,-0.044647,0.125229,0.572905,0.000296,0.001602,0.001025,0.0066664344604584974,0.5729281306266785,0.00,0.00,0.00,0.000000,12.5,,,,-0.044989,0.125386,0.572928
1776550997.039016,906,12.7,track,foundationpose,,586,513,-0.044478,0.125277,0.572962,0.001254,0.001759,0.001278,0.006566440929703394,0.573112964630127,0.00,0.00,0.00,0.000000,13.4,,,,-0.043907,0.125370,0.573113
1776550997.052605,907,13.6,track,foundationpose,,585,513,-0.044631,0.125223,0.572942,0.000265,0.001310,0.001063,0.006535754584144398,0.572813093662262,0.00,0.00,0.00,0.000000,11.2,,,,-0.045225,0.124953,0.572813
1776550997.063971,908,11.4,track,foundationpose,,586,513,-0.044506,0.125183,0.572967,0.000978,0.000988,0.001138,0.006418019659914314,0.5730140209197998,0.00,0.00,0.00,0.000000,13.5,,,,-0.044059,0.124982,0.573014
1776550997.077784,909,13.8,track,foundationpose,,586,512,-0.044449,0.125082,0.572977,0.001235,0.000314,0.001102,0.006443067646447413,0.5729543566703796,0.00,0.00,0.00,0.000000,12.4,,,,-0.044290,0.124667,0.572954
1776550997.090376,910,12.6,track,foundationpose,,586,513,-0.044459,0.125106,0.572969,0.001084,0.000433,0.000976,0.006408571264181291,0.5728910565376282,0.00,0.00,0.00,0.000000,11.7,,,,-0.044553,0.125180,0.572891
1776550997.102315,911,11.9,track,foundationpose,,585,514,-0.044483,0.125268,0.572920,0.000862,0.001363,0.000615,0.006355947499727804,0.5726915001869202,0.00,0.00,0.00,0.000000,13.5,,,,-0.044624,0.125857,0.572692
1776550997.116058,912,13.7,track,foundationpose,,585,513,-0.044514,0.125180,0.572887,0.000608,0.000728,0.000370,0.006399483329003635,0.5727349519729614,0.00,0.00,0.00,0.000000,11.7,,,,-0.044672,0.124786,0.572735
1776550997.127986,913,11.9,track,foundationpose,,586,513,-0.044369,0.125159,0.572880,0.001428,0.000548,0.000300,0.006350701105508267,0.5728356838226318,0.00,0.00,0.00,0.000000,14.1,,,,-0.043852,0.125045,0.572836
1776550997.142373,914,14.4,track,foundationpose,,586,512,-0.044250,0.125060,0.572868,0.002015,-0.000088,0.000205,0.0064257671100692755,0.5728096961975098,0.00,0.00,0.00,0.000000,14.9,,,,-0.043890,0.124669,0.572810
1776550997.157531,915,15.2,track,foundationpose,,586,513,-0.044201,0.125022,0.572909,0.002123,-0.000303,0.000426,0.006513404220510368,0.5730397701263428,0.00,0.00,0.00,0.000000,12.2,,,,-0.044137,0.124894,0.573040
1776550997.169976,916,12.4,detect,foundationpose,,586,513,-0.044199,0.125090,0.572940,0.001981,0.000122,0.000579,0.006455029617197693,0.5730330348014832,0.00,0.00,0.00,0.000000,984.0,,,,-0.044285,0.125349,0.573033
1776550998.154278,917,984.3,track,foundationpose,,585,513,-0.044871,0.124953,0.572719,-0.000415,-0.000113,-0.000143,0.013631267453742026,0.5726931691169739,0.00,0.00,0.00,0.000000,48.8,,,,-0.044958,0.124944,0.572693
1776550998.203330,918,49.1,track,foundationpose,,586,512,-0.044691,0.124613,0.572770,0.000721,-0.002008,0.000183,0.010742776285609563,0.5728080868721008,0.00,0.00,0.00,0.000000,27.4,,,,-0.044558,0.124391,0.572808
1776550998.231057,919,27.7,track,foundationpose,,585,512,-0.044670,0.124634,0.572784,0.000726,-0.001425,0.000252,0.00963698687208009,0.5727937817573547,0.00,0.00,0.00,0.000000,28.4,,,,-0.044669,0.124716,0.572794
1776550998.259713,920,28.7,track,foundationpose,,585,512,-0.044641,0.124640,0.572754,0.000797,-0.001039,-0.000059,0.009338840287781189,0.5727088451385498,0.00,0.00,0.00,0.000000,27.6,,,,-0.044630,0.124695,0.572709
1776550998.287567,921,27.9,track,foundationpose,,585,513,-0.044693,0.124870,0.572707,0.000191,0.001065,-0.000429,0.009168041522597089,0.5726479291915894,0.00,0.00,0.00,0.000000,27.8,,,,-0.044789,0.125204,0.572648
1776550998.315905,922,28.3,track,foundationpose,,585,513,-0.044688,0.125009,0.572700,0.000192,0.001890,-0.000384,0.009042468450800615,0.5727083086967468,0.00,0.00,0.00,0.000000,26.7,,,,-0.044688,0.125156,0.572708
1776550998.342846,923,26.9,track,foundationpose,,585,513,-0.044811,0.125087,0.572649,-0.000713,0.002076,-0.000673,0.008833910873065242,0.5725890398025513,0.00,0.00,0.00,0.000000,23.8,,,,-0.044999,0.125125,0.572589
1776550998.366883,924,24.0,track,foundationpose,,585,513,-0.044892,0.125233,0.572597,-0.001136,0.002715,-0.000912,0.008530626667400319,0.5725381374359131,0.00,0.00,0.00,0.000000,14.9,,,,-0.044996,0.125390,0.572538
1776550998.382151,925,15.3,track,foundationpose,,585,513,-0.044903,0.125206,0.572627,-0.001094,0.002273,-0.000628,0.007945636838328198,0.5727160573005676,0.00,0.00,0.00,0.000000,12.0,,,,-0.044890,0.125067,0.572716
1776550998.394346,926,12.2,track,foundationpose,,586,513,-0.044817,0.125247,0.572619,-0.000454,0.002356,-0.000631,0.007444110240169355,0.5726171135902405,0.00,0.00,0.00,0.000000,12.8,,,,-0.044571,0.125279,0.572617
1776550998.407436,927,13.1,track,foundationpose,,586,513,-0.044711,0.125277,0.572645,0.000262,0.002351,-0.000408,0.007156639221317077,0.5727413296699524,0.00,0.00,0.00,0.000000,13.7,,,,-0.044403,0.125274,0.572741
1776550998.421398,928,14.0,track,foundationpose,,585,513,-0.044781,0.125189,0.572631,-0.000209,0.001581,-0.000465,0.0070012409225000865,0.5726043581962585,0.00,0.00,0.00,0.000000,12.1,,,,-0.044997,0.124836,0.572604
1776550998.433738,929,12.3,track,foundationpose,,585,513,-0.044821,0.125187,0.572654,-0.000445,0.001447,-0.000278,0.006819340711527299,0.5727466940879822,0.00,0.00,0.00,0.000000,13.3,,,,-0.044937,0.125121,0.572747
1776550998.447422,930,13.7,track,foundationpose,,585,512,-0.044815,0.124996,0.572682,-0.000371,0.000120,-0.000077,0.006752976449537109,0.5727845430374146,0.00,0.00,0.00,0.000000,12.2,,,,-0.044777,0.124321,0.572785
1776550998.459764,931,12.3,track,foundationpose,,585,512,-0.044809,0.124798,0.572719,-0.000303,-0.001138,0.000157,0.006643348881777232,0.5728428363800049,0.00,0.00,0.00,0.000000,12.4,,,,-0.044773,0.124128,0.572843
1776550998.472324,932,12.6,track,foundationpose,,586,513,-0.044726,0.124832,0.572739,0.000238,-0.000834,0.000274,0.006574367966790536,0.5728040337562561,0.00,0.00,0.00,0.000000,14.1,,,,-0.044429,0.124999,0.572804
1776550998.486663,933,14.3,track,foundationpose,,585,513,-0.044701,0.124838,0.572707,0.000372,-0.000722,0.000047,0.006604765152400131,0.5725826621055603,0.00,0.00,0.00,0.000000,11.4,,,,-0.044628,0.124899,0.572583
1776550998.498350,934,11.7,track,foundationpose,,586,512,-0.044638,0.124816,0.572706,0.000738,-0.000809,0.000041,0.006503027826467701,0.5727028250694275,0.00,0.00,0.00,0.000000,15.5,,,,-0.044429,0.124766,0.572703
1776550998.514098,935,15.7,track,foundationpose,,585,513,-0.044708,0.124831,0.572691,0.000235,-0.000635,-0.000058,0.0066128214546418125,0.5726362466812134,0.00,0.00,0.00,0.000000,13.6,,,,-0.044986,0.124927,0.572636
1776550998.527957,936,13.9,track,foundationpose,,586,512,-0.044646,0.124789,0.572712,0.000597,-0.000840,0.000076,0.0066016504937403825,0.5727863907814026,0.00,0.00,0.00,0.000000,14.3,,,,-0.044443,0.124674,0.572786
1776550998.542464,937,14.5,track,foundationpose,,585,513,-0.044660,0.124875,0.572688,0.000456,-0.000243,-0.000077,0.006619652332642786,0.5726028680801392,0.00,0.00,0.00,0.000000,13.7,,,,-0.044739,0.125209,0.572603
1776550998.556358,938,13.9,track,foundationpose,,586,513,-0.044632,0.124871,0.572678,0.000591,-0.000248,-0.000129,0.006602051148137743,0.5726487040519714,0.00,0.00,0.00,0.000000,11.9,,,,-0.044555,0.124868,0.572649
1776550998.568480,939,12.1,track,foundationpose,,585,513,-0.044667,0.124876,0.572656,0.000333,-0.000201,-0.000254,0.006508737032532628,0.5725823044776917,0.00,0.00,0.00,0.000000,15.5,,,,-0.044819,0.124904,0.572582
1776550998.584237,940,15.8,track,foundationpose,,585,513,-0.044672,0.124880,0.572676,0.000275,-0.000160,-0.000109,0.006602478164673619,0.5727584958076477,0.00,0.00,0.00,0.000000,11.7,,,,-0.044705,0.124903,0.572758
1776550998.596187,941,12.0,track,foundationpose,,585,512,-0.044660,0.124853,0.572679,0.000327,-0.000308,-0.000085,0.006498511103294944,0.5726928114891052,0.00,0.00,0.00,0.000000,12.7,,,,-0.044629,0.124765,0.572693
1776550998.609145,942,13.0,track,foundationpose,,586,512,-0.044641,0.124825,0.572687,0.000413,-0.000449,-0.000029,0.006468703068278564,0.5727211236953735,0.00,0.00,0.00,0.000000,14.8,,,,-0.044589,0.124741,0.572721
1776550998.624116,943,15.0,track,foundationpose,,585,513,-0.044639,0.124835,0.572655,0.000391,-0.000351,-0.000217,0.006536023172122712,0.5725439786911011,0.00,0.00,0.00,0.000000,12.4,,,,-0.044652,0.124892,0.572544
1776550998.636722,944,12.6,track,foundationpose,,585,513,-0.044649,0.124876,0.572653,0.000301,-0.000079,-0.000212,0.006478451870351031,0.5726563334465027,0.00,0.00,0.00,0.000000,16.1,,,,-0.044703,0.125041,0.572656
1776550998.653042,945,16.3,track,foundationpose,,585,512,-0.044641,0.124788,0.572699,0.000316,-0.000593,0.000077,0.006600556872461092,0.5728656053543091,0.00,0.00,0.00,0.000000,12.5,,,,-0.044633,0.124491,0.572866
1776550998.665747,946,12.7,track,foundationpose,,585,512,-0.044654,0.124745,0.572759,0.000216,-0.000804,0.000427,0.006526749063443598,0.5729671120643616,0.00,0.00,0.00,0.000000,14.2,,,,-0.044714,0.124619,0.572967
1776550998.680204,947,14.5,track,foundationpose,,586,512,-0.044599,0.124746,0.572799,0.000526,-0.000730,0.000625,0.006550922998700284,0.5729157328605652,0.00,0.00,0.00,0.000000,15.0,,,,-0.044415,0.124790,0.572916
1776550998.695418,948,15.2,track,foundationpose,,585,513,-0.044616,0.124893,0.572777,0.000379,0.000202,0.000439,0.006600387267041492,0.5726685523986816,0.00,0.00,0.00,0.000000,13.6,,,,-0.044701,0.125434,0.572669
1776550998.709294,949,13.9,track,foundationpose,,586,512,-0.044587,0.124852,0.572795,0.000517,-0.000059,0.000510,0.0065759281379484695,0.5728361010551453,0.00,0.00,0.00,0.000000,14.2,,,,-0.044506,0.124699,0.572836
1776550998.723745,950,14.5,track,foundationpose,,585,513,-0.044711,0.124928,0.572786,-0.000253,0.000392,0.000418,0.006583268611423588,0.5727325677871704,0.00,0.00,0.00,0.000000,12.1,,,,-0.045163,0.125192,0.572733
1776550998.736024,951,12.3,track,foundationpose,,585,513,-0.044795,0.124960,0.572778,-0.000730,0.000553,0.000336,0.006493297368367534,0.5727282166481018,0.00,0.00,0.00,0.000000,16.1,,,,-0.045084,0.125057,0.572728
1776550998.752390,952,16.4,track,foundationpose,,585,513,-0.044824,0.125058,0.572740,-0.000827,0.001073,0.000087,0.006608343228985087,0.5725954174995422,0.00,0.00,0.00,0.000000,11.8,,,,-0.044880,0.125360,0.572595
1776550998.764476,953,12.1,track,foundationpose,,586,513,-0.044747,0.125032,0.572741,-0.000316,0.000842,0.000085,0.006502335966416117,0.5727405548095703,0.00,0.00,0.00,0.000000,16.0,,,,-0.044437,0.124892,0.572741
1776550998.780724,954,16.2,track,foundationpose,,585,514,-0.044772,0.125168,0.572731,-0.000433,0.001560,0.000018,0.006609304354911648,0.5726921558380127,0.00,0.00,0.00,0.000000,13.5,,,,-0.044840,0.125585,0.572692
1776550998.794489,955,13.8,track,foundationpose,,586,512,-0.044689,0.125036,0.572739,0.000087,0.000663,0.000065,0.006576053331368888,0.5727665424346924,0.00,0.00,0.00,0.000000,14.3,,,,-0.044383,0.124508,0.572767
1776550998.809066,956,14.6,track,foundationpose,,585,513,-0.044693,0.125062,0.572723,0.000055,0.000760,-0.000036,0.006587866902570437,0.5726639628410339,0.00,0.00,0.00,0.000000,14.7,,,,-0.044711,0.125120,0.572664
1776550998.823978,957,14.9,track,foundationpose,,585,512,-0.044679,0.124985,0.572696,0.000130,0.000245,-0.000192,0.006610540582684031,0.572605311870575,0.00,0.00,0.00,0.000000,12.5,,,,-0.044636,0.124686,0.572605
1776550998.836725,958,12.7,track,foundationpose,,585,512,-0.044668,0.124916,0.572715,0.000189,-0.000177,-0.000068,0.006532051723465633,0.5727885961532593,0.00,0.00,0.00,0.000000,16.4,,,,-0.044632,0.124663,0.572789
1776550998.853413,959,16.7,track,foundationpose,,586,513,-0.044612,0.124918,0.572756,0.000494,-0.000153,0.000181,0.006648294022446217,0.5728990435600281,0.00,0.00,0.00,0.000000,14.1,,,,-0.044437,0.124931,0.572899
1776550998.867760,960,14.3,track,foundationpose,,585,513,-0.044665,0.124924,0.572769,0.000145,-0.000103,0.000242,0.006627718216861738,0.5728045701980591,0.00,0.00,0.00,0.000000,15.8,,,,-0.044867,0.124952,0.572805
1776550998.883796,961,16.0,track,foundationpose,,585,513,-0.044680,0.124952,0.572745,0.000045,0.000072,0.000082,0.0066858657372263885,0.5726545453071594,0.00,0.00,0.00,0.000000,13.0,,,,-0.044736,0.125052,0.572655
1776550998.896999,962,13.2,track,foundationpose,,585,513,-0.044679,0.125012,0.572721,0.000046,0.000415,-0.000067,0.00660346808297773,0.5726336240768433,0.00,0.00,0.00,0.000000,17.9,,,,-0.044678,0.125213,0.572634
1776550998.915200,963,18.2,track,foundationpose,,585,512,-0.044661,0.124906,0.572747,0.000143,-0.000244,0.000091,0.006761007791308621,0.5728344917297363,0.00,0.00,0.00,0.000000,13.6,,,,-0.044608,0.124542,0.572834
1776550998.929042,964,13.8,track,foundationpose,,586,513,-0.044641,0.124905,0.572798,0.000248,-0.000232,0.000376,0.006682114468857343,0.572960376739502,0.00,0.00,0.00,0.000000,16.7,,,,-0.044581,0.124911,0.572960
1776550998.945991,965,16.9,track,foundationpose,,585,513,-0.044643,0.124869,0.572776,0.000216,-0.000417,0.000212,0.006760056057683407,0.5726848244667053,0.00,0.00,0.00,0.000000,15.8,,,,-0.044661,0.124766,0.572685
1776550998.962036,966,16.0,track,foundationpose,,585,513,-0.044646,0.124873,0.572771,0.000174,-0.000355,0.000163,0.006774420335574396,0.5727434158325195,0.00,0.00,0.00,0.000000,17.9,,,,-0.044669,0.124907,0.572743
1776550998.980157,967,18.1,track,foundationpose,,585,512,-0.044673,0.124850,0.572806,0.000003,-0.000450,0.000348,0.006871236769635863,0.5729043483734131,0.00,0.00,0.00,0.000000,14.5,,,,-0.044765,0.124799,0.572904
1776550998.994872,968,14.7,track,foundationpose,,585,513,-0.044721,0.124907,0.572766,-0.000271,-0.000085,0.000089,0.006791929295682979,0.5726225972175598,0.00,0.00,0.00,0.000000,14.5,,,,-0.044873,0.125109,0.572623
1776550999.009633,969,14.8,track,foundationpose,,585,513,-0.044764,0.125042,0.572760,-0.000494,0.000699,0.000047,0.006739155444162431,0.5727358460426331,0.00,0.00,0.00,0.000000,15.0,,,,-0.044890,0.125484,0.572736
1776550999.024853,970,15.2,track,foundationpose,,586,513,-0.044705,0.125141,0.572765,-0.000110,0.001202,0.000075,0.006722696846428627,0.5727810263633728,0.00,0.00,0.00,0.000000,15.2,,,,-0.044487,0.125425,0.572781
1776550999.040392,971,15.5,track,foundationpose,,585,514,-0.044763,0.125286,0.572764,-0.000434,0.001932,0.000059,0.0067254348527586,0.572754442691803,0.00,0.00,0.00,0.000000,22.1,,,,-0.044945,0.125699,0.572754
1776550999.062770,972,22.4,track,foundationpose,,585,513,-0.044802,0.125296,0.572802,-0.000604,0.001739,0.000270,0.007015424071900253,0.5729096531867981,0.00,0.00,0.00,0.000000,19.3,,,,-0.044889,0.125197,0.572910
1776550999.082387,973,19.6,track,foundationpose,,585,512,-0.044832,0.125183,0.572781,-0.000706,0.000910,0.000125,0.007091053693979328,0.5727089047431946,0.00,0.00,0.00,0.000000,14.8,,,,-0.044883,0.124768,0.572709
1776550999.097403,974,15.0,track,foundationpose,,585,513,-0.044813,0.125102,0.572767,-0.000535,0.000378,0.000033,0.006948660832374574,0.5727185010910034,0.00,0.00,0.00,0.000000,15.2,,,,-0.044722,0.124821,0.572719
1776550999.112847,975,15.4,track,foundationpose,,585,513,-0.044813,0.125113,0.572761,-0.000489,0.000404,-0.000003,0.006870126152203002,0.5727421641349792,0.00,0.00,0.00,0.000000,16.0,,,,-0.044787,0.125127,0.572742
1776550999.129165,976,16.3,track,foundationpose,,585,513,-0.044858,0.125145,0.572750,-0.000703,0.000548,-0.000066,0.006854081308286235,0.572715699672699,0.00,0.00,0.00,0.000000,14.6,,,,-0.044975,0.125223,0.572716
1776550999.144024,977,14.9,detect,foundationpose,,586,514,-0.044752,0.125384,0.572780,-0.000038,0.001866,0.000111,0.006782777551109521,0.5728790760040283,0.00,0.00,0.00,0.000000,1001.6,,,,-0.044381,0.126120,0.572879
1776551000.145803,978,1001.8,track,foundationpose,,585,513,-0.045128,0.125221,0.572892,-0.000341,0.000039,0.000111,0.013643821351890037,0.572891891002655,0.00,0.00,0.00,0.000000,50.6,,,,-0.045138,0.125157,0.572892
1776551000.196667,979,50.9,track,foundationpose,,585,513,-0.045023,0.125230,0.572435,0.000362,0.000077,-0.002559,0.010801025717643607,0.5721369385719299,0.00,0.00,0.00,0.000000,28.7,,,,-0.044945,0.125234,0.572137
1776551000.225669,980,29.0,track,foundationpose,,585,513,-0.044861,0.125008,0.572388,0.001528,-0.001637,-0.002350,0.009724116335851848,0.5724165439605713,0.00,0.00,0.00,0.000000,25.9,,,,-0.044704,0.124778,0.572417
1776551000.251859,981,26.2,track,foundationpose,,585,513,-0.044811,0.124955,0.572381,0.001603,-0.001723,-0.001898,0.009262386851234957,0.5724489688873291,0.00,0.00,0.00,0.000000,22.4,,,,-0.044800,0.124942,0.572449
1776551000.274466,982,22.6,track,foundationpose,,585,513,-0.044863,0.125098,0.572390,0.000874,-0.000215,-0.001469,0.00887762817324117,0.5724648237228394,0.00,0.00,0.00,0.000000,26.2,,,,-0.044990,0.125360,0.572465
1776551000.300877,983,26.4,track,foundationpose,,585,513,-0.044834,0.125078,0.572493,0.000922,-0.000330,-0.000357,0.008829324090496403,0.5726995468139648,0.00,0.00,0.00,0.000000,29.6,,,,-0.044825,0.125056,0.572700
1776551000.330765,984,29.9,track,foundationpose,,585,513,-0.044732,0.125132,0.572482,0.001462,0.000133,-0.000360,0.008887851361480271,0.5724811553955078,0.00,0.00,0.00,0.000000,26.6,,,,-0.044625,0.125224,0.572481
1776551000.357592,985,26.8,track,foundationpose,,585,513,-0.044754,0.125173,0.572429,0.001049,0.000382,-0.000646,0.008696167741349119,0.572363555431366,0.00,0.00,0.00,0.000000,13.2,,,,-0.044849,0.125230,0.572364
1776551000.371094,986,13.5,track,foundationpose,,585,513,-0.044854,0.125038,0.572430,0.000302,-0.000532,-0.000583,0.00796952317991304,0.5724500417709351,0.00,0.00,0.00,0.000000,16.4,,,,-0.045085,0.124756,0.572450
1776551000.387790,987,16.7,track,foundationpose,,586,513,-0.044556,0.124991,0.572526,0.002182,-0.000776,0.000093,0.007660688341025473,0.5727652907371521,0.00,0.00,0.00,0.000000,14.7,,,,-0.043890,0.124905,0.572765
1776551000.402736,988,14.9,track,foundationpose,,586,512,-0.044395,0.124900,0.572590,0.002995,-0.001278,0.000488,0.007378494754453429,0.5727472901344299,0.00,0.00,0.00,0.000000,15.2,,,,-0.044071,0.124700,0.572747
1776551000.418190,989,15.5,track,foundationpose,,585,514,-0.044538,0.125092,0.572546,0.001812,0.000047,0.000164,0.007210818013250383,0.5724062323570251,0.00,0.00,0.00,0.000000,14.3,,,,-0.045046,0.125662,0.572406
1776551000.432831,990,14.6,track,foundationpose,,585,513,-0.044603,0.125073,0.572524,0.001242,-0.000078,0.000018,0.00705814658509048,0.5724570751190186,0.00,0.00,0.00,0.000000,17.5,,,,-0.044865,0.125016,0.572457
1776551000.450633,991,17.8,track,foundationpose,,585,513,-0.044685,0.125181,0.572555,0.000605,0.000594,0.000203,0.007089829956905214,0.5726400017738342,0.00,0.00,0.00,0.000000,14.6,,,,-0.044978,0.125491,0.572640
1776551000.465564,992,14.9,track,foundationpose,,586,513,-0.044488,0.125182,0.572618,0.001742,0.000546,0.000568,0.006979061514169068,0.5727951526641846,0.00,0.00,0.00,0.000000,17.3,,,,-0.043938,0.125159,0.572795
1776551000.483166,993,17.6,track,foundationpose,,586,513,-0.044440,0.125187,0.572628,0.001846,0.000515,0.000569,0.007015751502689583,0.5726282596588135,0.00,0.00,0.00,0.000000,13.8,,,,-0.044390,0.125172,0.572628
1776551000.497303,994,14.1,track,foundationpose,,585,513,-0.044581,0.125188,0.572588,0.000850,0.000482,0.000279,0.006885247600102502,0.5724399089813232,0.00,0.00,0.00,0.000000,16.3,,,,-0.045091,0.125171,0.572440
1776551000.513877,995,16.6,track,foundationpose,,586,512,-0.044436,0.125070,0.572643,0.001628,-0.000268,0.000582,0.006898945734440261,0.5727984309196472,0.00,0.00,0.00,0.000000,16.9,,,,-0.044038,0.124686,0.572798
1776551000.531043,996,17.2,track,foundationpose,,586,512,-0.044335,0.124947,0.572697,0.002058,-0.000959,0.000837,0.006930027277334769,0.572827160358429,0.00,0.00,0.00,0.000000,15.4,,,,-0.044115,0.124595,0.572827
1776551000.546669,997,15.6,track,foundationpose,,586,513,-0.044319,0.125032,0.572690,0.001964,-0.000380,0.000722,0.006881713634994598,0.5726302266120911,0.00,0.00,0.00,0.000000,15.0,,,,-0.044368,0.125335,0.572630
1776551000.561860,998,15.2,track,foundationpose,,585,513,-0.044463,0.125014,0.572687,0.000950,-0.000448,0.000637,0.006827923250492161,0.5726408958435059,0.00,0.00,0.00,0.000000,14.1,,,,-0.045006,0.124978,0.572641
1776551000.576225,999,14.4,track,foundationpose,,585,513,-0.044568,0.125059,0.572687,0.000256,-0.000148,0.000583,0.00675425933867044,0.5726569294929504,0.00,0.00,0.00,0.000000,14.6,,,,-0.044951,0.125224,0.572657
1776551000.591099,1000,14.9,track,foundationpose,,585,513,-0.044667,0.125064,0.572629,-0.000340,-0.000109,0.000196,0.006724733481054603,0.5724131464958191,0.00,0.00,0.00,0.000000,13.0,,,,-0.044999,0.125086,0.572413
1776551000.604450,1001,13.4,track,foundationpose,,585,514,-0.044696,0.125198,0.572630,-0.000485,0.000684,0.000187,0.006638408730133999,0.5726239681243896,0.00,0.00,0.00,0.000000,16.0,,,,-0.044780,0.125655,0.572624
1776551000.620672,1002,16.2,track,foundationpose,,585,513,-0.044698,0.125126,0.572633,-0.000447,0.000197,0.000191,0.0067026027125919735,0.5726358890533447,0.00,0.00,0.00,0.000000,13.5,,,,-0.044676,0.124852,0.572636
1776551000.634426,1003,13.8,track,foundationpose,,585,513,-0.044705,0.125080,0.572641,-0.000453,-0.000088,0.000217,0.006640492030870985,0.5726553797721863,0.00,0.00,0.00,0.000000,15.8,,,,-0.044708,0.124916,0.572655
1776551000.650491,1004,16.1,track,foundationpose,,585,512,-0.044683,0.124948,0.572648,-0.000283,-0.000846,0.000240,0.00669716083335879,0.5726613402366638,0.00,0.00,0.00,0.000000,13.5,,,,-0.044587,0.124521,0.572661
1776551000.664307,1005,13.8,track,foundationpose,,586,513,-0.044643,0.124908,0.572642,-0.000025,-0.001009,0.000184,0.006639095872386874,0.5726096034049988,0.00,0.00,0.00,0.000000,15.4,,,,-0.044494,0.124814,0.572610
1776551000.680259,1006,16.0,track,foundationpose,,585,513,-0.044660,0.124911,0.572636,-0.000125,-0.000903,0.000131,0.006690876995037257,0.5726054310798645,0.00,0.00,0.00,0.000000,14.3,,,,-0.044717,0.124970,0.572605
1776551000.694780,1007,14.5,track,foundationpose,,585,513,-0.044652,0.124931,0.572631,-0.000067,-0.000710,0.000093,0.0066647862101721364,0.5726091265678406,0.00,0.00,0.00,0.000000,14.4,,,,-0.044619,0.125041,0.572609
1776551000.709432,1008,14.7,track,foundationpose,,585,513,-0.044680,0.124897,0.572636,-0.000223,-0.000845,0.000114,0.0066520516882357834,0.5726476311683655,0.00,0.00,0.00,0.000000,14.6,,,,-0.044770,0.124819,0.572648
1776551000.724241,1009,14.8,track,foundationpose,,585,513,-0.044698,0.124897,0.572620,-0.000309,-0.000772,0.000014,0.0066499292336949225,0.5725634694099426,0.00,0.00,0.00,0.000000,15.7,,,,-0.044747,0.124939,0.572563
1776551000.740183,1010,15.9,track,foundationpose,,585,513,-0.044692,0.124903,0.572614,-0.000246,-0.000663,-0.000022,0.006697163150709848,0.5725939273834229,0.00,0.00,0.00,0.000000,16.5,,,,-0.044656,0.124965,0.572594
1776551000.756890,1011,16.7,track,foundationpose,,585,513,-0.044671,0.124944,0.572639,-0.000103,-0.000365,0.000125,0.006762010975056297,0.5727203488349915,0.00,0.00,0.00,0.000000,12.6,,,,-0.044593,0.125108,0.572720
1776551000.769717,1012,12.8,track,foundationpose,,585,513,-0.044740,0.125010,0.572622,-0.000494,0.000046,0.000012,0.006639504116986525,0.5725562572479248,0.00,0.00,0.00,0.000000,15.3,,,,-0.044967,0.125248,0.572556
1776551000.785247,1013,15.5,track,foundationpose,,585,512,-0.044725,0.124918,0.572641,-0.000362,-0.000494,0.000122,0.0066706791670896794,0.57270348072052,0.00,0.00,0.00,0.000000,12.5,,,,-0.044650,0.124609,0.572703
1776551000.797995,1014,12.7,track,foundationpose,,585,512,-0.044703,0.124873,0.572653,-0.000204,-0.000716,0.000186,0.006572580442944256,0.5726912021636963,0.00,0.00,0.00,0.000000,14.4,,,,-0.044609,0.124742,0.572691
1776551000.812813,1015,14.8,track,foundationpose,,585,512,-0.044698,0.124798,0.572663,-0.000159,-0.001089,0.000228,0.006594105214409035,0.5726882219314575,0.00,0.00,0.00,0.000000,14.5,,,,-0.044671,0.124580,0.572688
1776551000.827520,1016,14.7,track,foundationpose,,585,513,-0.044729,0.124838,0.572671,-0.000327,-0.000768,0.000251,0.0066049971631183865,0.5726839900016785,0.00,0.00,0.00,0.000000,14.9,,,,-0.044827,0.125025,0.572684
1776551000.842646,1017,15.1,track,foundationpose,,585,513,-0.044795,0.124961,0.572665,-0.000685,0.000019,0.000197,0.006631101271269036,0.5726334452629089,0.00,0.00,0.00,0.000000,17.1,,,,-0.045002,0.125416,0.572633
1776551000.860034,1018,17.4,track,foundationpose,,585,513,-0.044837,0.124975,0.572700,-0.000857,0.000097,0.000381,0.006746465372747515,0.5728025436401367,0.00,0.00,0.00,0.000000,13.5,,,,-0.044933,0.125018,0.572803
1776551000.873762,1019,13.7,track,foundationpose,,586,513,-0.044784,0.124997,0.572673,-0.000481,0.000220,0.000195,0.006668081219537217,0.5725670456886292,0.00,0.00,0.00,0.000000,16.5,,,,-0.044568,0.125068,0.572567
1776551000.890561,1020,16.8,track,foundationpose,,585,514,-0.044816,0.125167,0.572682,-0.000620,0.001181,0.000223,0.006745214658454958,0.5726972222328186,0.00,0.00,0.00,0.000000,12.9,,,,-0.044893,0.125702,0.572697
1776551000.903706,1021,13.1,track,foundationpose,,586,513,-0.044621,0.125123,0.572785,0.000554,0.000835,0.000805,0.006641144274943845,0.5731221437454224,0.00,0.00,0.00,0.000000,17.2,,,,-0.043942,0.124923,0.573122
1776551000.921100,1022,17.4,track,foundationpose,,586,512,-0.044478,0.125040,0.572772,0.001324,0.000271,0.000648,0.006751311316600731,0.5726838111877441,0.00,0.00,0.00,0.000000,12.9,,,,-0.044050,0.124726,0.572684
1776551000.934228,1023,13.1,track,foundationpose,,586,512,-0.044354,0.124922,0.572754,0.001945,-0.000433,0.000497,0.006644288875486487,0.5726670622825623,0.00,0.00,0.00,0.000000,15.0,,,,-0.043994,0.124514,0.572667
1776551000.949493,1024,15.3,track,foundationpose,,586,512,-0.044270,0.124829,0.572794,0.002257,-0.000932,0.000681,0.006661966194117216,0.572899341583252,0.00,0.00,0.00,0.000000,13.8,,,,-0.044091,0.124543,0.572899
1776551000.963450,1025,14.0,track,foundationpose,,585,512,-0.044362,0.124782,0.572787,0.001541,-0.001129,0.000586,0.006618321216292438,0.5727313160896301,0.00,0.00,0.00,0.000000,13.7,,,,-0.044780,0.124667,0.572731
1776551000.977376,1026,13.9,track,foundationpose,,585,513,-0.044422,0.124844,0.572734,0.001069,-0.000676,0.000234,0.006586973584189912,0.5725269913673401,0.00,0.00,0.00,0.000000,14.9,,,,-0.044700,0.125112,0.572527
1776551000.992472,1027,15.1,track,foundationpose,,585,513,-0.044540,0.124850,0.572707,0.000287,-0.000580,0.000052,0.006616376985840162,0.5726006031036377,0.00,0.00,0.00,0.000000,12.5,,,,-0.044995,0.124906,0.572601
1776551001.005354,1028,12.9,track,foundationpose,,585,513,-0.044617,0.124974,0.572691,-0.000184,0.000185,-0.000040,0.0065413231273377635,0.5726360082626343,0.00,0.00,0.00,0.000000,16.5,,,,-0.044899,0.125432,0.572636
1776551001.022102,1029,16.7,track,foundationpose,,585,513,-0.044660,0.125027,0.572676,-0.000416,0.000473,-0.000125,0.0066569793999922584,0.5726275444030762,0.00,0.00,0.00,0.000000,14.0,,,,-0.044793,0.125191,0.572628
1776551001.036357,1030,14.3,track,foundationpose,,585,513,-0.044683,0.125035,0.572669,-0.000513,0.000480,-0.000158,0.00662971301081173,0.5726494789123535,0.00,0.00,0.00,0.000000,15.9,,,,-0.044738,0.125039,0.572649
1776551001.052455,1031,16.1,track,foundationpose,,585,513,-0.044723,0.125021,0.572676,-0.000701,0.000358,-0.000101,0.006690106358845108,0.5727084279060364,0.00,0.00,0.00,0.000000,13.0,,,,-0.044830,0.124952,0.572708
1776551001.065743,1032,13.3,track,foundationpose,,585,513,-0.044742,0.125006,0.572673,-0.000758,0.000241,-0.000111,0.006610366026209623,0.5726667642593384,0.00,0.00,0.00,0.000000,15.8,,,,-0.044775,0.124937,0.572667
1776551001.081788,1033,16.0,track,foundationpose,,585,513,-0.044742,0.124977,0.572719,-0.000684,0.000048,0.000168,0.006673824224242966,0.5728781819343567,0.00,0.00,0.00,0.000000,13.1,,,,-0.044699,0.124867,0.572878
1776551001.095163,1034,13.4,track,foundationpose,,585,512,-0.044748,0.124898,0.572723,-0.000667,-0.000411,0.000178,0.006602589642143508,0.5727291703224182,0.00,0.00,0.00,0.000000,14.3,,,,-0.044738,0.124630,0.572729
1776551001.109785,1035,14.6,track,foundationpose,,585,513,-0.044770,0.124929,0.572717,-0.000738,-0.000197,0.000126,0.006606927860456583,0.5726863145828247,0.00,0.00,0.00,0.000000,17.2,,,,-0.044811,0.125054,0.572686
1776551001.127207,1036,17.4,track,foundationpose,,585,513,-0.044810,0.124941,0.572707,-0.000894,-0.000106,0.000055,0.006730790262123204,0.5726669430732727,0.00,0.00,0.00,0.000000,18.5,,,,-0.044897,0.124992,0.572667
1776551001.146087,1037,18.9,track,foundationpose,,585,514,-0.044822,0.125105,0.572689,-0.000866,0.000847,-0.000056,0.00687673878974159,0.5726297497749329,0.00,0.00,0.00,0.000000,14.9,,,,-0.044807,0.125612,0.572630
1776551001.161191,1038,15.1,detect,foundationpose,,586,514,-0.044683,0.125257,0.572772,0.000004,0.001647,0.000425,0.006813960371790538,0.5730343461036682,0.00,0.00,0.00,0.000000,1034.6,,,,-0.044208,0.125694,0.573034
1776551002.195996,1039,1034.8,track,foundationpose,,585,513,-0.044973,0.125132,0.572154,-0.000252,0.000051,-0.000497,0.013656288261776036,0.5721227526664734,0.00,0.00,0.00,0.000000,52.7,,,,-0.044982,0.125078,0.572123
1776551002.249141,1040,53.1,track,foundationpose,,585,512,-0.044754,0.124798,0.572362,0.001133,-0.001949,0.000894,0.010879308926220825,0.5725072622299194,0.00,0.00,0.00,0.000000,33.6,,,,-0.044609,0.124589,0.572507
1776551002.283078,1041,33.9,track,foundationpose,,586,512,-0.044601,0.124623,0.572513,0.002013,-0.002788,0.001831,0.0099761220952769,0.5726256370544434,0.00,0.00,0.00,0.000000,25.7,,,,-0.044495,0.124523,0.572626
1776551002.309011,1042,25.9,track,foundationpose,,585,512,-0.044576,0.124560,0.572521,0.001797,-0.002719,0.001512,0.00936253894017429,0.5724748373031616,0.00,0.00,0.00,0.000000,26.2,,,,-0.044607,0.124570,0.572475
1776551002.335469,1043,26.5,track,foundationpose,,586,512,-0.044366,0.124373,0.572664,0.003092,-0.003631,0.002331,0.00909154093964919,0.5727997422218323,0.00,0.00,0.00,0.000000,28.6,,,,-0.044152,0.124222,0.572800
1776551002.364308,1044,28.8,track,foundationpose,,586,512,-0.044197,0.124349,0.572824,0.003688,-0.003027,0.003025,0.00901174386545243,0.5729503035545349,0.00,0.00,0.00,0.000000,32.6,,,,-0.044089,0.124460,0.572950
1776551002.397158,1045,32.9,track,foundationpose,,585,512,-0.044323,0.124230,0.572834,0.002006,-0.003160,0.002417,0.009054814715662472,0.5727144479751587,0.00,0.00,0.00,0.000000,17.3,,,,-0.044654,0.124204,0.572714
1776551002.414725,1046,17.6,track,foundationpose,,585,512,-0.044454,0.124259,0.572843,0.000911,-0.002609,0.002198,0.008357299845609158,0.5727850198745728,0.00,0.00,0.00,0.000000,13.4,,,,-0.044745,0.124405,0.572785
1776551002.428343,1047,13.6,track,foundationpose,,585,512,-0.044520,0.124258,0.572850,0.000400,-0.002383,0.002048,0.007766921626457337,0.5727993845939636,0.00,0.00,0.00,0.000000,14.6,,,,-0.044692,0.124334,0.572799
1776551002.443178,1048,14.8,track,foundationpose,,585,512,-0.044550,0.124271,0.572849,0.000167,-0.002071,0.001848,0.007447876812821275,0.572772741317749,0.00,0.00,0.00,0.000000,13.8,,,,-0.044640,0.124391,0.572773
1776551002.457192,1049,14.0,track,foundationpose,,585,512,-0.044612,0.124267,0.572812,-0.000239,-0.001912,0.001443,0.007199697959449526,0.5726395845413208,0.00,0.00,0.00,0.000000,13.0,,,,-0.044784,0.124335,0.572640
1776551002.470446,1050,13.3,track,foundationpose,,585,512,-0.044654,0.124231,0.572768,-0.000487,-0.001980,0.001043,0.006997047989488245,0.5725835561752319,0.00,0.00,0.00,0.000000,15.5,,,,-0.044768,0.124200,0.572584
1776551002.486226,1051,15.8,track,foundationpose,,585,512,-0.044692,0.124262,0.572802,-0.000680,-0.001592,0.001157,0.006970581330272891,0.5728560090065002,0.00,0.00,0.00,0.000000,14.4,,,,-0.044783,0.124444,0.572856
1776551002.500859,1052,14.6,track,foundationpose,,585,513,-0.044709,0.124468,0.572770,-0.000718,-0.000156,0.000847,0.0068966192689739955,0.5726184844970703,0.00,0.00,0.00,0.000000,15.5,,,,-0.044728,0.125167,0.572618
1776551002.516600,1053,15.7,track,foundationpose,,586,512,-0.044552,0.124504,0.572812,0.000320,0.000081,0.001028,0.006891169328337176,0.5729012489318848,0.00,0.00,0.00,0.000000,11.9,,,,-0.044040,0.124621,0.572901
1776551002.528751,1054,12.2,track,foundationpose,,586,512,-0.044473,0.124479,0.572841,0.000783,-0.000078,0.001130,0.006723042455482042,0.5728955268859863,0.00,0.00,0.00,0.000000,13.6,,,,-0.044228,0.124395,0.572896
1776551002.542622,1055,13.9,track,foundationpose,,586,512,-0.044379,0.124524,0.572925,0.001287,0.000199,0.001549,0.006680876757359862,0.573151171207428,0.00,0.00,0.00,0.000000,13.4,,,,-0.044107,0.124673,0.573151
1776551002.556279,1056,13.7,track,foundationpose,,586,512,-0.044300,0.124469,0.572929,0.001663,-0.000148,0.001439,0.006639651283938147,0.5728681087493896,0.00,0.00,0.00,0.000000,12.4,,,,-0.044093,0.124278,0.572868
1776551002.568848,1057,12.6,track,foundationpose,,585,513,-0.044441,0.124618,0.572918,0.000677,0.000767,0.001263,0.006560165469729416,0.5728175044059753,0.00,0.00,0.00,0.000000,14.2,,,,-0.045003,0.125139,0.572818
1776551002.583276,1058,14.4,track,foundationpose,,585,513,-0.044556,0.124769,0.572904,-0.000076,0.001611,0.001072,0.006585768256136229,0.5727962255477905,0.00,0.00,0.00,0.000000,11.8,,,,-0.044983,0.125246,0.572796
1776551002.595363,1059,12.1,track,foundationpose,,586,512,-0.044550,0.124781,0.572914,-0.000033,0.001566,0.001052,0.0064977493968700045,0.572901725769043,0.00,0.00,0.00,0.000000,15.9,,,,-0.044524,0.124754,0.572902
1776551002.611533,1060,16.2,track,foundationpose,,585,513,-0.044569,0.124871,0.572890,-0.000144,0.001957,0.000807,0.006615964196059675,0.5727518200874329,0.00,0.00,0.00,0.000000,13.2,,,,-0.044632,0.125092,0.572752
1776551002.624898,1061,13.4,track,foundationpose,,585,513,-0.044625,0.124912,0.572840,-0.000470,0.002045,0.000443,0.006572773059554696,0.5726307034492493,0.00,0.00,0.00,0.000000,12.8,,,,-0.044813,0.124962,0.572631
1776551002.638167,1062,13.3,track,foundationpose,,585,513,-0.044735,0.125010,0.572810,-0.001087,0.002465,0.000227,0.006536688051436007,0.5726828575134277,0.00,0.00,0.00,0.000000,16.0,,,,-0.045097,0.125256,0.572683
1776551002.654415,1063,16.2,track,foundationpose,,585,513,-0.044788,0.125015,0.572764,-0.001297,0.002258,-0.000066,0.006641092475217087,0.5725982189178467,0.00,0.00,0.00,0.000000,13.0,,,,-0.044907,0.124897,0.572598
1776551002.667630,1064,13.2,track,foundationpose,,586,512,-0.044738,0.124890,0.572732,-0.000899,0.001344,-0.000252,0.00657941441128223,0.5726236701011658,0.00,0.00,0.00,0.000000,17.2,,,,-0.044507,0.124359,0.572624
1776551002.685066,1065,17.4,track,foundationpose,,585,512,-0.044765,0.124877,0.572741,-0.000967,0.001131,-0.000169,0.006718910602363147,0.5727875232696533,0.00,0.00,0.00,0.000000,14.0,,,,-0.044803,0.124759,0.572788
1776551002.699330,1066,14.3,track,foundationpose,,585,512,-0.044808,0.124867,0.572745,-0.001136,0.000977,-0.000135,0.006676044068685679,0.5727635622024536,0.00,0.00,0.00,0.000000,15.4,,,,-0.044903,0.124780,0.572764
1776551002.715006,1067,15.7,track,foundationpose,,585,513,-0.044795,0.124990,0.572716,-0.000956,0.001607,-0.000291,0.0067057895262561526,0.5726285576820374,0.00,0.00,0.00,0.000000,13.3,,,,-0.044694,0.125343,0.572629
1776551002.728553,1068,13.5,track,foundationpose,,585,513,-0.044761,0.124959,0.572701,-0.000683,0.001298,-0.000355,0.006633361216204489,0.5726639032363892,0.00,0.00,0.00,0.000000,15.6,,,,-0.044603,0.124781,0.572664
1776551002.744456,1069,15.9,track,foundationpose,,585,512,-0.044775,0.124858,0.572708,-0.000702,0.000591,-0.000284,0.006684121589775792,0.5727481245994568,0.00,0.00,0.00,0.000000,15.5,,,,-0.044786,0.124457,0.572748
1776551002.760231,1070,15.8,track,foundationpose,,586,512,-0.044643,0.124828,0.572753,0.000129,0.000362,0.000008,0.006713173635801769,0.5729170441627502,0.00,0.00,0.00,0.000000,13.3,,,,-0.044175,0.124699,0.572917
1776551002.773781,1071,13.6,track,foundationpose,,585,512,-0.044681,0.124711,0.572767,-0.000103,-0.000345,0.000085,0.006636910522364153,0.572812020778656,0.00,0.00,0.00,0.000000,16.4,,,,-0.044816,0.124301,0.572812
1776551002.790438,1072,16.7,track,foundationpose,,585,513,-0.044693,0.124730,0.572787,-0.000160,-0.000203,0.000193,0.006717375423322299,0.5728476047515869,0.00,0.00,0.00,0.000000,13.9,,,,-0.044725,0.124809,0.572848
1776551002.804687,1073,14.2,track,foundationpose,,585,513,-0.044746,0.124864,0.572761,-0.000455,0.000589,0.000028,0.006669391851619275,0.5726662278175354,0.00,0.00,0.00,0.000000,16.9,,,,-0.044915,0.125318,0.572666
1776551002.821889,1074,17.2,track,foundationpose,,586,512,-0.044687,0.124785,0.572809,-0.000068,0.000080,0.000299,0.006762434621863627,0.5729589462280273,0.00,0.00,0.00,0.000000,13.7,,,,-0.044472,0.124503,0.572959
1776551002.835830,1075,13.9,track,foundationpose,,586,512,-0.044610,0.124628,0.572817,0.000380,-0.000837,0.000323,0.006686578606760318,0.5728302001953125,0.00,0.00,0.00,0.000000,16.8,,,,-0.044355,0.124105,0.572830
1776551002.852885,1076,17.1,track,foundationpose,,585,512,-0.044619,0.124635,0.572893,0.000293,-0.000715,0.000728,0.00676712280285721,0.5731173753738403,0.00,0.00,0.00,0.000000,13.8,,,,-0.044667,0.124702,0.573117
1776551002.866883,1077,14.0,track,foundationpose,,585,513,-0.044640,0.124786,0.572861,0.000145,0.000217,0.000487,0.00669168400449138,0.5727236866950989,0.00,0.00,0.00,0.000000,15.2,,,,-0.044725,0.125318,0.572724
1776551002.882403,1078,15.5,track,foundationpose,,586,512,-0.044476,0.124753,0.572890,0.001077,0.000005,0.000608,0.006704729638842556,0.5729585886001587,0.00,0.00,0.00,0.000000,12.9,,,,-0.043947,0.124633,0.572959
1776551002.895506,1079,13.1,track,foundationpose,,585,513,-0.044622,0.124785,0.572854,0.000154,0.000192,0.000357,0.0066102432262623995,0.5727067589759827,0.00,0.00,0.00,0.000000,14.8,,,,-0.045163,0.124895,0.572707
1776551002.910581,1080,15.1,track,foundationpose,,585,513,-0.044641,0.124820,0.572847,0.000029,0.000377,0.000283,0.006629990440770407,0.5728039145469666,0.00,0.00,0.00,0.000000,15.1,,,,-0.044714,0.124928,0.572804
1776551002.925943,1081,15.4,track,foundationpose,,585,513,-0.044666,0.124866,0.572842,-0.000116,0.000610,0.000231,0.0066568791272521065,0.5728119611740112,0.00,0.00,0.00,0.000000,12.9,,,,-0.044749,0.125000,0.572812
1776551002.939063,1082,13.1,track,foundationpose,,586,512,-0.044638,0.124810,0.572832,0.000055,0.000240,0.000155,0.006579092348518592,0.5727871656417847,0.00,0.00,0.00,0.000000,13.6,,,,-0.044537,0.124592,0.572787
1776551002.952847,1083,13.8,track,foundationpose,,585,513,-0.044671,0.124810,0.572834,-0.000146,0.000219,0.000154,0.006553979556961045,0.5728334188461304,0.00,0.00,0.00,0.000000,12.7,,,,-0.044791,0.124798,0.572833
1776551002.965768,1084,12.9,track,foundationpose,,585,513,-0.044697,0.124869,0.572812,-0.000284,0.000549,0.000015,0.006499463647582506,0.5727282166481018,0.00,0.00,0.00,0.000000,14.6,,,,-0.044781,0.125069,0.572728
1776551002.980621,1085,14.9,track,foundationpose,,585,513,-0.044728,0.124992,0.572774,-0.000439,0.001221,-0.000212,0.006546286565172639,0.5726386904716492,0.00,0.00,0.00,0.000000,13.1,,,,-0.044820,0.125392,0.572639
1776551002.993961,1086,13.3,track,foundationpose,,585,512,-0.044746,0.124943,0.572772,-0.000512,0.000834,-0.000204,0.0065137940781742135,0.5727770328521729,0.00,0.00,0.00,0.000000,20.2,,,,-0.044790,0.124710,0.572777
1776551003.014492,1087,20.5,track,foundationpose,,585,513,-0.044777,0.125100,0.572747,-0.000632,0.001649,-0.000326,0.0068026270044091695,0.5726814270019531,0.00,0.00,0.00,0.000000,16.7,,,,-0.044842,0.125542,0.572681
1776551003.031559,1088,17.1,track,foundationpose,,585,513,-0.044805,0.125111,0.572747,-0.000730,0.001548,-0.000293,0.006850052174784228,0.5727648138999939,0.00,0.00,0.00,0.000000,18.2,,,,-0.044857,0.125056,0.572765
1776551003.050060,1089,18.5,track,foundationpose,,585,514,-0.044869,0.125297,0.572735,-0.001019,0.002452,-0.000332,0.006939973413046835,0.5727147459983826,0.00,0.00,0.00,0.000000,16.8,,,,-0.045020,0.125769,0.572715
1776551003.067043,1090,17.0,track,foundationpose,,586,512,-0.044672,0.125110,0.572802,0.000199,0.001151,0.000079,0.006934051524336293,0.5730175971984863,0.00,0.00,0.00,0.000000,18.7,,,,-0.044032,0.124427,0.573018
1776551003.085935,1091,18.9,track,foundationpose,,585,512,-0.044769,0.124986,0.572828,-0.000369,0.000324,0.000219,0.007007325405126027,0.5728996992111206,0.00,0.00,0.00,0.000000,13.1,,,,-0.045061,0.124561,0.572900
1776551003.099272,1092,13.3,track,foundationpose,,585,513,-0.044779,0.124987,0.572828,-0.000400,0.000305,0.000203,0.006823173607744586,0.572819173336029,0.00,0.00,0.00,0.000000,14.3,,,,-0.044796,0.124976,0.572819
1776551003.113779,1093,14.5,track,foundationpose,,585,513,-0.044756,0.125045,0.572814,-0.000237,0.000608,0.000107,0.006746830212520103,0.5727599859237671,0.00,0.00,0.00,0.000000,12.3,,,,-0.044664,0.125216,0.572760
1776551003.126341,1094,12.6,track,foundationpose,,585,513,-0.044814,0.125134,0.572777,-0.000551,0.001077,-0.000111,0.006612445692386566,0.5726482272148132,0.00,0.00,0.00,0.000000,12.6,,,,-0.045000,0.125412,0.572648
1776551003.139192,1095,12.9,track,foundationpose,,585,512,-0.044844,0.125053,0.572756,-0.000682,0.000531,-0.000228,0.006532465055092246,0.5726845860481262,0.00,0.00,0.00,0.000000,16.0,,,,-0.044924,0.124723,0.572685
1776551003.155461,1096,16.3,track,foundationpose,,585,512,-0.044797,0.124941,0.572760,-0.000346,-0.000173,-0.000182,0.006626140899004484,0.5727863311767578,0.00,0.00,0.00,0.000000,20.6,,,,-0.044601,0.124530,0.572786
1776551003.176262,1097,20.8,track,foundationpose,,585,512,-0.044781,0.124825,0.572762,-0.000213,-0.000816,-0.000145,0.006885858172132836,0.5727821588516235,0.00,0.00,0.00,0.000000,16.3,,,,-0.044711,0.124484,0.572782
1776551003.192765,1098,16.5,track,foundationpose,,585,512,-0.044781,0.124808,0.572785,-0.000191,-0.000837,-0.000004,0.006879171004376439,0.5728598833084106,0.00,0.00,0.00,0.000000,14.1,,,,-0.044769,0.124797,0.572860
1776551003.207144,1099,14.4,detect,foundationpose,,585,513,-0.044845,0.124960,0.572842,-0.000546,0.000102,0.000327,0.006783675080878626,0.5730253458023071,0.00,0.00,0.00,0.000000,991.0,,,,-0.045042,0.125479,0.573025
1776551004.198404,1100,991.3,track,foundationpose,,585,511,-0.044716,0.124013,0.572879,0.000062,-0.000849,0.000067,0.013640038024304923,0.5728701949119568,0.00,0.00,0.00,0.000000,54.7,,,,-0.044695,0.123979,0.572870
1776551004.253455,1101,55.1,track,foundationpose,,585,513,-0.044952,0.124555,0.572815,-0.001336,0.002598,-0.000333,0.010906200351607984,0.5727729201316833,0.00,0.00,0.00,0.000000,31.2,,,,-0.045098,0.124916,0.572773
1776551004.285045,1102,31.6,track,foundationpose,,585,512,-0.044866,0.124579,0.572767,-0.000368,0.002164,-0.000614,0.00986761455689829,0.5727308392524719,0.00,0.00,0.00,0.000000,29.3,,,,-0.044741,0.124523,0.572731
1776551004.314856,1103,29.8,track,foundationpose,,585,513,-0.044969,0.124766,0.572698,-0.001109,0.003139,-0.001018,0.009470408126840307,0.5726404786109924,0.00,0.00,0.00,0.000000,25.7,,,,-0.045075,0.124905,0.572640
1776551004.340761,1104,25.9,track,foundationpose,,586,512,-0.044625,0.124641,0.572761,0.001809,0.001522,-0.000323,0.009098236107163824,0.572877824306488,0.00,0.00,0.00,0.000000,24.2,,,,-0.044133,0.124368,0.572878
1776551004.365337,1105,24.6,track,foundationpose,,586,512,-0.044409,0.124736,0.572841,0.003095,0.001954,0.000339,0.00880400407604133,0.5729718208312988,0.00,0.00,0.00,0.000000,28.4,,,,-0.044156,0.124821,0.572972
1776551004.393935,1106,28.6,track,foundationpose,,586,513,-0.044254,0.124798,0.572822,0.003559,0.001998,0.000137,0.008769783267946196,0.5727787017822266,0.00,0.00,0.00,0.000000,22.9,,,,-0.044155,0.124807,0.572779
1776551004.417094,1107,23.2,track,foundationpose,,586,513,-0.044172,0.124964,0.572858,0.003560,0.002791,0.000355,0.008452004235415131,0.5729131102561951,0.00,0.00,0.00,0.000000,13.0,,,,-0.044171,0.125165,0.572913
1776551004.430401,1108,13.3,track,foundationpose,,585,513,-0.044436,0.125000,0.572780,0.001528,0.002785,-0.000182,0.007812835499509774,0.572603702545166,0.00,0.00,0.00,0.000000,15.3,,,,-0.045105,0.124998,0.572604
1776551004.445873,1109,15.5,track,foundationpose,,585,513,-0.044505,0.125148,0.572752,0.000930,0.003459,-0.000342,0.007506840172448655,0.5726922750473022,0.00,0.00,0.00,0.000000,16.0,,,,-0.044730,0.125400,0.572692
1776551004.462085,1110,16.2,track,foundationpose,,585,512,-0.044571,0.125081,0.572740,0.000419,0.002676,-0.000383,0.007335774482954127,0.5727238059043884,0.00,0.00,0.00,0.000000,16.1,,,,-0.044778,0.124764,0.572724
1776551004.478458,1111,16.4,track,foundationpose,,585,513,-0.044611,0.125179,0.572685,0.000124,0.003019,-0.000694,0.007223631286906634,0.5725514888763428,0.00,0.00,0.00,0.000000,15.0,,,,-0.044738,0.125326,0.572551
1776551004.493641,1112,15.2,track,foundationpose,,585,512,-0.044612,0.125025,0.572712,0.000105,0.001777,-0.000458,0.007090196915164454,0.572819709777832,0.00,0.00,0.00,0.000000,13.0,,,,-0.044621,0.124460,0.572820
1776551004.506923,1113,13.3,track,foundationpose,,585,512,-0.044635,0.124870,0.572712,-0.000043,0.000682,-0.000420,0.006911845476701086,0.5727307200431824,0.00,0.00,0.00,0.000000,16.7,,,,-0.044707,0.124334,0.572731
1776551004.523905,1114,17.0,track,foundationpose,,585,513,-0.044729,0.124932,0.572690,-0.000609,0.000986,-0.000510,0.006950597199813991,0.5726460814476013,0.00,0.00,0.00,0.000000,13.6,,,,-0.045005,0.125080,0.572646
1776551004.537680,1115,13.8,track,foundationpose,,585,513,-0.044731,0.124904,0.572684,-0.000571,0.000737,-0.000504,0.006831415393531111,0.5726872682571411,0.00,0.00,0.00,0.000000,14.2,,,,-0.044711,0.124777,0.572687
1776551004.552146,1116,14.5,track,foundationpose,,585,512,-0.044739,0.124855,0.572706,-0.000574,0.000377,-0.000330,0.006777222428936809,0.5727974772453308,0.00,0.00,0.00,0.000000,12.5,,,,-0.044741,0.124665,0.572797
1776551004.564854,1117,12.7,track,foundationpose,,585,512,-0.044716,0.124749,0.572679,-0.000389,-0.000292,-0.000469,0.006659990400866293,0.5726021528244019,0.00,0.00,0.00,0.000000,15.2,,,,-0.044614,0.124379,0.572602
1776551004.580271,1118,15.4,track,foundationpose,,586,512,-0.044691,0.124685,0.572689,-0.000202,-0.000650,-0.000365,0.006696433470071227,0.5727452039718628,0.00,0.00,0.00,0.000000,15.6,,,,-0.044589,0.124489,0.572745
1776551004.596082,1119,15.8,track,foundationpose,,585,513,-0.044694,0.124769,0.572700,-0.000203,-0.000085,-0.000266,0.006736897128229704,0.5727534294128418,0.00,0.00,0.00,0.000000,13.7,,,,-0.044695,0.125076,0.572753
1776551004.610070,1120,14.0,track,foundationpose,,586,513,-0.044541,0.124865,0.572733,0.000722,0.000487,-0.000043,0.00668289439624829,0.5728569626808167,0.00,0.00,0.00,0.000000,14.4,,,,-0.044027,0.125183,0.572857
1776551004.624711,1121,14.6,track,foundationpose,,585,513,-0.044615,0.124838,0.572670,0.000221,0.000286,-0.000416,0.006672229393532036,0.572460949420929,0.00,0.00,0.00,0.000000,12.6,,,,-0.044896,0.124725,0.572461
1776551004.637590,1122,12.9,track,foundationpose,,585,513,-0.044616,0.124833,0.572638,0.000198,0.000236,-0.000574,0.006586465426451764,0.5725459456443787,0.00,0.00,0.00,0.000000,16.5,,,,-0.044630,0.124804,0.572546
1776551004.654302,1123,16.7,track,foundationpose,,585,512,-0.044620,0.124731,0.572643,0.000156,-0.000387,-0.000488,0.006693077451260266,0.572690486907959,0.00,0.00,0.00,0.000000,13.1,,,,-0.044643,0.124383,0.572690
1776551004.667596,1124,13.3,track,foundationpose,,585,512,-0.044620,0.124658,0.572619,0.000145,-0.000783,-0.000591,0.006617235182974902,0.5725591778755188,0.00,0.00,0.00,0.000000,15.6,,,,-0.044626,0.124430,0.572559
1776551004.683384,1125,15.8,track,foundationpose,,585,512,-0.044662,0.124639,0.572631,-0.000117,-0.000825,-0.000464,0.006671949107462479,0.5727031230926514,0.00,0.00,0.00,0.000000,13.1,,,,-0.044811,0.124615,0.572703
1776551004.696679,1126,13.3,track,foundationpose,,585,513,-0.044709,0.124713,0.572618,-0.000381,-0.000329,-0.000501,0.006600939935829906,0.572596549987793,0.00,0.00,0.00,0.000000,14.3,,,,-0.044863,0.125001,0.572597
1776551004.711219,1127,14.5,track,foundationpose,,585,513,-0.044741,0.124796,0.572589,-0.000537,0.000188,-0.000631,0.0066049874581687994,0.5725138783454895,0.00,0.00,0.00,0.000000,15.3,,,,-0.044832,0.125096,0.572514
1776551004.726726,1128,15.5,track,foundationpose,,585,513,-0.044761,0.124802,0.572601,-0.000601,0.000208,-0.000501,0.006649563308573076,0.5726757645606995,0.00,0.00,0.00,0.000000,13.2,,,,-0.044797,0.124814,0.572676
1776551004.740175,1129,13.4,track,foundationpose,,585,513,-0.044807,0.124826,0.572605,-0.000824,0.000330,-0.000441,0.006590811617841773,0.5726398229598999,0.00,0.00,0.00,0.000000,13.7,,,,-0.044937,0.124898,0.572640
1776551004.754073,1130,13.9,track,foundationpose,,585,513,-0.044776,0.124822,0.572609,-0.000575,0.000280,-0.000379,0.006569014517620084,0.5726459622383118,0.00,0.00,0.00,0.000000,12.4,,,,-0.044628,0.124793,0.572646
1776551004.766679,1131,12.6,track,foundationpose,,586,513,-0.044597,0.124882,0.572649,0.000517,0.000611,-0.000122,0.006497412801149924,0.5728043913841248,0.00,0.00,0.00,0.000000,13.7,,,,-0.043936,0.125082,0.572804
1776551004.780679,1132,14.0,track,foundationpose,,586,512,-0.044489,0.124808,0.572677,0.001108,0.000125,0.000055,0.006508376209589984,0.5727828741073608,0.00,0.00,0.00,0.000000,12.3,,,,-0.044133,0.124515,0.572783
1776551004.793179,1133,12.5,track,foundationpose,,585,513,-0.044599,0.124931,0.572695,0.000379,0.000842,0.000158,0.0064507989203545675,0.5727587938308716,0.00,0.00,0.00,0.000000,11.8,,,,-0.045046,0.125372,0.572759
1776551004.805228,1134,12.0,track,foundationpose,,585,513,-0.044666,0.125050,0.572707,-0.000044,0.001483,0.000216,0.006390437003195585,0.5727429986000061,0.00,0.00,0.00,0.000000,13.2,,,,-0.044931,0.125451,0.572743
1776551004.818610,1135,13.4,track,foundationpose,,585,512,-0.044674,0.124891,0.572748,-0.000092,0.000426,0.000441,0.006407200200380038,0.5728871822357178,0.00,0.00,0.00,0.000000,14.3,,,,-0.044704,0.124235,0.572887
1776551004.833067,1136,14.5,track,foundationpose,,586,512,-0.044635,0.124859,0.572736,0.000152,0.000198,0.000334,0.006467473106854912,0.5726714730262756,0.00,0.00,0.00,0.000000,14.7,,,,-0.044486,0.124721,0.572671
1776551004.848227,1137,15.2,track,foundationpose,,585,512,-0.044656,0.124781,0.572736,0.000010,-0.000279,0.000304,0.006541189034711627,0.5727180242538452,0.00,0.00,0.00,0.000000,13.1,,,,-0.044740,0.124499,0.572718
1776551004.861573,1138,13.3,track,foundationpose,,586,512,-0.044531,0.124699,0.572750,0.000746,-0.000742,0.000365,0.006513021212079512,0.5727866291999817,0.00,0.00,0.00,0.000000,14.8,,,,-0.044092,0.124422,0.572787
1776551004.876648,1139,15.1,track,foundationpose,,586,512,-0.044456,0.124615,0.572778,0.001122,-0.001169,0.000493,0.00656838632648342,0.572852611541748,0.00,0.00,0.00,0.000000,14.8,,,,-0.044235,0.124365,0.572853
1776551004.891641,1140,15.0,track,foundationpose,,586,512,-0.044458,0.124500,0.572797,0.001013,-0.001744,0.000565,0.0066029194825298525,0.572839081287384,0.00,0.00,0.00,0.000000,12.1,,,,-0.044521,0.124166,0.572839
1776551004.903979,1141,12.3,track,foundationpose,,586,512,-0.044444,0.124489,0.572776,0.001022,-0.001681,0.000397,0.006510441856781991,0.5726750493049622,0.00,0.00,0.00,0.000000,15.8,,,,-0.044439,0.124526,0.572675
1776551004.920034,1142,16.1,track,foundationpose,,585,512,-0.044490,0.124524,0.572780,0.000655,-0.001315,0.000385,0.006607388894707975,0.5727730393409729,0.00,0.00,0.00,0.000000,13.2,,,,-0.044703,0.124737,0.572773
1776551004.933425,1143,13.4,track,foundationpose,,585,512,-0.044551,0.124518,0.572774,0.000248,-0.001248,0.000321,0.0065588628998326775,0.5727360248565674,0.00,0.00,0.00,0.000000,15.3,,,,-0.044792,0.124558,0.572736
1776551004.949010,1144,15.6,track,foundationpose,,585,512,-0.044590,0.124474,0.572778,-0.000001,-0.001392,0.000314,0.0066199283470261255,0.5727740526199341,0.00,0.00,0.00,0.000000,13.6,,,,-0.044735,0.124390,0.572774
1776551004.962816,1145,13.8,track,foundationpose,,585,512,-0.044592,0.124487,0.572769,-0.000014,-0.001204,0.000237,0.00658496477662421,0.572723925113678,0.00,0.00,0.00,0.000000,13.6,,,,-0.044599,0.124598,0.572724
1776551004.976686,1146,13.9,track,foundationpose,,586,513,-0.044583,0.124560,0.572768,0.000039,-0.000683,0.000209,0.0065630279280541595,0.5727514028549194,0.00,0.00,0.00,0.000000,14.9,,,,-0.044552,0.124868,0.572751
1776551004.991832,1147,15.1,track,foundationpose,,585,513,-0.044631,0.124685,0.572744,-0.000242,0.000111,0.000055,0.006603127190472485,0.5726545453071594,0.00,0.00,0.00,0.000000,12.1,,,,-0.044795,0.125149,0.572655
1776551005.004187,1148,12.4,track,foundationpose,,586,513,-0.044500,0.124735,0.572750,0.000541,0.000395,0.000086,0.006509697661553983,0.5727688670158386,0.00,0.00,0.00,0.000000,15.4,,,,-0.044027,0.124906,0.572769
1776551005.019825,1149,15.6,track,foundationpose,,586,512,-0.044393,0.124626,0.572819,0.001114,-0.000277,0.000479,0.0065872904499268995,0.5730498433113098,0.00,0.00,0.00,0.000000,14.5,,,,-0.044058,0.124233,0.573050
1776551005.034584,1150,14.8,track,foundationpose,,586,512,-0.044325,0.124533,0.572867,0.001418,-0.000796,0.000718,0.006603563630177052,0.5730061531066895,0.00,0.00,0.00,0.000000,15.6,,,,-0.044147,0.124231,0.573006
1776551005.050399,1151,15.8,track,foundationpose,,585,513,-0.044457,0.124620,0.572848,0.000519,-0.000218,0.000544,0.00666031380957564,0.5727487802505493,0.00,0.00,0.00,0.000000,13.6,,,,-0.044971,0.124950,0.572749
1776551005.064269,1152,13.9,track,foundationpose,,585,513,-0.044547,0.124733,0.572795,-0.000046,0.000455,0.000191,0.006615192194923788,0.5725904107093811,0.00,0.00,0.00,0.000000,14.5,,,,-0.044875,0.125125,0.572590
1776551005.078999,1153,14.7,track,foundationpose,,586,512,-0.044548,0.124696,0.572766,-0.000051,0.000205,0.000005,0.0066206784850925795,0.5726580023765564,0.00,0.00,0.00,0.000000,16.1,,,,-0.044551,0.124551,0.572658
1776551005.095305,1154,16.3,track,foundationpose,,586,512,-0.044549,0.124693,0.572768,-0.000051,0.000165,0.000016,0.006692260971597707,0.5727747678756714,0.00,0.00,0.00,0.000000,14.3,,,,-0.044549,0.124670,0.572775
1776551005.109866,1155,14.6,track,foundationpose,,585,512,-0.044560,0.124651,0.572757,-0.000111,-0.000091,-0.000052,0.006666257193559526,0.572717547416687,0.00,0.00,0.00,0.000000,14.5,,,,-0.044594,0.124504,0.572718
1776551005.124650,1156,14.8,track,foundationpose,,586,512,-0.044435,0.124573,0.572752,0.000626,-0.000538,-0.000078,0.006657424511165486,0.572736918926239,0.00,0.00,0.00,0.000000,12.3,,,,-0.044011,0.124316,0.572737
1776551005.137220,1157,12.6,track,foundationpose,,586,512,-0.044339,0.124517,0.572784,0.001134,-0.000823,0.000118,0.006555557354813136,0.5729012489318848,0.00,0.00,0.00,0.000000,16.3,,,,-0.044036,0.124347,0.572901
1776551005.153763,1158,16.5,track,foundationpose,,586,512,-0.044290,0.124491,0.572804,0.001312,-0.000894,0.000224,0.006656575683286709,0.5728647112846375,0.00,0.00,0.00,0.000000,13.9,,,,-0.044188,0.124450,0.572865
1776551005.167854,1159,14.1,track,foundationpose,,585,512,-0.044382,0.124441,0.572829,0.000667,-0.001113,0.000350,0.006621300682609949,0.5729030966758728,0.00,0.00,0.00,0.000000,17.1,,,,-0.044758,0.124314,0.572903
1776551005.185160,1160,17.3,detect,foundationpose,,585,513,-0.044535,0.124687,0.572839,-0.000285,0.000426,0.000369,0.006735072324859157,0.5728492736816406,0.00,0.00,0.00,0.000000,1001.5,,,,-0.045067,0.125547,0.572849
1776551006.186924,1161,1001.8,track,foundationpose,,585,513,-0.045119,0.124818,0.572550,-0.000553,0.000160,-0.000222,0.013643071050192825,0.5725294947624207,0.00,0.00,0.00,0.000000,48.3,,,,-0.045129,0.124809,0.572529
1776551006.235486,1162,48.6,track,foundationpose,,586,513,-0.044630,0.124875,0.572719,0.002394,0.000437,0.000799,0.01073938275266753,0.5728375911712646,0.00,0.00,0.00,0.000000,29.7,,,,-0.044286,0.124907,0.572838
1776551006.265546,1163,30.1,track,foundationpose,,585,512,-0.044600,0.124719,0.572795,0.002067,-0.000862,0.001207,0.009741958056326242,0.5728495121002197,0.00,0.00,0.00,0.000000,30.2,,,,-0.044643,0.124547,0.572850
1776551006.295992,1164,30.4,track,foundationpose,,586,512,-0.044411,0.124719,0.572873,0.003112,-0.000651,0.001543,0.009476684886770562,0.5729191303253174,0.00,0.00,0.00,0.000000,28.6,,,,-0.044267,0.124748,0.572919
1776551006.324821,1165,28.8,track,foundationpose,,585,512,-0.044455,0.124731,0.572966,0.002046,-0.000403,0.001933,0.009268973797082117,0.5730269551277161,0.00,0.00,0.00,0.000000,34.8,,,,-0.044620,0.124770,0.573027
1776551006.359872,1166,35.1,track,foundationpose,,585,513,-0.044571,0.124893,0.572898,0.000689,0.000869,0.000953,0.00936022582416355,0.5727363228797913,0.00,0.00,0.00,0.000000,27.5,,,,-0.044795,0.125103,0.572736
1776551006.387644,1167,27.8,track,foundationpose,,585,513,-0.044677,0.125022,0.572826,-0.000151,0.001568,0.000290,0.008988025967085879,0.5726897120475769,0.00,0.00,0.00,0.000000,21.4,,,,-0.044850,0.125165,0.572690
1776551006.409491,1168,21.8,track,foundationpose,,585,513,-0.044766,0.125172,0.572778,-0.000698,0.002312,-0.000060,0.008488438446615017,0.5726867914199829,0.00,0.00,0.00,0.000000,14.3,,,,-0.044908,0.125365,0.572687
1776551006.423962,1169,14.5,track,foundationpose,,586,513,-0.044505,0.125250,0.572826,0.001011,0.002594,0.000249,0.00787034195582836,0.5729286670684814,0.00,0.00,0.00,0.000000,12.2,,,,-0.043937,0.125344,0.572929
1776551006.436350,1170,12.4,track,foundationpose,,586,513,-0.044488,0.125305,0.572891,0.001043,0.002738,0.000642,0.007394859854115598,0.5730483531951904,0.00,0.00,0.00,0.000000,15.0,,,,-0.044475,0.125363,0.573048
1776551006.451532,1171,15.2,track,foundationpose,,585,513,-0.044641,0.125309,0.572864,-0.000017,0.002505,0.000407,0.0072079691843557015,0.572762131690979,0.00,0.00,0.00,0.000000,12.6,,,,-0.045097,0.125209,0.572762
1776551006.464438,1172,12.9,track,foundationpose,,585,512,-0.044672,0.125166,0.572862,-0.000207,0.001403,0.000367,0.0069803370105492426,0.5728435516357422,0.00,0.00,0.00,0.000000,14.6,,,,-0.044761,0.124647,0.572844
1776551006.479270,1173,14.8,track,foundationpose,,586,513,-0.044576,0.125101,0.572895,0.000412,0.000872,0.000540,0.006910728797014295,0.5729790925979614,0.00,0.00,0.00,0.000000,12.9,,,,-0.044276,0.124844,0.572979
1776551006.492295,1174,13.0,track,foundationpose,,585,513,-0.044657,0.125221,0.572896,-0.000130,0.001547,0.000497,0.00678002210383376,0.572874128818512,0.00,0.00,0.00,0.000000,11.8,,,,-0.044934,0.125566,0.572874
1776551006.504267,1175,12.0,track,foundationpose,,585,513,-0.044697,0.125266,0.572909,-0.000366,0.001709,0.000544,0.006640389928074429,0.5729346871376038,0.00,0.00,0.00,0.000000,13.9,,,,-0.044824,0.125353,0.572935
1776551006.518372,1176,14.1,track,foundationpose,,585,513,-0.044681,0.125276,0.572889,-0.000232,0.001624,0.000370,0.006637985356628856,0.5727940797805786,0.00,0.00,0.00,0.000000,12.0,,,,-0.044608,0.125230,0.572794
1776551006.530540,1177,12.2,track,foundationpose,,585,513,-0.044714,0.125342,0.572849,-0.000423,0.001907,0.000095,0.006547109780756052,0.5726941823959351,0.00,0.00,0.00,0.000000,14.5,,,,-0.044821,0.125501,0.572694
1776551006.545456,1178,14.9,track,foundationpose,,585,513,-0.044762,0.125362,0.572849,-0.000681,0.001859,0.000087,0.006605607424586807,0.572844386100769,0.00,0.00,0.00,0.000000,14.4,,,,-0.044905,0.125335,0.572844
1776551006.560035,1179,14.6,track,foundationpose,,585,513,-0.044822,0.125346,0.572819,-0.000987,0.001592,-0.000105,0.006629002582301461,0.5727130770683289,0.00,0.00,0.00,0.000000,11.6,,,,-0.044991,0.125198,0.572713
1776551006.571980,1180,11.9,track,foundationpose,,586,512,-0.044694,0.125220,0.572860,-0.000136,0.000715,0.000155,0.006524940759435944,0.5730097889900208,0.00,0.00,0.00,0.000000,15.2,,,,-0.044204,0.124714,0.573010
1776551006.587379,1181,15.4,track,foundationpose,,585,514,-0.044789,0.125336,0.572866,-0.000693,0.001349,0.000178,0.006604117479081379,0.5728794932365417,0.00,0.00,0.00,0.000000,12.9,,,,-0.045102,0.125693,0.572879
1776551006.600428,1182,13.0,track,foundationpose,,585,514,-0.044836,0.125428,0.572848,-0.000925,0.001793,0.000056,0.006552945249027484,0.5727782249450684,0.00,0.00,0.00,0.000000,15.1,,,,-0.044971,0.125684,0.572778
1776551006.615799,1183,15.4,track,foundationpose,,585,514,-0.044893,0.125532,0.572813,-0.001181,0.002254,-0.000163,0.0066179704471489575,0.57268887758255,0.00,0.00,0.00,0.000000,12.8,,,,-0.045038,0.125793,0.572689
1776551006.628822,1184,13.0,track,foundationpose,,585,514,-0.044957,0.125607,0.572787,-0.001469,0.002523,-0.000303,0.006557825919249754,0.5727052092552185,0.00,0.00,0.00,0.000000,13.7,,,,-0.045124,0.125763,0.572705
1776551006.642802,1185,14.0,track,foundationpose,,585,513,-0.045035,0.125622,0.572790,-0.001809,0.002404,-0.000262,0.006556328088590347,0.5728137493133545,0.00,0.00,0.00,0.000000,14.0,,,,-0.045233,0.125552,0.572814
1776551006.657016,1186,14.2,track,foundationpose,,585,514,-0.045069,0.125665,0.572795,-0.001861,0.002456,-0.000207,0.0065643854264475325,0.572827160358429,0.00,0.00,0.00,0.000000,11.8,,,,-0.045100,0.125696,0.572827
1776551006.669015,1187,12.0,track,foundationpose,,585,514,-0.045070,0.125714,0.572786,-0.001730,0.002569,-0.000245,0.006471494478823332,0.5727633237838745,0.00,0.00,0.00,0.000000,14.5,,,,-0.044990,0.125782,0.572763
1776551006.683736,1188,14.7,track,foundationpose,,585,513,-0.045074,0.125645,0.572787,-0.001604,0.001942,-0.000223,0.006525446477175915,0.5728000998497009,0.00,0.00,0.00,0.000000,12.3,,,,-0.044999,0.125273,0.572800
1776551006.696238,1189,12.5,track,foundationpose,,586,513,-0.044853,0.125636,0.572833,-0.000181,0.001744,0.000071,0.006465386444260799,0.5730112791061401,0.00,0.00,0.00,0.000000,13.2,,,,-0.043989,0.125516,0.573011
1776551006.709695,1190,13.5,track,foundationpose,,586,513,-0.044770,0.125557,0.572824,0.000325,0.001136,0.000010,0.00646480747837334,0.5727875232696533,0.00,0.00,0.00,0.000000,14.9,,,,-0.044464,0.125188,0.572788
1776551006.724780,1191,15.1,track,foundationpose,,585,513,-0.044837,0.125543,0.572793,-0.000099,0.000952,-0.000172,0.00653599954682461,0.5726858377456665,0.00,0.00,0.00,0.000000,12.3,,,,-0.045088,0.125434,0.572686
1776551006.737258,1192,12.5,track,foundationpose,,586,513,-0.044757,0.125499,0.572833,0.000380,0.000620,0.000076,0.006471137957763059,0.57298344373703,0.00,0.00,0.00,0.000000,15.8,,,,-0.044466,0.125297,0.572983
1776551006.753254,1193,16.0,track,foundationpose,,585,514,-0.044842,0.125549,0.572866,-0.000157,0.000860,0.000259,0.006579526169735312,0.572972297668457,0.00,0.00,0.00,0.000000,13.1,,,,-0.045156,0.125690,0.572972
1776551006.766595,1194,13.3,track,foundationpose,,585,514,-0.044905,0.125657,0.572924,-0.000514,0.001426,0.000585,0.006538825216420263,0.5731180906295776,0.00,0.00,0.00,0.000000,14.6,,,,-0.045117,0.125993,0.573118
1776551006.781422,1195,14.8,track,foundationpose,,585,513,-0.044951,0.125533,0.572881,-0.000737,0.000576,0.000276,0.006574632566058813,0.5726994276046753,0.00,0.00,0.00,0.000000,13.8,,,,-0.045082,0.125035,0.572699
1776551006.795459,1196,14.0,track,foundationpose,,586,513,-0.044794,0.125447,0.572880,0.000246,0.000022,0.000248,0.0065647388012717,0.5728631019592285,0.00,0.00,0.00,0.000000,14.4,,,,-0.044214,0.125121,0.572863
1776551006.810150,1197,14.7,track,foundationpose,,586,513,-0.044685,0.125325,0.572897,0.000859,-0.000694,0.000328,0.006585854693467248,0.5729434490203857,0.00,0.00,0.00,0.000000,204.8,,,,-0.044326,0.124906,0.572943
