timestamp,frame,dt_ms,mode,pipeline,run_tag,centroid_u,centroid_v,ekf_x,ekf_y,ekf_z,ekf_vx,ekf_vy,ekf_vz,ekf_uncertainty,depth_metric,servo_dx_mm,servo_dy_mm,servo_dz_mm,err_m,iter_time_ms,robot_x_mm,robot_y_mm,robot_z_mm,fp_raw_x,fp_raw_y,fp_raw_z
1776547787.286161,1,100.6,detect,ekf,,614,440,-0.013000,0.040000,0.350000,0.000000,0.000000,0.000000,0.4472135954999579,,0.00,0.00,0.00,0.000000,1997.1,,,,,,
1776547789.283608,2,1997.4,track,ekf,,607,374,-0.016637,0.007420,0.353676,-0.001776,-0.015910,0.001752,1.4471998554276795,,0.00,0.00,0.00,0.000000,962.2,,,,,,
1776547790.246027,3,962.4,track,ekf,,607,373,-0.020773,0.004869,0.433227,-0.002244,-0.008991,0.027302,1.0915415807322268,,0.00,0.00,0.00,0.000000,94.2,,,,,,
1776547790.340516,4,94.5,track,ekf,,607,373,-0.015922,0.007181,0.339740,0.000478,0.002250,-0.004667,0.27081762231054846,,0.00,0.00,0.00,0.000000,95.3,,,,,,
1776547790.436053,5,95.5,track,ekf,,607,373,-0.015885,0.006366,0.337200,-0.000165,-0.004033,-0.005521,0.2819915707154126,,0.00,0.00,0.00,0.000000,130.3,,,,,,
1776547790.566574,6,130.5,track,ekf,,607,373,-0.016192,0.006345,0.343396,-0.000061,-0.001855,-0.002840,0.22209556810909392,,0.00,0.00,0.00,0.000000,95.9,,,,,,
1776547790.662848,7,96.3,track,ekf,,607,373,-0.016250,0.006367,0.344616,0.000020,-0.000876,-0.002345,0.22753525377797693,,0.00,0.00,0.00,0.000000,97.1,,,,,,
1776547790.760295,8,97.4,track,ekf,,607,373,-0.016254,0.006383,0.344731,0.000071,-0.000362,-0.002248,0.23919920349567247,,0.00,0.00,0.00,0.000000,96.7,,,,,,
1776547790.857255,9,97.0,track,ekf,,607,373,-0.016245,0.006391,0.344566,0.000094,-0.000142,-0.002237,0.25249347207380196,,0.00,0.00,0.00,0.000000,98.6,,,,,,
1776547790.956049,10,98.8,track,ekf,,607,373,-0.016234,0.006392,0.344352,0.000103,-0.000061,-0.002236,0.26690506427950667,,0.00,0.00,0.00,0.000000,130.8,,,,,,
1776547791.087155,11,131.1,track,ekf,,607,373,-0.016220,0.006389,0.344059,0.000106,-0.000039,-0.002236,0.28709126921696043,,0.00,0.00,0.00,0.000000,94.2,,,,,,
1776547791.181628,12,94.5,track,ekf,,607,373,-0.016210,0.006386,0.343848,0.000106,-0.000037,-0.002236,0.3022873582080438,,0.00,0.00,0.00,0.000000,96.4,,,,,,
1776547791.278252,13,96.6,track,ekf,,607,373,-0.016200,0.006382,0.343632,0.000106,-0.000038,-0.002236,0.3183397010041878,,0.00,0.00,0.00,0.000000,95.8,,,,,,
1776547791.374320,14,96.1,track,ekf,,607,374,-0.016190,0.006784,0.343425,0.000107,0.002117,-0.002268,0.3347628615494247,,0.00,0.00,0.00,0.000000,96.6,,,,,,
1776547791.471285,15,97.0,track,ekf,,607,373,-0.016305,0.006532,0.345871,0.000042,-0.000530,-0.000879,0.3504093966099459,,0.00,0.00,0.00,0.000000,130.8,,,,,,
1776547791.602377,16,131.1,track,ekf,,607,374,-0.016392,0.006897,0.347702,-0.000001,0.001293,0.000010,0.3721216192637101,,0.00,0.00,0.00,0.000000,97.7,,,,,,
1776547791.700389,17,98.0,track,ekf,,607,373,-0.016498,0.006597,0.349964,-0.000053,-0.001204,0.001127,0.38896611175782436,,0.00,0.00,0.00,0.000000,97.5,,,,,,
1776547791.798217,18,97.8,track,ekf,,607,374,-0.016643,0.006968,0.353030,-0.000115,0.001114,0.002433,0.4050294781012252,,0.00,0.00,0.00,0.000000,98.0,,,,,,
1776547791.896450,19,98.2,track,ekf,,607,374,-0.016657,0.007069,0.353333,-0.000116,0.001061,0.002462,0.4217908886725394,,0.00,0.00,0.00,0.000000,98.4,,,,,,
1776547791.995052,20,98.6,track,ekf,,605,374,-0.017507,0.007090,0.353636,-0.004464,0.000620,0.002310,0.4405334283989075,,0.00,0.00,0.00,0.000000,128.4,,,,,,
1776547792.123668,21,128.6,track,ekf,,605,374,-0.017962,0.007177,0.358203,-0.003080,0.000299,0.004177,0.45482762177826447,,0.00,0.00,0.00,0.000000,97.8,,,,,,
1776547792.221709,22,98.0,track,ekf,,605,374,-0.017917,0.007150,0.357212,-0.001577,0.000139,0.003709,0.47261762614277025,,0.00,0.00,0.00,0.000000,95.4,,,,,,
1776547792.317471,23,95.8,track,ekf,,605,374,-0.017851,0.007129,0.356364,-0.000721,0.000079,0.003288,0.4890640718094696,,0.00,0.00,0.00,0.000000,95.2,,,,,,
1776547792.412949,24,95.5,track,ekf,,604,374,-0.018349,0.007167,0.358302,-0.002582,0.000075,0.003810,0.5070693125341175,,0.00,0.00,0.00,0.000000,96.3,,,,,,
1776547792.509537,25,96.6,track,ekf,,605,374,-0.018328,0.007280,0.364002,0.000133,0.000114,0.005979,0.523046405066933,,0.00,0.00,0.00,0.000000,129.6,,,,,,
1776547792.639393,26,129.9,track,ekf,,596,367,-0.024269,0.004909,0.403527,-0.018650,-0.013989,0.019437,0.5443603008305808,,0.00,0.00,0.00,0.000000,99.6,,,,,,
1776547792.739264,27,99.9,track,ekf,,560,358,-0.001618,-0.007443,0.050000,-0.053347,-0.007031,-0.219526,0.3386711410279789,,0.00,0.00,0.00,0.000000,100.4,,,,,,
1776547792.839897,28,100.6,track,ekf,,528,339,-0.012256,-0.006483,0.080539,-0.071888,-0.000816,-0.210398,0.03919993210833069,,0.00,0.00,0.00,0.000000,98.2,,,,,,
1776547792.938289,29,98.4,track,ekf,,572,377,-0.013846,-0.001319,0.084474,-0.033173,0.039561,-0.059309,0.02401539778151388,,0.00,0.00,0.00,0.000000,98.5,,,,,,
1776547793.037019,30,98.7,track,ekf,,554,352,-0.008722,-0.000979,0.073923,0.006257,0.011485,-0.030832,0.020799301508285142,,0.00,0.00,0.00,0.000000,129.4,,,,,,
1776547793.166704,31,129.7,detect,ekf,,619,536,-0.002907,0.017492,0.076594,0.040476,0.100157,-0.033581,0.028716958813867263,,0.00,0.00,0.00,0.000000,258.2,,,,,,
1776547793.425126,32,258.4,track,ekf,,620,535,0.002268,0.041120,0.105707,0.029977,0.092564,0.037962,0.020953790641112732,,0.00,0.00,0.00,0.000000,97.5,,,,,,
1776547793.522828,33,97.7,track,ekf,,620,535,-0.004381,0.014491,0.080816,-0.021853,-0.048325,0.037199,0.020980929015979366,,0.00,0.00,0.00,0.000000,99.1,,,,,,
1776547793.622174,34,99.3,track,ekf,,620,535,-0.004401,0.023961,0.109816,-0.015117,-0.010147,0.096272,0.015837388570254515,,0.00,0.00,0.00,0.000000,98.5,,,,,,
1776547793.721095,35,98.9,track,ekf,,620,535,-0.002853,0.027271,0.106837,0.001908,0.028671,0.070913,0.0178013662285656,,0.00,0.00,0.00,0.000000,131.3,,,,,,
1776547793.852618,36,131.5,track,ekf,,620,535,-0.003360,0.029737,0.118631,-0.001611,0.020841,0.077023,0.024565697636138688,,0.00,0.00,0.00,0.000000,98.5,,,,,,
1776547793.951450,37,98.8,track,ekf,,620,535,-0.003599,0.031530,0.126089,-0.002142,0.019382,0.076953,0.03073614604518263,,0.00,0.00,0.00,0.000000,98.8,,,,,,
1776547794.050752,38,99.3,track,ekf,,620,535,-0.003821,0.033434,0.133733,-0.002193,0.019260,0.076977,0.037886738743182116,,0.00,0.00,0.00,0.000000,97.2,,,,,,
1776547794.148176,39,97.4,track,ekf,,620,535,-0.004035,0.035308,0.141233,-0.002199,0.019247,0.076980,0.045445681496344835,,0.00,0.00,0.00,0.000000,96.4,,,,,,
1776547794.244837,40,96.7,track,ekf,,620,535,-0.004248,0.037168,0.148674,-0.002200,0.019245,0.076981,0.05342053090103893,,0.00,0.00,0.00,0.000000,127.1,,,,,,
1776547794.372148,41,127.3,track,ekf,,620,535,-0.004528,0.039619,0.158474,-0.002199,0.019245,0.076981,0.06457860429731219,,0.00,0.00,0.00,0.000000,96.6,,,,,,
1776547794.469032,42,96.9,track,ekf,,620,535,-0.004741,0.041483,0.165932,-0.002199,0.019245,0.076981,0.07351937417475353,,0.00,0.00,0.00,0.000000,98.8,,,,,,
1776547794.568147,43,99.1,track,ekf,,620,535,-0.004959,0.043391,0.173562,-0.002199,0.019245,0.076981,0.08306698314182798,,0.00,0.00,0.00,0.000000,97.0,,,,,,
1776547794.665423,44,97.3,track,ekf,,620,535,-0.005173,0.045263,0.181051,-0.002199,0.019245,0.076981,0.09281106043362387,,0.00,0.00,0.00,0.000000,97.2,,,,,,
1776547794.762814,45,97.4,track,ekf,,620,535,-0.005387,0.047137,0.188548,-0.002199,0.019245,0.076981,0.10292243660773323,,0.00,0.00,0.00,0.000000,130.0,,,,,,
1776547794.893119,46,130.3,track,ekf,,620,535,-0.005674,0.049645,0.198579,-0.002199,0.019245,0.076981,0.11697966427727605,,0.00,0.00,0.00,0.000000,97.3,,,,,,
1776547794.990757,47,97.6,track,ekf,,620,535,-0.005888,0.051524,0.206095,-0.002199,0.019245,0.076981,0.1278838939581023,,0.00,0.00,0.00,0.000000,98.8,,,,,,
1776547795.089880,48,99.1,track,ekf,,620,535,-0.006106,0.053431,0.213726,-0.002199,0.019245,0.076981,0.13928195796460063,,0.00,0.00,0.00,0.000000,98.2,,,,,,
1776547795.188305,49,98.4,track,ekf,,620,535,-0.006323,0.055326,0.221302,-0.002199,0.019245,0.076981,0.1509157155170239,,0.00,0.00,0.00,0.000000,94.1,,,,,,
1776547795.282912,50,94.6,track,ekf,,620,535,-0.006531,0.057146,0.228585,-0.002199,0.019245,0.076981,0.1623868756649714,,0.00,0.00,0.00,0.000000,126.2,,,,,,
1776547795.409446,51,126.5,track,ekf,,620,535,-0.006809,0.059581,0.238326,-0.002199,0.019245,0.076981,0.17815827922758823,,0.00,0.00,0.00,0.000000,97.1,,,,,,
1776547795.506801,52,97.4,track,ekf,,620,535,-0.007023,0.061455,0.245820,-0.002199,0.019245,0.076981,0.19061003260592654,,0.00,0.00,0.00,0.000000,97.9,,,,,,
1776547795.605134,53,98.3,track,ekf,,620,535,-0.007240,0.063348,0.253390,-0.002199,0.019245,0.076981,0.20346874929970274,,0.00,0.00,0.00,0.000000,96.7,,,,,,
1776547795.702096,54,97.0,track,ekf,,620,535,-0.007453,0.065214,0.260854,-0.002199,0.019245,0.076981,0.21641873444006327,,0.00,0.00,0.00,0.000000,99.2,,,,,,
1776547795.801522,55,99.4,track,ekf,,620,535,-0.007672,0.067127,0.268508,-0.002199,0.019245,0.076981,0.2299707738460837,,0.00,0.00,0.00,0.000000,127.8,,,,,,
1776547795.929631,56,128.1,track,ekf,,620,535,-0.007953,0.069593,0.278370,-0.002199,0.019245,0.076981,0.24782874641504207,,0.00,0.00,0.00,0.000000,98.0,,,,,,
1776547796.027930,57,98.3,track,ekf,,620,535,-0.008170,0.071484,0.285937,-0.002199,0.019245,0.076981,0.2618220008399269,,0.00,0.00,0.00,0.000000,98.0,,,,,,
1776547796.126257,58,98.3,track,ekf,,620,535,-0.008386,0.073377,0.293506,-0.002199,0.019245,0.076981,0.27607352068861135,,0.00,0.00,0.00,0.000000,99.2,,,,,,
1776547796.225867,59,99.6,track,ekf,,620,535,-0.008605,0.075294,0.301174,-0.002199,0.019245,0.076981,0.2907650353525096,,0.00,0.00,0.00,0.000000,94.8,,,,,,
1776547796.321017,60,95.2,track,ekf,,620,535,-0.008814,0.077125,0.308499,-0.002199,0.019245,0.076981,0.30503315659598557,,0.00,0.00,0.00,0.000000,126.8,,,,,,
1776547796.448061,61,127.0,detect,ekf,,620,535,-0.009094,0.079570,0.318279,-0.002199,0.019245,0.076981,0.3244348223178419,,0.00,0.00,0.00,0.000000,260.7,,,,,,
1776547796.708961,62,260.9,track,ekf,,620,535,-0.009668,0.084591,0.338363,-0.002199,0.019245,0.076981,0.3654526622672057,,0.00,0.00,0.00,0.000000,97.8,,,,,,
1776547796.806980,63,98.0,track,ekf,,620,535,-0.009883,0.086477,0.345909,-0.002199,0.019245,0.076981,0.3812386620176594,,0.00,0.00,0.00,0.000000,97.7,,,,,,
1776547796.904941,64,98.0,track,ekf,,620,535,-0.010099,0.088362,0.353450,-0.002199,0.019245,0.076981,0.39724319890280774,,0.00,0.00,0.00,0.000000,97.0,,,,,,
1776547797.002210,65,97.3,track,ekf,,620,535,-0.010313,0.090234,0.360938,-0.002199,0.019245,0.076981,0.41335502979591926,,0.00,0.00,0.00,0.000000,128.7,,,,,,
1776547797.131171,66,129.0,track,ekf,,620,535,-0.010596,0.092716,0.370865,-0.002199,0.019245,0.076981,0.4350493236645454,,0.00,0.00,0.00,0.000000,96.3,,,,,,
1776547797.227909,67,96.7,track,ekf,,620,535,-0.010809,0.094578,0.378312,-0.002199,0.019245,0.076981,0.4515629584636791,,0.00,0.00,0.00,0.000000,93.9,,,,,,
1776547797.322092,68,94.2,track,ekf,,620,535,-0.011016,0.096391,0.385563,-0.002199,0.019245,0.076981,0.4678406751618513,,0.00,0.00,0.00,0.000000,94.8,,,,,,
1776547797.417191,69,95.1,track,ekf,,620,535,-0.011225,0.098221,0.392883,-0.002199,0.019245,0.076981,0.48447377001843905,,0.00,0.00,0.00,0.000000,96.7,,,,,,
1776547797.514187,70,97.0,track,ekf,,620,535,-0.011439,0.100088,0.400350,-0.002199,0.019245,0.076981,0.5016399375355217,,0.00,0.00,0.00,0.000000,130.4,,,,,,
1776547797.644860,71,130.7,track,ekf,,620,535,-0.011726,0.102602,0.410409,-0.002199,0.019245,0.076981,0.5250827481637882,,0.00,0.00,0.00,0.000000,97.2,,,,,,
1776547797.742323,72,97.5,track,ekf,,620,535,-0.011940,0.104478,0.417912,-0.002199,0.019245,0.076981,0.5427958504865307,,0.00,0.00,0.00,0.000000,97.2,,,,,,
1776547797.839862,73,97.5,track,ekf,,620,535,-0.012155,0.106355,0.425421,-0.002199,0.019245,0.076981,0.5607209889080029,,0.00,0.00,0.00,0.000000,98.5,,,,,,
1776547797.938710,74,98.8,track,ekf,,620,535,-0.012372,0.108258,0.433030,-0.002199,0.019245,0.076981,0.5790857090631856,,0.00,0.00,0.00,0.000000,98.0,,,,,,
1776547798.037062,75,98.4,track,ekf,,620,535,-0.012589,0.110150,0.440601,-0.002199,0.019245,0.076981,0.5975544379330472,,0.00,0.00,0.00,0.000000,130.8,,,,,,
1776547798.168077,76,131.0,track,ekf,,620,535,-0.012877,0.112672,0.450687,-0.002199,0.019245,0.076981,0.6224577238355767,,0.00,0.00,0.00,0.000000,95.6,,,,,,
1776547798.263959,77,95.9,track,ekf,,620,535,-0.013088,0.114517,0.458068,-0.002199,0.019245,0.076981,0.6408932450705085,,0.00,0.00,0.00,0.000000,94.1,,,,,,
1776547798.358418,78,94.5,track,ekf,,620,535,-0.013295,0.116335,0.465339,-0.002199,0.019245,0.076981,0.6592320841578141,,0.00,0.00,0.00,0.000000,93.8,,,,,,
1776547798.452524,79,94.1,track,ekf,,620,535,-0.013502,0.118146,0.472584,-0.002199,0.019245,0.076981,0.6776747339606904,,0.00,0.00,0.00,0.000000,98.4,,,,,,
1776547798.551281,80,98.8,track,ekf,,620,535,-0.013720,0.120047,0.480186,-0.002199,0.019245,0.076981,0.6972119364183491,,0.00,0.00,0.00,0.000000,129.1,,,,,,
1776547798.680632,81,129.4,track,ekf,,620,535,-0.014004,0.122536,0.490144,-0.002199,0.019245,0.076981,0.7230813825356444,,0.00,0.00,0.00,0.000000,95.8,,,,,,
1776547798.776744,82,96.1,track,ekf,,620,535,-0.014216,0.124386,0.497543,-0.002199,0.019245,0.076981,0.7425022867574664,,0.00,0.00,0.00,0.000000,97.0,,,,,,
1776547798.874038,83,97.3,track,ekf,,620,535,-0.014429,0.126258,0.505032,-0.002199,0.019245,0.076981,0.7623384534796264,,0.00,0.00,0.00,0.000000,99.8,,,,,,
1776547798.974066,84,100.0,track,ekf,,620,535,-0.014649,0.128183,0.512732,-0.002199,0.019245,0.076981,0.7829136001457075,,0.00,0.00,0.00,0.000000,97.8,,,,,,
1776547799.072220,85,98.2,track,ekf,,620,535,-0.014865,0.130072,0.520288,-0.002199,0.019245,0.076981,0.80328068101894,,0.00,0.00,0.00,0.000000,130.4,,,,,,
1776547799.202819,86,130.6,track,ekf,,620,535,-0.015153,0.132586,0.530342,-0.002199,0.019245,0.076981,0.8306506496670438,,0.00,0.00,0.00,0.000000,93.8,,,,,,
1776547799.296899,87,94.1,track,ekf,,620,535,-0.015360,0.134396,0.537584,-0.002199,0.019245,0.076981,0.8505521669611845,,0.00,0.00,0.00,0.000000,94.4,,,,,,
1776547799.391636,88,94.7,track,ekf,,620,535,-0.015568,0.136219,0.544877,-0.002199,0.019245,0.076981,0.8707528940844281,,0.00,0.00,0.00,0.000000,96.0,,,,,,
1776547799.487835,89,96.2,track,ekf,,620,535,-0.015780,0.138071,0.552283,-0.002199,0.019245,0.076981,0.8914273197667087,,0.00,0.00,0.00,0.000000,96.9,,,,,,
1776547799.584991,90,97.2,track,ekf,,620,535,-0.015993,0.139940,0.559762,-0.002199,0.019245,0.076981,0.9124713834942765,,0.00,0.00,0.00,0.000000,127.8,,,,,,
1776547799.713020,91,128.0,detect,ekf,,620,535,-0.016275,0.142404,0.569618,-0.002199,0.019245,0.076981,0.9404526409790829,,0.00,0.00,0.00,0.000000,259.5,,,,,,
1776547799.972731,92,259.7,track,ekf,,620,535,-0.016846,0.147403,0.589610,-0.002199,0.019245,0.076981,0.998055514825644,,0.00,0.00,0.00,0.000000,96.9,,,,,,
1776547800.069975,93,97.2,track,ekf,,620,535,-0.017060,0.149274,0.597096,-0.002199,0.019245,0.076981,1.0198974143112036,,0.00,0.00,0.00,0.000000,97.1,,,,,,
1776547800.167309,94,97.3,track,ekf,,620,535,-0.017274,0.151147,0.604589,-0.002199,0.019245,0.076981,1.0419218843055533,,0.00,0.00,0.00,0.000000,94.4,,,,,,
1776547800.261963,95,94.7,track,ekf,,620,535,-0.017482,0.152969,0.611876,-0.002199,0.019245,0.076981,1.063491017369944,,0.00,0.00,0.00,0.000000,125.1,,,,,,
1776547800.387378,96,125.4,track,ekf,,620,535,-0.017758,0.155383,0.621530,-0.002199,0.019245,0.076981,1.0922991118789593,,0.00,0.00,0.00,0.000000,95.1,,,,,,
1776547800.482835,97,95.5,track,ekf,,620,535,-0.017968,0.157220,0.628878,-0.002199,0.019245,0.076981,1.1143948814294882,,0.00,0.00,0.00,0.000000,96.0,,,,,,
1776547800.579109,98,96.3,track,ekf,,620,535,-0.018180,0.159072,0.636290,-0.002199,0.019245,0.076981,1.1368310748678145,,0.00,0.00,0.00,0.000000,98.0,,,,,,
1776547800.677536,99,98.4,track,ekf,,620,535,-0.018396,0.160967,0.643867,-0.002199,0.019245,0.076981,1.1599240425701909,,0.00,0.00,0.00,0.000000,97.7,,,,,,
1776547800.775518,100,98.0,track,ekf,,620,535,-0.018612,0.162852,0.651409,-0.002199,0.019245,0.076981,1.183066585162461,,0.00,0.00,0.00,0.000000,126.4,,,,,,
1776547800.902166,101,126.6,track,ekf,,620,535,-0.018890,0.165290,0.661159,-0.002199,0.019245,0.076981,1.2132071740884185,,0.00,0.00,0.00,0.000000,95.4,,,,,,
1776547800.997778,102,95.6,track,ekf,,620,535,-0.019101,0.167130,0.668519,-0.002199,0.019245,0.076981,1.236125716573364,,0.00,0.00,0.00,0.000000,93.3,,,,,,
1776547801.091282,103,93.5,track,ekf,,620,535,-0.019306,0.168929,0.675717,-0.002199,0.019245,0.076981,1.258679052063705,,0.00,0.00,0.00,0.000000,93.3,,,,,,
1776547801.184872,104,93.6,track,ekf,,620,535,-0.019512,0.170730,0.682922,-0.002199,0.019245,0.076981,1.281389701129116,,0.00,0.00,0.00,0.000000,91.7,,,,,,
1776547801.276844,105,92.0,track,ekf,,620,535,-0.019714,0.172500,0.690002,-0.002199,0.019245,0.076981,1.3038398326364276,,0.00,0.00,0.00,0.000000,127.4,,,,,,
1776547801.404583,106,127.7,track,ekf,,620,535,-0.019995,0.174959,0.699835,-0.002199,0.019245,0.076981,1.3352384475674892,,0.00,0.00,0.00,0.000000,94.3,,,,,,
1776547801.499181,107,94.6,track,ekf,,620,535,-0.020203,0.176779,0.707117,-0.002199,0.019245,0.076981,1.358647947400722,,0.00,0.00,0.00,0.000000,97.1,,,,,,
1776547801.596644,108,97.5,track,ekf,,620,535,-0.020418,0.178655,0.714620,-0.002199,0.019245,0.076981,1.3829099183776978,,0.00,0.00,0.00,0.000000,96.5,,,,,,
1776547801.693394,109,96.8,track,ekf,,620,535,-0.020631,0.180517,0.722068,-0.002199,0.019245,0.076981,1.4071360720418784,,0.00,0.00,0.00,0.000000,99.3,,,,,,
1776547801.792996,110,99.6,track,ekf,,620,535,-0.020850,0.182434,0.729735,-0.002199,0.019245,0.076981,1.4322231815863469,,0.00,0.00,0.00,0.000000,128.5,,,,,,
1776547801.921802,111,128.8,track,ekf,,620,535,-0.021133,0.184913,0.739651,-0.002199,0.019245,0.076981,1.4648859286144016,,0.00,0.00,0.00,0.000000,96.7,,,,,,
1776547802.018788,112,97.0,track,ekf,,620,535,-0.021346,0.186779,0.747117,-0.002199,0.019245,0.076981,1.4896383177110761,,0.00,0.00,0.00,0.000000,96.8,,,,,,
1776547802.115904,113,97.1,track,ekf,,620,535,-0.021560,0.188648,0.754593,-0.002199,0.019245,0.076981,1.514563736276502,,0.00,0.00,0.00,0.000000,98.3,,,,,,
1776547802.214389,114,98.5,track,ekf,,620,535,-0.021776,0.190544,0.762175,-0.002199,0.019245,0.076981,1.5399817961136677,,0.00,0.00,0.00,0.000000,93.7,,,,,,
1776547802.308352,115,94.0,track,ekf,,620,535,-0.021983,0.192352,0.769408,-0.002199,0.019245,0.076981,1.5643636136827104,,0.00,0.00,0.00,0.000000,126.5,,,,,,
1776547802.435179,116,126.8,track,ekf,,620,535,-0.022262,0.194793,0.779171,-0.002199,0.019245,0.076981,1.5974776457150208,,0.00,0.00,0.00,0.000000,96.4,,,,,,
1776547802.531986,117,96.8,track,ekf,,620,535,-0.022475,0.196656,0.786623,-0.002199,0.019245,0.076981,1.6229057675752745,,0.00,0.00,0.00,0.000000,98.8,,,,,,
1776547802.631000,118,99.0,track,ekf,,620,535,-0.022693,0.198561,0.794245,-0.002199,0.019245,0.076981,1.649053251966889,,0.00,0.00,0.00,0.000000,96.4,,,,,,
1776547802.727600,119,96.6,track,ekf,,620,535,-0.022905,0.200420,0.801682,-0.002199,0.019245,0.076981,1.6746975090169618,,0.00,0.00,0.00,0.000000,96.5,,,,,,
1776547802.824462,120,96.9,track,ekf,,620,535,-0.023118,0.202285,0.809138,-0.002199,0.019245,0.076981,1.7005439057604828,,0.00,0.00,0.00,0.000000,128.1,,,,,,
1776547802.952857,121,128.4,detect,ekf,,620,535,-0.023401,0.204756,0.819022,-0.002199,0.019245,0.076981,1.7350090253089947,,0.00,0.00,0.00,0.000000,261.9,,,,,,
1776547803.214963,122,262.1,track,ekf,,620,535,-0.023977,0.209800,0.839199,-0.002199,0.019245,0.076981,1.806069426058823,,0.00,0.00,0.00,0.000000,94.6,,,,,,
1776547803.309989,123,95.0,track,ekf,,620,535,-0.024186,0.211629,0.846514,-0.002199,0.019245,0.076981,1.8320520717752458,,0.00,0.00,0.00,0.000000,95.2,,,,,,
1776547803.405552,124,95.6,track,ekf,,620,535,-0.024396,0.213468,0.853871,-0.002199,0.019245,0.076981,1.8583115384198596,,0.00,0.00,0.00,0.000000,96.7,,,,,,
1776547803.502482,125,96.9,track,ekf,,620,535,-0.024610,0.215333,0.861333,-0.002199,0.019245,0.076981,1.8850746099534774,,0.00,0.00,0.00,0.000000,126.6,,,,,,
1776547803.629364,126,126.9,track,ekf,,620,535,-0.024889,0.217775,0.871100,-0.002199,0.019245,0.076981,1.920301808081963,,0.00,0.00,0.00,0.000000,97.9,,,,,,
1776547803.727686,127,98.3,track,ekf,,620,535,-0.025105,0.219667,0.878669,-0.002199,0.019245,0.076981,1.9477466533033956,,0.00,0.00,0.00,0.000000,96.7,,,,,,
1776547803.824708,128,97.0,track,ekf,,620,535,-0.025318,0.221534,0.886138,-0.002199,0.019245,0.076981,1.9749570321241792,,0.00,0.00,0.00,0.000000,97.2,,,,,,
1776547803.922248,129,97.5,track,ekf,,620,535,-0.025533,0.223412,0.893646,-0.002199,0.019245,0.076981,2.002439873385451,,0.00,0.00,0.00,0.000000,97.9,,,,,,
1776547804.020323,130,98.1,track,ekf,,620,535,-0.025748,0.225299,0.901196,-0.002199,0.019245,0.076981,2.0302016613957115,,0.00,0.00,0.00,0.000000,127.0,,,,,,
1776547804.147599,131,127.3,track,ekf,,620,535,-0.026028,0.227749,0.910994,-0.002199,0.019245,0.076981,2.0664206746195983,,0.00,0.00,0.00,0.000000,95.8,,,,,,
1776547804.243599,132,96.0,track,ekf,,620,535,-0.026240,0.229596,0.918384,-0.002199,0.019245,0.076981,2.0938778406532914,,0.00,0.00,0.00,0.000000,94.0,,,,,,
1776547804.337900,133,94.3,track,ekf,,620,535,-0.026447,0.231411,0.925644,-0.002199,0.019245,0.076981,2.1209677477426867,,0.00,0.00,0.00,0.000000,97.3,,,,,,
1776547804.435550,134,97.7,track,ekf,,620,535,-0.026662,0.233290,0.933161,-0.002199,0.019245,0.076981,2.1491429709135828,,0.00,0.00,0.00,0.000000,96.3,,,,,,
1776547804.532220,135,96.7,track,ekf,,620,535,-0.026874,0.235151,0.940603,-0.002199,0.019245,0.076981,2.1771574512722545,,0.00,0.00,0.00,0.000000,127.5,,,,,,
1776547804.660024,136,127.8,track,ekf,,620,535,-0.027155,0.237610,0.950441,-0.002199,0.019245,0.076981,2.2143816186206897,,0.00,0.00,0.00,0.000000,98.6,,,,,,
1776547804.761120,137,101.1,track,ekf,,620,535,-0.027378,0.239556,0.958223,-0.002199,0.019245,0.076981,2.243972840434753,,0.00,0.00,0.00,0.000000,97.0,,,,,,
1776547804.858322,138,97.2,track,ekf,,620,535,-0.027592,0.241427,0.965706,-0.002199,0.019245,0.076981,2.2725482795345022,,0.00,0.00,0.00,0.000000,97.3,,,,,,
1776547804.955879,139,97.6,track,ekf,,620,535,-0.027806,0.243304,0.973216,-0.002199,0.019245,0.076981,2.3013499970604965,,0.00,0.00,0.00,0.000000,97.4,,,,,,
1776547805.053512,140,97.6,track,ekf,,620,535,-0.028021,0.245183,0.980732,-0.002199,0.019245,0.076981,2.3302952962088255,,0.00,0.00,0.00,0.000000,131.5,,,,,,
1776547805.185243,141,131.7,track,ekf,,620,535,-0.028311,0.247718,0.990873,-0.002199,0.019245,0.076981,2.369542507832899,,0.00,0.00,0.00,0.000000,95.9,,,,,,
1776547805.281321,142,96.1,track,ekf,,620,535,-0.028522,0.249567,0.998269,-0.002199,0.019245,0.076981,2.3983016880708816,,0.00,0.00,0.00,0.000000,95.1,,,,,,
1776547805.376846,143,95.5,track,ekf,,620,535,-0.028732,0.251406,1.005622,-0.002199,0.019245,0.076981,2.427011284294129,,0.00,0.00,0.00,0.000000,94.7,,,,,,
1776547805.471916,144,95.1,track,ekf,,620,535,-0.028941,0.253235,1.012941,-0.002199,0.019245,0.076981,2.455697680039297,,0.00,0.00,0.00,0.000000,99.7,,,,,,
1776547805.571962,145,100.0,track,ekf,,620,535,-0.029161,0.255161,1.020642,-0.002199,0.019245,0.076981,2.4860073329304155,,0.00,0.00,0.00,0.000000,129.9,,,,,,
1776547805.702160,146,130.2,track,ekf,,620,535,-0.029448,0.257666,1.030665,-0.002199,0.019245,0.076981,2.5256385041603204,,0.00,0.00,0.00,0.000000,95.8,,,,,,
1776547805.798246,147,96.1,track,ekf,,620,535,-0.029659,0.259515,1.038062,-0.002199,0.019245,0.076981,2.5550166690039275,,0.00,0.00,0.00,0.000000,98.9,,,,,,
1776547805.897471,148,99.2,track,ekf,,620,535,-0.029877,0.261425,1.045700,-0.002199,0.019245,0.076981,2.5854750269605495,,0.00,0.00,0.00,0.000000,99.6,,,,,,
1776547805.997321,149,99.8,track,ekf,,620,535,-0.030097,0.263347,1.053387,-0.002199,0.019245,0.076981,2.6162469003842626,,0.00,0.00,0.00,0.000000,98.1,,,,,,
1776547806.095788,150,98.5,track,ekf,,620,535,-0.030313,0.265242,1.060967,-0.002199,0.019245,0.076981,2.646711342221585,,0.00,0.00,0.00,0.000000,130.9,,,,,,
1776547806.227018,151,131.2,detect,ekf,,620,535,-0.030602,0.267767,1.071069,-0.002199,0.019245,0.076981,2.687496463285458,,0.00,0.00,0.00,0.000000,263.6,,,,,,
1776547806.490813,152,263.8,track,ekf,,620,535,-0.031182,0.272844,1.091376,-0.002199,0.019245,0.076981,2.7701037167473457,,0.00,0.00,0.00,0.000000,97.4,,,,,,
1776547806.588559,153,97.7,track,ekf,,620,535,-0.031397,0.274725,1.098901,-0.002199,0.019245,0.076981,2.8009112549307917,,0.00,0.00,0.00,0.000000,98.3,,,,,,
1776547806.687066,154,98.5,track,ekf,,620,535,-0.031614,0.276621,1.106484,-0.002199,0.019245,0.076981,2.832078818190611,,0.00,0.00,0.00,0.000000,97.7,,,,,,
1776547806.785088,155,98.0,track,ekf,,620,535,-0.031829,0.278507,1.114030,-0.002199,0.019245,0.076981,2.863207788774857,,0.00,0.00,0.00,0.000000,127.8,,,,,,
1776547806.913179,156,128.1,track,ekf,,620,535,-0.032111,0.280973,1.123890,-0.002199,0.019245,0.076981,2.904058434469268,,0.00,0.00,0.00,0.000000,96.9,,,,,,
1776547807.010499,157,97.3,track,ekf,,620,535,-0.032325,0.282845,1.131382,-0.002199,0.019245,0.076981,2.935221573973396,,0.00,0.00,0.00,0.000000,97.0,,,,,,
1776547807.107838,158,97.3,track,ekf,,620,535,-0.032539,0.284719,1.138875,-0.002199,0.019245,0.076981,2.9665032536284803,,0.00,0.00,0.00,0.000000,92.9,,,,,,
1776547807.201118,159,93.3,track,ekf,,620,535,-0.032744,0.286514,1.146056,-0.002199,0.019245,0.076981,2.996584352999966,,0.00,0.00,0.00,0.000000,89.9,,,,,,
1776547807.291409,160,90.3,track,ekf,,620,535,-0.032943,0.288252,1.153007,-0.002199,0.019245,0.076981,3.0257982433631114,,0.00,0.00,0.00,0.000000,121.7,,,,,,
1776547807.413378,161,122.0,track,ekf,,620,535,-0.033211,0.290599,1.162396,-0.002199,0.019245,0.076981,3.065413876435031,,0.00,0.00,0.00,0.000000,92.6,,,,,,
1776547807.506583,162,93.2,track,ekf,,620,535,-0.033416,0.292393,1.169571,-0.002199,0.019245,0.076981,3.095799788189925,,0.00,0.00,0.00,0.000000,94.6,,,,,,
1776547807.601439,163,94.9,track,ekf,,620,535,-0.033625,0.294218,1.176873,-0.002199,0.019245,0.076981,3.126827967262694,,0.00,0.00,0.00,0.000000,94.5,,,,,,
1776547807.696129,164,94.7,track,ekf,,620,535,-0.033833,0.296041,1.184162,-0.002199,0.019245,0.076981,3.157904926490046,,0.00,0.00,0.00,0.000000,92.5,,,,,,
1776547807.788928,165,92.8,track,ekf,,620,535,-0.034037,0.297826,1.191306,-0.002199,0.019245,0.076981,3.1884608528984955,,0.00,0.00,0.00,0.000000,125.2,,,,,,
1776547807.914388,166,125.5,track,ekf,,620,535,-0.034313,0.300241,1.200964,-0.002199,0.019245,0.076981,3.2299289084268383,,0.00,0.00,0.00,0.000000,92.6,,,,,,
1776547808.007190,167,92.8,track,ekf,,620,535,-0.034517,0.302027,1.208108,-0.002199,0.019245,0.076981,3.2607144662932863,,0.00,0.00,0.00,0.000000,95.2,,,,,,
1776547808.102589,168,95.4,track,ekf,,620,535,-0.034727,0.303863,1.215452,-0.002199,0.019245,0.076981,3.29246440500923,,0.00,0.00,0.00,0.000000,92.6,,,,,,
1776547808.195417,169,92.8,track,ekf,,620,535,-0.034931,0.305649,1.222598,-0.002199,0.019245,0.076981,3.323457474282602,,0.00,0.00,0.00,0.000000,89.9,,,,,,
1776547808.285573,170,90.2,track,ekf,,620,535,-0.035130,0.307384,1.229538,-0.002199,0.019245,0.076981,3.3536508917376566,,0.00,0.00,0.00,0.000000,119.4,,,,,,
1776547808.405215,171,119.6,track,ekf,,620,535,-0.035393,0.309687,1.238748,-0.002199,0.019245,0.076981,3.393861871910321,,0.00,0.00,0.00,0.000000,90.0,,,,,,
1776547808.495395,172,90.2,track,ekf,,620,535,-0.035591,0.311423,1.245690,-0.002199,0.019245,0.076981,3.4242739563933995,,0.00,0.00,0.00,0.000000,91.6,,,,,,
1776547808.587222,173,91.8,track,ekf,,620,535,-0.035793,0.313190,1.252759,-0.002199,0.019245,0.076981,3.455335226315506,,0.00,0.00,0.00,0.000000,92.7,,,,,,
1776547808.680163,174,92.9,track,ekf,,620,535,-0.035998,0.314978,1.259914,-0.002199,0.019245,0.076981,3.486869306504027,,0.00,0.00,0.00,0.000000,95.5,,,,,,
1776547808.775919,175,95.8,track,ekf,,620,535,-0.036208,0.316821,1.267285,-0.002199,0.019245,0.076981,3.5194583921288274,,0.00,0.00,0.00,0.000000,129.6,,,,,,
1776547808.905765,176,129.8,track,ekf,,620,535,-0.036494,0.319320,1.277281,-0.002199,0.019245,0.076981,3.5638126870588076,,0.00,0.00,0.00,0.000000,90.7,,,,,,
1776547808.996794,177,91.0,track,ekf,,620,535,-0.036694,0.321072,1.284288,-0.002199,0.019245,0.076981,3.5950141506058895,,0.00,0.00,0.00,0.000000,92.8,,,,,,
1776547809.089905,178,93.1,track,ekf,,620,535,-0.036899,0.322864,1.291456,-0.002199,0.019245,0.076981,3.627024894584502,,0.00,0.00,0.00,0.000000,98.3,,,,,,
1776547809.188534,179,98.6,track,ekf,,620,535,-0.037116,0.324762,1.299048,-0.002199,0.019245,0.076981,3.6610363789572835,,0.00,0.00,0.00,0.000000,94.4,,,,,,
1776547809.283120,180,94.6,track,ekf,,620,535,-0.037324,0.326582,1.306330,-0.002199,0.019245,0.076981,3.693752532887663,,0.00,0.00,0.00,0.000000,119.0,,,,,,
1776547809.402429,181,119.3,detect,ekf,,620,535,-0.037586,0.328879,1.315514,-0.002199,0.019245,0.076981,3.735160075104603,,0.00,0.00,0.00,0.000000,254.5,,,,,,
1776547809.657260,182,254.8,track,ekf,,620,535,-0.038147,0.333783,1.335131,-0.002199,0.019245,0.076981,3.8241156638429703,,0.00,0.00,0.00,0.000000,91.5,,,,,,
1776547809.749032,183,91.8,track,ekf,,620,535,-0.038348,0.335549,1.342196,-0.002199,0.019245,0.076981,3.856310423780827,,0.00,0.00,0.00,0.000000,91.9,,,,,,
1776547809.841247,184,92.2,track,ekf,,620,535,-0.038551,0.337324,1.349295,-0.002199,0.019245,0.076981,3.888756032945892,,0.00,0.00,0.00,0.000000,97.3,,,,,,
1776547809.938761,185,97.5,track,ekf,,620,535,-0.038766,0.339200,1.356801,-0.002199,0.019245,0.076981,3.9231661422164548,,0.00,0.00,0.00,0.000000,122.3,,,,,,
1776547810.061321,186,122.6,track,ekf,,620,535,-0.039035,0.341559,1.366236,-0.002199,0.019245,0.076981,3.9665591817713524,,0.00,0.00,0.00,0.000000,93.8,,,,,,
1776547810.155477,187,94.2,track,ekf,,620,535,-0.039242,0.343371,1.373484,-0.002199,0.019245,0.076981,4.000001198142198,,0.00,0.00,0.00,0.000000,96.2,,,,,,
1776547810.252044,188,96.6,track,ekf,,620,535,-0.039455,0.345230,1.380918,-0.002199,0.019245,0.076981,4.034397822767886,,0.00,0.00,0.00,0.000000,93.1,,,,,,
1776547810.345385,189,93.3,track,ekf,,620,535,-0.039660,0.347026,1.388103,-0.002199,0.019245,0.076981,4.06773844381531,,0.00,0.00,0.00,0.000000,92.4,,,,,,
1776547810.438015,190,92.6,track,ekf,,620,535,-0.039864,0.348809,1.395234,-0.002199,0.019245,0.076981,4.100916082931001,,0.00,0.00,0.00,0.000000,125.6,,,,,,
1776547810.563931,191,125.9,track,ekf,,620,535,-0.040141,0.351232,1.404927,-0.002199,0.019245,0.076981,4.146162159944657,,0.00,0.00,0.00,0.000000,96.2,,,,,,
1776547810.660385,192,96.5,track,ekf,,620,535,-0.040353,0.353088,1.412352,-0.002199,0.019245,0.076981,4.1809307237585625,,0.00,0.00,0.00,0.000000,95.6,,,,,,
1776547810.756169,193,95.8,track,ekf,,620,535,-0.040564,0.354931,1.419726,-0.002199,0.019245,0.076981,4.215554107622463,,0.00,0.00,0.00,0.000000,96.9,,,,,,
1776547810.853318,194,97.1,track,ekf,,620,535,-0.040777,0.356801,1.427204,-0.002199,0.019245,0.076981,4.2507687623858645,,0.00,0.00,0.00,0.000000,95.8,,,,,,
1776547810.949392,195,96.1,track,ekf,,620,535,-0.040989,0.358650,1.434600,-0.002199,0.019245,0.076981,4.285689621598682,,0.00,0.00,0.00,0.000000,126.4,,,,,,
1776547811.076238,196,126.8,track,ekf,,620,535,-0.041268,0.361091,1.444365,-0.002199,0.019245,0.076981,4.331943360974615,,0.00,0.00,0.00,0.000000,98.5,,,,,,
1776547811.175018,197,98.8,track,ekf,,620,535,-0.041485,0.362992,1.451969,-0.002199,0.019245,0.076981,4.368074990572507,,0.00,0.00,0.00,0.000000,95.8,,,,,,
1776547811.271031,198,96.0,track,ekf,,620,535,-0.041696,0.364840,1.459360,-0.002199,0.019245,0.076981,4.403290663794742,,0.00,0.00,0.00,0.000000,94.8,,,,,,
1776547811.366116,199,95.1,track,ekf,,620,535,-0.041905,0.366670,1.466680,-0.002199,0.019245,0.076981,4.438259445360037,,0.00,0.00,0.00,0.000000,93.6,,,,,,
1776547811.459982,200,93.9,track,ekf,,620,535,-0.042112,0.368476,1.473906,-0.002199,0.019245,0.076981,4.472870574339455,,0.00,0.00,0.00,0.000000,127.1,,,,,,
1776547811.587415,201,127.4,track,ekf,,620,535,-0.042392,0.370929,1.483716,-0.002199,0.019245,0.076981,4.520003832701989,,0.00,0.00,0.00,0.000000,96.4,,,,,,
1776547811.684126,202,96.7,track,ekf,,620,535,-0.042605,0.372790,1.491161,-0.002199,0.019245,0.076981,4.555881251703493,,0.00,0.00,0.00,0.000000,100.0,,,,,,
1776547811.784435,203,100.3,track,ekf,,620,535,-0.042825,0.374721,1.498882,-0.002199,0.019245,0.076981,4.593194579579289,,0.00,0.00,0.00,0.000000,97.2,,,,,,
1776547811.881865,204,97.4,track,ekf,,620,535,-0.043040,0.376596,1.506383,-0.002199,0.019245,0.076981,4.629533839209115,,0.00,0.00,0.00,0.000000,96.8,,,,,,
1776547811.978934,205,97.1,track,ekf,,620,535,-0.043253,0.378464,1.513855,-0.002199,0.019245,0.076981,4.665833548934772,,0.00,0.00,0.00,0.000000,127.5,,,,,,
1776547812.106680,206,127.7,track,ekf,,620,535,-0.043534,0.380922,1.523689,-0.002199,0.019245,0.076981,4.713751388500831,,0.00,0.00,0.00,0.000000,97.5,,,,,,
1776547812.204420,207,97.7,track,ekf,,620,535,-0.043749,0.382803,1.531213,-0.002199,0.019245,0.076981,4.750520763414146,,0.00,0.00,0.00,0.000000,93.9,,,,,,
1776547812.298542,208,94.1,track,ekf,,620,535,-0.043956,0.384615,1.538459,-0.002199,0.019245,0.076981,4.786020137421534,,0.00,0.00,0.00,0.000000,93.1,,,,,,
1776547812.391861,209,93.3,track,ekf,,620,535,-0.044161,0.386411,1.545642,-0.002199,0.019245,0.076981,4.821303705126812,,0.00,0.00,0.00,0.000000,96.0,,,,,,
1776547812.488133,210,96.3,track,ekf,,620,535,-0.044373,0.388263,1.553054,-0.002199,0.019245,0.076981,4.857794666193705,,0.00,0.00,0.00,0.000000,128.0,,,,,,
1776547812.616421,211,128.3,detect,ekf,,620,535,-0.044655,0.390732,1.562929,-0.002199,0.019245,0.076981,4.906565351908783,,0.00,0.00,0.00,0.000000,248.4,,,,,,
1776547812.865023,212,248.6,track,ekf,,620,535,-0.045202,0.395517,1.582067,-0.002199,0.019245,0.076981,5.001536242265099,,0.00,0.00,0.00,0.000000,95.7,,,,,,
1776547812.960974,213,96.0,track,ekf,,620,535,-0.045413,0.397363,1.589453,-0.002199,0.019245,0.076981,5.038342975466859,,0.00,0.00,0.00,0.000000,98.0,,,,,,
1776547813.059204,214,98.2,track,ekf,,620,535,-0.045629,0.399254,1.597015,-0.002199,0.019245,0.076981,5.076121678693908,,0.00,0.00,0.00,0.000000,97.8,,,,,,
1776547813.157243,215,98.0,track,ekf,,620,535,-0.045845,0.401141,1.604562,-0.002199,0.019245,0.076981,5.11392214159466,,0.00,0.00,0.00,0.000000,127.0,,,,,,
1776547813.284587,216,127.3,track,ekf,,620,535,-0.046125,0.403591,1.614365,-0.002199,0.019245,0.076981,5.163162670466866,,0.00,0.00,0.00,0.000000,95.1,,,,,,
1776547813.379969,217,95.4,track,ekf,,620,535,-0.046335,0.405427,1.621708,-0.002199,0.019245,0.076981,5.200144845053242,,0.00,0.00,0.00,0.000000,92.3,,,,,,
1776547813.472474,218,92.5,track,ekf,,620,535,-0.046538,0.407207,1.628829,-0.002199,0.019245,0.076981,5.236096029159646,,0.00,0.00,0.00,0.000000,98.7,,,,,,
1776547813.571416,219,98.9,track,ekf,,620,535,-0.046756,0.409111,1.636445,-0.002199,0.019245,0.076981,5.274641419710246,,0.00,0.00,0.00,0.000000,96.1,,,,,,
1776547813.667758,220,96.3,track,ekf,,620,535,-0.046967,0.410965,1.643862,-0.002199,0.019245,0.076981,5.3122640101025125,,0.00,0.00,0.00,0.000000,127.5,,,,,,
1776547813.795516,221,127.8,track,ekf,,620,535,-0.047248,0.413424,1.653697,-0.002199,0.019245,0.076981,5.362294898656338,,0.00,0.00,0.00,0.000000,95.9,,,,,,
1776547813.891694,222,96.2,track,ekf,,620,535,-0.047460,0.415275,1.661100,-0.002199,0.019245,0.076981,5.4000586328320885,,0.00,0.00,0.00,0.000000,97.9,,,,,,
1776547813.989790,223,98.1,track,ekf,,620,535,-0.047676,0.417163,1.668652,-0.002199,0.019245,0.076981,5.438668027981407,,0.00,0.00,0.00,0.000000,96.8,,,,,,
1776547814.086851,224,97.1,track,ekf,,620,535,-0.047889,0.419031,1.676124,-0.002199,0.019245,0.076981,5.476960066726459,,0.00,0.00,0.00,0.000000,97.6,,,,,,
1776547814.184806,225,98.0,track,ekf,,620,535,-0.048105,0.420916,1.683664,-0.002199,0.019245,0.076981,5.51569612239452,,0.00,0.00,0.00,0.000000,127.1,,,,,,
1776547814.312121,226,127.3,track,ekf,,620,535,-0.048385,0.423366,1.693465,-0.002199,0.019245,0.076981,5.566180170290527,,0.00,0.00,0.00,0.000000,93.1,,,,,,
1776547814.405437,227,93.3,track,ekf,,620,535,-0.048590,0.425162,1.700649,-0.002199,0.019245,0.076981,5.603276745465538,,0.00,0.00,0.00,0.000000,95.4,,,,,,
1776547814.501092,228,95.7,track,ekf,,620,535,-0.048800,0.427003,1.708012,-0.002199,0.019245,0.076981,5.641390047057708,,0.00,0.00,0.00,0.000000,99.1,,,,,,
1776547814.600490,229,99.4,track,ekf,,620,535,-0.049019,0.428916,1.715664,-0.002199,0.019245,0.076981,5.681086499057072,,0.00,0.00,0.00,0.000000,96.9,,,,,,
1776547814.697651,230,97.2,track,ekf,,620,535,-0.049233,0.430786,1.723144,-0.002199,0.019245,0.076981,5.719978740993157,,0.00,0.00,0.00,0.000000,127.0,,,,,,
1776547814.824958,231,127.3,track,ekf,,620,535,-0.049513,0.433236,1.732944,-0.002199,0.019245,0.076981,5.771074068620239,,0.00,0.00,0.00,0.000000,97.8,,,,,,
1776547814.922922,232,98.0,track,ekf,,620,535,-0.049728,0.435121,1.740485,-0.002199,0.019245,0.076981,5.810492612834936,,0.00,0.00,0.00,0.000000,99.8,,,,,,
1776547815.022904,233,100.0,track,ekf,,620,535,-0.049948,0.437045,1.748182,-0.002199,0.019245,0.076981,5.850816490539126,,0.00,0.00,0.00,0.000000,97.4,,,,,,
1776547815.120512,234,97.6,track,ekf,,620,535,-0.050163,0.438924,1.755696,-0.002199,0.019245,0.076981,5.89027258622166,,0.00,0.00,0.00,0.000000,97.2,,,,,,
1776547815.218007,235,97.5,track,ekf,,620,535,-0.050377,0.440800,1.763201,-0.002199,0.019245,0.076981,5.929771317160781,,0.00,0.00,0.00,0.000000,123.9,,,,,,
1776547815.342246,236,124.2,track,ekf,,620,535,-0.050650,0.443191,1.772765,-0.002199,0.019245,0.076981,5.980233989246354,,0.00,0.00,0.00,0.000000,94.9,,,,,,
1776547815.437328,237,95.1,track,ekf,,620,535,-0.050860,0.445021,1.780084,-0.002199,0.019245,0.076981,6.018947623016492,,0.00,0.00,0.00,0.000000,96.9,,,,,,
1776547815.534510,238,97.2,track,ekf,,620,535,-0.051073,0.446891,1.787565,-0.002199,0.019245,0.076981,6.058603593294219,,0.00,0.00,0.00,0.000000,96.6,,,,,,
1776547815.631371,239,96.9,track,ekf,,620,535,-0.051286,0.448755,1.795022,-0.002199,0.019245,0.076981,6.098215020467419,,0.00,0.00,0.00,0.000000,95.3,,,,,,
1776547815.726934,240,95.6,track,ekf,,620,535,-0.051497,0.450595,1.802378,-0.002199,0.019245,0.076981,6.1373799996116825,,0.00,0.00,0.00,0.000000,126.8,,,,,,
1776547815.854042,241,127.1,detect,ekf,,620,535,-0.051776,0.453041,1.812163,-0.002199,0.019245,0.076981,6.189604464708771,,0.00,0.00,0.00,0.000000,257.7,,,,,,
1776547816.112008,242,258.0,track,ekf,,620,535,-0.052343,0.458005,1.832022,-0.002199,0.019245,0.076981,6.296046958068254,,0.00,0.00,0.00,0.000000,96.6,,,,,,
1776547816.208882,243,96.9,track,ekf,,620,535,-0.052557,0.459870,1.839479,-0.002199,0.019245,0.076981,6.336164933716098,,0.00,0.00,0.00,0.000000,93.9,,,,,,
1776547816.303045,244,94.2,track,ekf,,620,535,-0.052764,0.461682,1.846728,-0.002199,0.019245,0.076981,6.375245482922657,,0.00,0.00,0.00,0.000000,94.6,,,,,,
1776547816.397864,245,94.8,track,ekf,,620,535,-0.052972,0.463507,1.854027,-0.002199,0.019245,0.076981,6.414681133413151,,0.00,0.00,0.00,0.000000,124.3,,,,,,
1776547816.522415,246,124.6,track,ekf,,620,535,-0.053246,0.465904,1.863615,-0.002199,0.019245,0.076981,6.466607371467221,,0.00,0.00,0.00,0.000000,97.9,,,,,,
1776547816.620506,247,98.1,track,ekf,,620,535,-0.053462,0.467792,1.871166,-0.002199,0.019245,0.076981,6.507598068187311,,0.00,0.00,0.00,0.000000,95.7,,,,,,
1776547816.716514,248,96.0,track,ekf,,620,535,-0.053673,0.469639,1.878557,-0.002199,0.019245,0.076981,6.547802515875825,,0.00,0.00,0.00,0.000000,96.7,,,,,,
1776547816.813476,249,97.0,track,ekf,,620,535,-0.053886,0.471505,1.886021,-0.002199,0.019245,0.076981,6.5884905752569605,,0.00,0.00,0.00,0.000000,95.4,,,,,,
1776547816.909199,250,95.7,track,ekf,,620,535,-0.054097,0.473347,1.893390,-0.002199,0.019245,0.076981,6.628741190201376,,0.00,0.00,0.00,0.000000,128.4,,,,,,
1776547817.037874,251,128.7,track,ekf,,620,535,-0.054380,0.475824,1.903295,-0.002199,0.019245,0.076981,6.682978776906058,,0.00,0.00,0.00,0.000000,96.5,,,,,,
1776547817.134649,252,96.8,track,ekf,,620,535,-0.054593,0.477686,1.910745,-0.002199,0.019245,0.076981,6.723864244619052,,0.00,0.00,0.00,0.000000,96.8,,,,,,
1776547817.231683,253,97.0,track,ekf,,620,535,-0.054806,0.479554,1.918215,-0.002199,0.019245,0.076981,6.764943489131208,,0.00,0.00,0.00,0.000000,94.7,,,,,,
1776547817.326659,254,95.0,track,ekf,,620,535,-0.055015,0.481382,1.925526,-0.002199,0.019245,0.076981,6.805232756001862,,0.00,0.00,0.00,0.000000,109.9,,,,,,
1776547817.436838,255,110.2,track,ekf,,620,535,-0.055257,0.483502,1.934008,-0.002199,0.019245,0.076981,6.8520722675527415,,0.00,0.00,0.00,0.000000,134.9,,,,,,
1776547817.572178,256,135.3,track,ekf,,620,535,-0.055555,0.486107,1.944426,-0.002199,0.019245,0.076981,6.909755144858243,,0.00,0.00,0.00,0.000000,102.2,,,,,,
1776547817.674588,257,102.4,track,ekf,,620,535,-0.055780,0.488077,1.952310,-0.002199,0.019245,0.076981,6.953507073805725,,0.00,0.00,0.00,0.000000,104.0,,,,,,
1776547817.778808,258,104.2,track,ekf,,620,535,-0.056010,0.490083,1.960333,-0.002199,0.019245,0.076981,6.998127795138247,,0.00,0.00,0.00,0.000000,103.5,,,,,,
1776547817.882490,259,103.7,track,ekf,,620,535,-0.056238,0.492079,1.968314,-0.002199,0.019245,0.076981,7.042612957277378,,0.00,0.00,0.00,0.000000,105.8,,,,,,
1776547817.988543,260,106.1,track,ekf,,620,535,-0.056471,0.494120,1.976478,-0.002199,0.019245,0.076981,7.088212772522798,,0.00,0.00,0.00,0.000000,139.0,,,,,,
1776547818.128043,261,139.5,track,ekf,,620,535,-0.056778,0.496804,1.987217,-0.002199,0.019245,0.076981,7.148345116069988,,0.00,0.00,0.00,0.000000,99.6,,,,,,
1776547818.227880,262,99.8,track,ekf,,620,535,-0.056997,0.498726,1.994903,-0.002199,0.019245,0.076981,7.19148103223515,,0.00,0.00,0.00,0.000000,103.9,,,,,,
1776547818.332045,263,104.2,track,ekf,,620,535,-0.057226,0.500730,2.002921,-0.002199,0.019245,0.076981,7.236580604158356,,0.00,0.00,0.00,0.000000,102.8,,,,,,
1776547818.435144,264,103.1,track,ekf,,620,535,-0.057453,0.502715,2.010858,-0.002199,0.019245,0.076981,7.281311053734501,,0.00,0.00,0.00,0.000000,103.2,,,,,,
1776547818.538525,265,103.4,track,ekf,,620,535,-0.057680,0.504704,2.018816,-0.002199,0.019245,0.076981,7.3262565580542365,,0.00,0.00,0.00,0.000000,140.6,,,,,,
1776547818.679474,266,140.9,track,ekf,,620,535,-0.057990,0.507417,2.029667,-0.002199,0.019245,0.076981,7.3876850937521334,,0.00,0.00,0.00,0.000000,98.0,,,,,,
1776547818.777840,267,98.4,track,ekf,,620,535,-0.058207,0.509310,2.037239,-0.002199,0.019245,0.076981,7.430653007979567,,0.00,0.00,0.00,0.000000,104.1,,,,,,
1776547818.882128,268,104.3,track,ekf,,620,535,-0.058436,0.511317,2.045267,-0.002199,0.019245,0.076981,7.476300143911525,,0.00,0.00,0.00,0.000000,104.0,,,,,,
1776547818.986555,269,104.4,track,ekf,,620,535,-0.058666,0.513326,2.053306,-0.002199,0.019245,0.076981,7.52210128041653,,0.00,0.00,0.00,0.000000,105.5,,,,,,
1776547819.092435,270,105.9,track,ekf,,620,535,-0.058899,0.515364,2.061457,-0.002199,0.019245,0.076981,7.5686355040530655,,0.00,0.00,0.00,0.000000,139.5,,,,,,
1776547819.232405,271,140.0,detect,ekf,,620,535,-0.059207,0.518058,2.072232,-0.002199,0.019245,0.076981,7.630300636959173,,0.00,0.00,0.00,0.000000,270.1,,,,,,
1776547819.502759,272,270.4,track,ekf,,620,535,-0.059801,0.523261,2.093044,-0.002199,0.019245,0.076981,7.749878874464502,,0.00,0.00,0.00,0.000000,106.4,,,,,,
1776547819.609864,273,107.1,track,ekf,,620,535,-0.060037,0.525322,2.101289,-0.002199,0.019245,0.076981,7.797412090157944,,0.00,0.00,0.00,0.000000,100.0,,,,,,
1776547819.710067,274,100.2,track,ekf,,620,535,-0.060257,0.527251,2.109002,-0.002199,0.019245,0.076981,7.84197353026928,,0.00,0.00,0.00,0.000000,101.0,,,,,,
1776547819.811372,275,101.3,track,ekf,,620,535,-0.060480,0.529200,2.116801,-0.002199,0.019245,0.076981,7.887112893807737,,0.00,0.00,0.00,0.000000,135.9,,,,,,
1776547819.947780,276,136.4,track,ekf,,620,535,-0.060780,0.531825,2.127302,-0.002199,0.019245,0.076981,7.948031939449519,,0.00,0.00,0.00,0.000000,100.3,,,,,,
1776547820.048390,277,100.6,track,ekf,,620,535,-0.061001,0.533762,2.135047,-0.002199,0.019245,0.076981,7.993061006330024,,0.00,0.00,0.00,0.000000,100.3,,,,,,
1776547820.149000,278,100.6,track,ekf,,620,535,-0.061223,0.535698,2.142792,-0.002199,0.019245,0.076981,8.038175875815567,,0.00,0.00,0.00,0.000000,99.0,,,,,,
1776547820.248341,279,99.3,track,ekf,,620,535,-0.061441,0.537610,2.150439,-0.002199,0.019245,0.076981,8.082804934386195,,0.00,0.00,0.00,0.000000,98.9,,,,,,
1776547820.347500,280,99.2,track,ekf,,620,535,-0.061659,0.539518,2.158072,-0.002199,0.019245,0.076981,8.127434752676903,,0.00,0.00,0.00,0.000000,139.4,,,,,,
1776547820.487255,281,139.8,track,ekf,,620,535,-0.061967,0.542208,2.168831,-0.002199,0.019245,0.076981,8.190477432095639,,0.00,0.00,0.00,0.000000,99.6,,,,,,
1776547820.587200,282,99.9,track,ekf,,620,535,-0.062186,0.544131,2.176525,-0.002199,0.019245,0.076981,8.23565841330932,,0.00,0.00,0.00,0.000000,109.1,,,,,,
1776547820.696838,283,109.6,track,ekf,,620,535,-0.062428,0.546241,2.184965,-0.002199,0.019245,0.076981,8.285317958871433,,0.00,0.00,0.00,0.000000,104.6,,,,,,
1776547820.801677,284,104.8,track,ekf,,620,535,-0.062658,0.548259,2.193035,-0.002199,0.019245,0.076981,8.33289702683875,,0.00,0.00,0.00,0.000000,104.4,,,,,,
1776547820.906279,285,104.6,track,ekf,,620,535,-0.062888,0.550272,2.201087,-0.002199,0.019245,0.076981,8.380458778118017,,0.00,0.00,0.00,0.000000,138.0,,,,,,
1776547821.044678,286,138.4,track,ekf,,620,535,-0.063193,0.552935,2.211742,-0.002199,0.019245,0.076981,8.443528680985118,,0.00,0.00,0.00,0.000000,100.5,,,,,,
1776547821.145541,287,100.9,track,ekf,,620,535,-0.063414,0.554877,2.219506,-0.002199,0.019245,0.076981,8.489589440994637,,0.00,0.00,0.00,0.000000,104.6,,,,,,
1776547821.250310,288,104.8,track,ekf,,620,535,-0.063645,0.556893,2.227571,-0.002199,0.019245,0.076981,8.537523030526579,,0.00,0.00,0.00,0.000000,102.2,,,,,,
1776547821.352695,289,102.4,track,ekf,,620,535,-0.063870,0.558863,2.235453,-0.002199,0.019245,0.076981,8.584453589064596,,0.00,0.00,0.00,0.000000,104.2,,,,,,
1776547821.457159,290,104.5,track,ekf,,620,535,-0.064100,0.560874,2.243495,-0.002199,0.019245,0.076981,8.632425361815308,,0.00,0.00,0.00,0.000000,133.7,,,,,,
1776547821.591564,291,134.4,track,ekf,,620,535,-0.064395,0.563460,2.253841,-0.002199,0.019245,0.076981,8.694279240300277,,0.00,0.00,0.00,0.000000,101.3,,,,,,
1776547821.693174,292,101.6,track,ekf,,620,535,-0.064619,0.565416,2.261663,-0.002199,0.019245,0.076981,8.74113586701402,,0.00,0.00,0.00,0.000000,102.5,,,,,,
1776547821.796115,293,102.9,track,ekf,,620,535,-0.064845,0.567397,2.269588,-0.002199,0.019245,0.076981,8.788692554308907,,0.00,0.00,0.00,0.000000,99.9,,,,,,
1776547821.896565,294,100.5,track,ekf,,620,535,-0.065066,0.569330,2.277320,-0.002199,0.019245,0.076981,8.835181613932205,,0.00,0.00,0.00,0.000000,101.6,,,,,,
1776547821.998377,295,101.8,track,ekf,,620,535,-0.065290,0.571289,2.285158,-0.002199,0.019245,0.076981,8.882384895693528,,0.00,0.00,0.00,0.000000,134.4,,,,,,
1776547822.133301,296,134.9,track,ekf,,620,535,-0.065587,0.573886,2.295544,-0.002199,0.019245,0.076981,8.945070422999457,,0.00,0.00,0.00,0.000000,99.5,,,,,,
1776547822.233061,297,99.8,track,ekf,,620,535,-0.065806,0.575806,2.303224,-0.002199,0.019245,0.076981,8.991510807620251,,0.00,0.00,0.00,0.000000,99.3,,,,,,
1776547822.332549,298,99.5,track,ekf,,620,535,-0.066025,0.577721,2.310883,-0.002199,0.019245,0.076981,9.037905271455065,,0.00,0.00,0.00,0.000000,99.7,,,,,,
1776547822.432496,299,99.9,track,ekf,,620,535,-0.066245,0.579644,2.318577,-0.002199,0.019245,0.076981,9.084593754946544,,0.00,0.00,0.00,0.000000,102.1,,,,,,
1776547822.534833,300,102.3,track,ekf,,620,535,-0.066470,0.581614,2.326455,-0.002199,0.019245,0.076981,9.132482815025545,,0.00,0.00,0.00,0.000000,137.2,,,,,,
1776547822.672302,301,137.5,detect,ekf,,620,535,-0.066772,0.584259,2.337037,-0.002199,0.019245,0.076981,9.19694551105553,,0.00,0.00,0.00,0.000000,269.9,,,,,,
1776547822.942403,302,270.1,track,ekf,,620,535,-0.067367,0.589457,2.357830,-0.002199,0.019245,0.076981,9.324042856380395,,0.00,0.00,0.00,0.000000,101.0,,,,,,
1776547823.043836,303,101.4,track,ekf,,620,535,-0.067590,0.591409,2.365638,-0.002199,0.019245,0.076981,9.371912113353083,,0.00,0.00,0.00,0.000000,101.8,,,,,,
1776547823.145869,304,102.0,track,ekf,,620,535,-0.067814,0.593373,2.373493,-0.002199,0.019245,0.076981,9.420151857089055,,0.00,0.00,0.00,0.000000,98.0,,,,,,
1776547823.244283,305,98.4,track,ekf,,620,535,-0.068031,0.595267,2.381068,-0.002199,0.019245,0.076981,9.466759496547674,,0.00,0.00,0.00,0.000000,128.1,,,,,,
1776547823.372636,306,128.4,track,ekf,,620,535,-0.068313,0.597737,2.390949,-0.002199,0.019245,0.076981,9.527663958622234,,0.00,0.00,0.00,0.000000,95.4,,,,,,
1776547823.468392,307,95.8,track,ekf,,620,535,-0.068523,0.599580,2.398321,-0.002199,0.019245,0.076981,9.573182998293136,,0.00,0.00,0.00,0.000000,97.8,,,,,,
1776547823.566445,308,98.1,track,ekf,,620,535,-0.068739,0.601467,2.405869,-0.002199,0.019245,0.076981,9.619869811056356,,0.00,0.00,0.00,0.000000,98.5,,,,,,
1776547823.665261,309,98.8,track,ekf,,620,535,-0.068956,0.603369,2.413476,-0.002199,0.019245,0.076981,9.666996849623654,,0.00,0.00,0.00,0.000000,99.0,,,,,,
1776547823.764479,310,99.2,track,ekf,,620,535,-0.069175,0.605278,2.421113,-0.002199,0.019245,0.076981,9.714393118045848,,0.00,0.00,0.00,0.000000,129.7,,,,,,
1776547823.894533,311,130.1,track,ekf,,620,535,-0.069461,0.607781,2.431125,-0.002199,0.019245,0.076981,9.77663847061167,,0.00,0.00,0.00,0.000000,96.7,,,,,,
1776547823.991624,312,97.1,track,ekf,,620,535,-0.069674,0.609650,2.438599,-0.002199,0.019245,0.076981,9.823190995926605,,0.00,0.00,0.00,0.000000,97.2,,,,,,
1776547824.089033,313,97.4,track,ekf,,620,535,-0.069889,0.611524,2.446098,-0.002199,0.019245,0.076981,9.869970964677085,,0.00,0.00,0.00,0.000000,99.3,,,,,,
1776547824.188585,314,99.6,track,ekf,,620,535,-0.070107,0.613440,2.453761,-0.002199,0.019245,0.076981,9.91785698140023,,0.00,0.00,0.00,0.000000,95.8,,,,,,
1776547824.284842,315,96.3,track,ekf,,620,535,-0.070319,0.615293,2.461171,-0.002199,0.019245,0.076981,9.964231796487676,,0.00,0.00,0.00,0.000000,126.6,,,,,,
1776547824.411712,316,126.9,track,ekf,,620,535,-0.070598,0.617734,2.470938,-0.002199,0.019245,0.076981,10.025467088812212,,0.00,0.00,0.00,0.000000,95.3,,,,,,
1776547824.507285,317,95.6,track,ekf,,620,535,-0.070808,0.619574,2.478295,-0.002199,0.019245,0.076981,10.071676615550524,,0.00,0.00,0.00,0.000000,102.2,,,,,,
1776547824.609742,318,102.5,track,ekf,,620,535,-0.071034,0.621546,2.486182,-0.002199,0.019245,0.076981,10.12129465470833,,0.00,0.00,0.00,0.000000,99.5,,,,,,
1776547824.709483,319,99.7,track,ekf,,620,535,-0.071253,0.623465,2.493860,-0.002199,0.019245,0.076981,10.169675259281151,,0.00,0.00,0.00,0.000000,97.9,,,,,,
1776547824.807636,320,98.2,track,ekf,,620,535,-0.071469,0.625354,2.501416,-0.002199,0.019245,0.076981,10.217360548939322,,0.00,0.00,0.00,0.000000,128.1,,,,,,
1776547824.935959,321,128.3,track,ekf,,620,535,-0.071751,0.627824,2.511295,-0.002199,0.019245,0.076981,10.279817642871047,,0.00,0.00,0.00,0.000000,95.4,,,,,,
1776547825.031713,322,95.8,track,ekf,,620,535,-0.071962,0.629666,2.518666,-0.002199,0.019245,0.076981,10.326503032985965,,0.00,0.00,0.00,0.000000,96.7,,,,,,
1776547825.128622,323,96.9,track,ekf,,620,535,-0.072175,0.631531,2.526126,-0.002199,0.019245,0.076981,10.373823722077784,,0.00,0.00,0.00,0.000000,96.4,,,,,,
1776547825.225455,324,96.8,track,ekf,,620,535,-0.072388,0.633395,2.533580,-0.002199,0.019245,0.076981,10.421180089310544,,0.00,0.00,0.00,0.000000,94.5,,,,,,
1776547825.320261,325,94.8,track,ekf,,620,535,-0.072597,0.635220,2.540879,-0.002199,0.019245,0.076981,10.467614719737849,,0.00,0.00,0.00,0.000000,125.6,,,,,,
1776547825.446143,326,125.9,track,ekf,,620,535,-0.072873,0.637642,2.550569,-0.002199,0.019245,0.076981,10.529378101647575,,0.00,0.00,0.00,0.000000,97.0,,,,,,
1776547825.543418,327,97.3,track,ekf,,620,535,-0.073087,0.639514,2.558057,-0.002199,0.019245,0.076981,10.577186265057682,,0.00,0.00,0.00,0.000000,96.6,,,,,,
1776547825.640301,328,96.9,track,ekf,,620,535,-0.073300,0.641379,2.565515,-0.002199,0.019245,0.076981,10.624873814471302,,0.00,0.00,0.00,0.000000,97.4,,,,,,
1776547825.737988,329,97.7,track,ekf,,620,535,-0.073515,0.643259,2.573035,-0.002199,0.019245,0.076981,10.673029948281478,,0.00,0.00,0.00,0.000000,96.6,,,,,,
1776547825.834756,330,96.8,track,ekf,,620,535,-0.073728,0.645121,2.580485,-0.002199,0.019245,0.076981,10.720805112063784,,0.00,0.00,0.00,0.000000,129.0,,,,,,
1776547825.964046,331,129.3,detect,ekf,,620,535,-0.074012,0.647609,2.590437,-0.002199,0.019245,0.076981,10.78474926725855,,0.00,0.00,0.00,0.000000,263.9,,,,,,
1776547826.228156,332,264.1,track,ekf,,620,535,-0.074593,0.652692,2.610769,-0.002199,0.019245,0.076981,10.915767949937095,,0.00,0.00,0.00,0.000000,94.7,,,,,,
1776547826.323172,333,95.0,track,ekf,,620,535,-0.074802,0.654521,2.618083,-0.002199,0.019245,0.076981,10.96302167962189,,0.00,0.00,0.00,0.000000,93.6,,,,,,
1776547826.417046,334,93.9,track,ekf,,620,535,-0.075009,0.656327,2.625310,-0.002199,0.019245,0.076981,11.009778532545795,,0.00,0.00,0.00,0.000000,95.5,,,,,,
1776547826.512774,335,95.7,track,ekf,,620,535,-0.075219,0.658170,2.632679,-0.002199,0.019245,0.076981,11.057529129782342,,0.00,0.00,0.00,0.000000,127.8,,,,,,
1776547826.640821,336,128.0,track,ekf,,620,535,-0.075501,0.660634,2.642536,-0.002199,0.019245,0.076981,11.121510448720691,,0.00,0.00,0.00,0.000000,97.7,,,,,,
1776547826.738923,337,98.1,track,ekf,,620,535,-0.075717,0.662522,2.650088,-0.002199,0.019245,0.076981,11.170610624779599,,0.00,0.00,0.00,0.000000,96.5,,,,,,
1776547826.835782,338,96.9,track,ekf,,620,535,-0.075930,0.664386,2.657544,-0.002199,0.019245,0.076981,11.21915935030168,,0.00,0.00,0.00,0.000000,95.6,,,,,,
1776547826.931567,339,95.8,track,ekf,,620,535,-0.076141,0.666229,2.664918,-0.002199,0.019245,0.076981,11.267239365735799,,0.00,0.00,0.00,0.000000,96.4,,,,,,
1776547827.028205,340,96.6,track,ekf,,620,535,-0.076353,0.668089,2.672357,-0.002199,0.019245,0.076981,11.31581707967411,,0.00,0.00,0.00,0.000000,128.5,,,,,,
1776547827.157000,341,128.8,track,ekf,,620,535,-0.076636,0.670568,2.682272,-0.002199,0.019245,0.076981,11.3806693812811,,0.00,0.00,0.00,0.000000,95.1,,,,,,
1776547827.252560,342,95.6,track,ekf,,620,535,-0.076847,0.672407,2.689628,-0.002199,0.019245,0.076981,11.428864474603127,,0.00,0.00,0.00,0.000000,96.6,,,,,,
1776547827.349533,343,97.0,track,ekf,,620,535,-0.077060,0.674273,2.697093,-0.002199,0.019245,0.076981,11.477842049080149,,0.00,0.00,0.00,0.000000,94.0,,,,,,
1776547827.443739,344,94.2,track,ekf,,620,535,-0.077267,0.676086,2.704345,-0.002199,0.019245,0.076981,11.525489416776633,,0.00,0.00,0.00,0.000000,98.4,,,,,,
1776547827.542470,345,98.7,track,ekf,,620,535,-0.077484,0.677986,2.711945,-0.002199,0.019245,0.076981,11.575496427883733,,0.00,0.00,0.00,0.000000,127.0,,,,,,
1776547827.669717,346,127.2,track,ekf,,620,535,-0.077764,0.680435,2.721741,-0.002199,0.019245,0.076981,11.640054631068377,,0.00,0.00,0.00,0.000000,95.9,,,,,,
1776547827.766019,347,96.3,track,ekf,,620,535,-0.077976,0.682289,2.729154,-0.002199,0.019245,0.076981,11.688990144443604,,0.00,0.00,0.00,0.000000,97.7,,,,,,
1776547827.863896,348,97.9,track,ekf,,620,535,-0.078191,0.684172,2.736689,-0.002199,0.019245,0.076981,11.738797036387929,,0.00,0.00,0.00,0.000000,97.3,,,,,,
1776547827.961422,349,97.5,track,ekf,,620,535,-0.078406,0.686049,2.744197,-0.002199,0.019245,0.076981,11.78849579706431,,0.00,0.00,0.00,0.000000,96.5,,,,,,
1776547828.058200,350,96.8,track,ekf,,620,535,-0.078618,0.687912,2.751647,-0.002199,0.019245,0.076981,11.837882477068396,,0.00,0.00,0.00,0.000000,127.2,,,,,,
1776547828.185696,351,127.5,track,ekf,,620,535,-0.078899,0.690365,2.761461,-0.002199,0.019245,0.076981,11.90305145322071,,0.00,0.00,0.00,0.000000,94.9,,,,,,
1776547828.280958,352,95.3,track,ekf,,620,535,-0.079108,0.692199,2.768795,-0.002199,0.019245,0.076981,11.9518202395564,,0.00,0.00,0.00,0.000000,94.7,,,,,,
1776547828.375960,353,95.0,track,ekf,,620,535,-0.079317,0.694027,2.776108,-0.002199,0.019245,0.076981,12.000522035516747,,0.00,0.00,0.00,0.000000,94.5,,,,,,
1776547828.470646,354,94.7,track,ekf,,620,535,-0.079526,0.695849,2.783397,-0.002199,0.019245,0.076981,12.049128138519148,,0.00,0.00,0.00,0.000000,97.3,,,,,,
1776547828.568217,355,97.6,track,ekf,,620,535,-0.079740,0.697727,2.790908,-0.002199,0.019245,0.076981,12.099284286701403,,0.00,0.00,0.00,0.000000,130.5,,,,,,
1776547828.699040,356,130.8,track,ekf,,620,535,-0.080028,0.700245,2.800979,-0.002199,0.019245,0.076981,12.166644072870124,,0.00,0.00,0.00,0.000000,96.4,,,,,,
1776547828.795739,357,96.7,track,ekf,,620,535,-0.080241,0.702106,2.808423,-0.002199,0.019245,0.076981,12.216511082425754,,0.00,0.00,0.00,0.000000,97.5,,,,,,
1776547828.893497,358,97.8,track,ekf,,620,535,-0.080456,0.703987,2.815948,-0.002199,0.019245,0.076981,12.266993895673156,,0.00,0.00,0.00,0.000000,95.9,,,,,,
1776547828.989697,359,96.2,track,ekf,,620,535,-0.080667,0.705838,2.823354,-0.002199,0.019245,0.076981,12.316740789824413,,0.00,0.00,0.00,0.000000,97.4,,,,,,
1776547829.087445,360,97.7,track,ekf,,620,535,-0.080882,0.707720,2.830879,-0.002199,0.019245,0.076981,12.367356500944705,,0.00,0.00,0.00,0.000000,129.7,,,,,,
1776547829.217431,361,130.0,detect,ekf,,620,535,-0.081168,0.710221,2.840885,-0.002199,0.019245,0.076981,12.434775145031713,,0.00,0.00,0.00,0.000000,256.9,,,,,,
1776547829.474716,362,257.3,track,ekf,,620,535,-0.081734,0.715173,2.860691,-0.002199,0.019245,0.076981,12.568580701312927,,0.00,0.00,0.00,0.000000,96.7,,,,,,
1776547829.571856,363,97.1,track,ekf,,620,535,-0.081948,0.717042,2.868169,-0.002199,0.019245,0.076981,12.619214445386762,,0.00,0.00,0.00,0.000000,97.4,,,,,,
1776547829.669480,364,97.6,track,ekf,,620,535,-0.082162,0.718921,2.875684,-0.002199,0.019245,0.076981,12.670172770891797,,0.00,0.00,0.00,0.000000,96.2,,,,,,
1776547829.765890,365,96.4,track,ekf,,620,535,-0.082374,0.720776,2.883106,-0.002199,0.019245,0.076981,12.720565983387997,,0.00,0.00,0.00,0.000000,127.5,,,,,,
1776547829.893661,366,127.8,track,ekf,,620,535,-0.082655,0.723235,2.892942,-0.002199,0.019245,0.076981,12.787456624986852,,0.00,0.00,0.00,0.000000,96.0,,,,,,
1776547829.989991,367,96.3,track,ekf,,620,535,-0.082867,0.725089,2.900357,-0.002199,0.019245,0.076981,12.83796200117241,,0.00,0.00,0.00,0.000000,97.6,,,,,,
1776547830.087887,368,97.9,track,ekf,,620,535,-0.083083,0.726973,2.907893,-0.002199,0.019245,0.076981,12.889357580232987,,0.00,0.00,0.00,0.000000,97.8,,,,,,
1776547830.186056,369,98.2,track,ekf,,620,535,-0.083299,0.728863,2.915450,-0.002199,0.019245,0.076981,12.940965244975681,,0.00,0.00,0.00,0.000000,95.8,,,,,,
1776547830.282125,370,96.1,track,ekf,,620,535,-0.083510,0.730711,2.922846,-0.002199,0.019245,0.076981,12.991535377310646,,0.00,0.00,0.00,0.000000,122.8,,,,,,
1776547830.405162,371,123.0,track,ekf,,620,535,-0.083780,0.733079,2.932317,-0.002199,0.019245,0.076981,13.05639936624935,,0.00,0.00,0.00,0.000000,96.3,,,,,,
1776547830.501736,372,96.6,track,ekf,,620,535,-0.083993,0.734938,2.939752,-0.002199,0.019245,0.076981,13.107385826620215,,0.00,0.00,0.00,0.000000,97.2,,,,,,
1776547830.599300,373,97.6,track,ekf,,620,535,-0.084207,0.736816,2.947262,-0.002199,0.019245,0.076981,13.158962833222978,,0.00,0.00,0.00,0.000000,96.6,,,,,,
1776547830.696177,374,96.9,track,ekf,,620,535,-0.084421,0.738680,2.954720,-0.002199,0.019245,0.076981,13.210243474446855,,0.00,0.00,0.00,0.000000,96.2,,,,,,
1776547830.792653,375,96.5,track,ekf,,620,535,-0.084633,0.740537,2.962147,-0.002199,0.019245,0.076981,13.261377796043032,,0.00,0.00,0.00,0.000000,126.9,,,,,,
1776547830.919914,376,127.3,track,ekf,,620,535,-0.084913,0.742986,2.971943,-0.002199,0.019245,0.076981,13.328931514043541,,0.00,0.00,0.00,0.000000,96.6,,,,,,
1776547831.016886,377,97.0,track,ekf,,620,535,-0.085126,0.744852,2.979408,-0.002199,0.019245,0.076981,13.380481613354714,,0.00,0.00,0.00,0.000000,97.3,,,,,,
1776547831.114455,378,97.6,track,ekf,,620,535,-0.085341,0.746730,2.986919,-0.002199,0.019245,0.076981,13.432416429367505,,0.00,0.00,0.00,0.000000,97.6,,,,,,
1776547831.212266,379,97.8,track,ekf,,620,535,-0.085556,0.748612,2.994449,-0.002199,0.019245,0.076981,13.484548157286438,,0.00,0.00,0.00,0.000000,94.1,,,,,,
1776547831.306635,380,94.4,track,ekf,,620,535,-0.085763,0.750428,3.001713,-0.002199,0.019245,0.076981,13.534908441721017,,0.00,0.00,0.00,0.000000,126.9,,,,,,
1776547831.433813,381,127.2,track,ekf,,620,535,-0.086043,0.752876,3.011503,-0.002199,0.019245,0.076981,13.602879196455442,,0.00,0.00,0.00,0.000000,96.1,,,,,,
1776547831.530157,382,96.3,track,ekf,,620,535,-0.086255,0.754730,3.018920,-0.002199,0.019245,0.076981,13.654443570810173,,0.00,0.00,0.00,0.000000,96.6,,,,,,
1776547831.627204,383,97.0,track,ekf,,620,535,-0.086468,0.756598,3.026391,-0.002199,0.019245,0.076981,13.706450149746912,,0.00,0.00,0.00,0.000000,97.3,,,,,,
1776547831.724778,384,97.6,track,ekf,,620,535,-0.086683,0.758476,3.033902,-0.002199,0.019245,0.076981,13.758806336259065,,0.00,0.00,0.00,0.000000,97.8,,,,,,
1776547831.822878,385,98.1,track,ekf,,620,535,-0.086899,0.760363,3.041454,-0.002199,0.019245,0.076981,13.811511714777117,,0.00,0.00,0.00,0.000000,126.8,,,,,,
1776547831.949918,386,127.0,track,ekf,,620,535,-0.087178,0.762808,3.051233,-0.002199,0.019245,0.076981,13.879867089469473,,0.00,0.00,0.00,0.000000,97.3,,,,,,
1776547832.047596,387,97.7,track,ekf,,620,535,-0.087393,0.764688,3.058753,-0.002199,0.019245,0.076981,13.932498173134007,,0.00,0.00,0.00,0.000000,98.2,,,,,,
1776547832.146018,388,98.4,track,ekf,,620,535,-0.087609,0.766582,3.066329,-0.002199,0.019245,0.076981,13.985598001392336,,0.00,0.00,0.00,0.000000,97.9,,,,,,
1776547832.244299,389,98.3,track,ekf,,620,535,-0.087826,0.768474,3.073895,-0.002199,0.019245,0.076981,14.038689230320054,,0.00,0.00,0.00,0.000000,94.7,,,,,,
1776547832.339231,390,94.9,track,ekf,,620,535,-0.088034,0.770301,3.081203,-0.002199,0.019245,0.076981,14.09003478567126,,0.00,0.00,0.00,0.000000,126.2,,,,,,
1776547832.465694,391,126.5,detect,ekf,,620,535,-0.088313,0.772735,3.090938,-0.002199,0.019245,0.076981,14.158533528546435,,0.00,0.00,0.00,0.000000,261.2,,,,,,
1776547832.727123,392,261.4,track,ekf,,620,535,-0.088888,0.777766,3.111063,-0.002199,0.019245,0.076981,14.300489772410756,,0.00,0.00,0.00,0.000000,96.6,,,,,,
1776547832.823985,393,96.9,track,ekf,,620,535,-0.089101,0.779630,3.118520,-0.002199,0.019245,0.076981,14.353196653907286,,0.00,0.00,0.00,0.000000,96.4,,,,,,
1776547832.920653,394,96.7,track,ekf,,620,535,-0.089313,0.781490,3.125961,-0.002199,0.019245,0.076981,14.405865979595925,,0.00,0.00,0.00,0.000000,97.8,,,,,,
1776547833.018688,395,98.0,track,ekf,,620,535,-0.089529,0.783377,3.133508,-0.002199,0.019245,0.076981,14.459346820037897,,0.00,0.00,0.00,0.000000,128.6,,,,,,
1776547833.147554,396,128.9,track,ekf,,620,535,-0.089812,0.785857,3.143428,-0.002199,0.019245,0.076981,14.529750349772414,,0.00,0.00,0.00,0.000000,96.4,,,,,,
1776547833.244252,397,96.7,track,ekf,,620,535,-0.090025,0.787718,3.150872,-0.002199,0.019245,0.076981,14.5826514984316,,0.00,0.00,0.00,0.000000,94.2,,,,,,
1776547833.338753,398,94.5,track,ekf,,620,535,-0.090233,0.789537,3.158147,-0.002199,0.019245,0.076981,14.634413295972266,,0.00,0.00,0.00,0.000000,93.9,,,,,,
1776547833.432901,399,94.1,track,ekf,,620,535,-0.090440,0.791349,3.165394,-0.002199,0.019245,0.076981,14.686043358001022,,0.00,0.00,0.00,0.000000,96.7,,,,,,
1776547833.529900,400,97.0,track,ekf,,620,535,-0.090653,0.793215,3.172861,-0.002199,0.019245,0.076981,14.739300013362207,,0.00,0.00,0.00,0.000000,128.0,,,,,,
1776547833.658261,401,128.4,track,ekf,,620,535,-0.090936,0.795686,3.182743,-0.002199,0.019245,0.076981,14.809876868060414,,0.00,0.00,0.00,0.000000,97.8,,,,,,
1776547833.756411,402,98.2,track,ekf,,620,535,-0.091151,0.797575,3.190298,-0.002199,0.019245,0.076981,14.863916216697872,,0.00,0.00,0.00,0.000000,96.4,,,,,,
1776547833.853087,403,96.7,track,ekf,,620,535,-0.091364,0.799435,3.197741,-0.002199,0.019245,0.076981,14.91720881678755,,0.00,0.00,0.00,0.000000,98.2,,,,,,
1776547833.952087,404,99.0,track,ekf,,620,535,-0.091582,0.801340,3.205362,-0.002199,0.019245,0.076981,14.97184825291264,,0.00,0.00,0.00,0.000000,101.6,,,,,,
1776547834.054093,405,102.0,track,ekf,,620,535,-0.091806,0.803304,3.213214,-0.002199,0.019245,0.076981,15.028217069093069,,0.00,0.00,0.00,0.000000,129.1,,,,,,
1776547834.183449,406,129.4,track,ekf,,620,535,-0.092091,0.805793,3.223172,-0.002199,0.019245,0.076981,15.099802231618726,,0.00,0.00,0.00,0.000000,99.7,,,,,,
1776547834.283489,407,100.0,track,ekf,,620,535,-0.092311,0.807718,3.230873,-0.002199,0.019245,0.076981,15.155239701437889,,0.00,0.00,0.00,0.000000,95.8,,,,,,
1776547834.379562,408,96.1,track,ekf,,620,535,-0.092522,0.809567,3.238269,-0.002199,0.019245,0.076981,15.208542894318255,,0.00,0.00,0.00,0.000000,94.0,,,,,,
1776547834.473801,409,94.2,track,ekf,,620,535,-0.092729,0.811381,3.245524,-0.002199,0.019245,0.076981,15.260889202080751,,0.00,0.00,0.00,0.000000,98.2,,,,,,
1776547834.572416,410,98.6,track,ekf,,620,535,-0.092946,0.813279,3.253115,-0.002199,0.019245,0.076981,15.315731178166724,,0.00,0.00,0.00,0.000000,127.2,,,,,,
1776547834.699909,411,127.5,track,ekf,,620,535,-0.093227,0.815732,3.262929,-0.002199,0.019245,0.076981,15.38673185802585,,0.00,0.00,0.00,0.000000,97.2,,,,,,
1776547834.797381,412,97.5,track,ekf,,620,535,-0.093441,0.817608,3.270433,-0.002199,0.019245,0.076981,15.441084947105916,,0.00,0.00,0.00,0.000000,98.8,,,,,,
1776547834.896383,413,99.0,track,ekf,,620,535,-0.093659,0.819514,3.278054,-0.002199,0.019245,0.076981,15.496357511232285,,0.00,0.00,0.00,0.000000,97.3,,,,,,
1776547834.993876,414,97.5,track,ekf,,620,535,-0.093873,0.821390,3.285559,-0.002199,0.019245,0.076981,15.550852224995213,,0.00,0.00,0.00,0.000000,97.3,,,,,,
1776547835.091617,415,97.7,track,ekf,,620,535,-0.094088,0.823271,3.293083,-0.002199,0.019245,0.076981,15.605549325771221,,0.00,0.00,0.00,0.000000,127.3,,,,,,
1776547835.219198,416,127.6,track,ekf,,620,535,-0.094369,0.825726,3.302905,-0.002199,0.019245,0.076981,15.677043263712706,,0.00,0.00,0.00,0.000000,94.7,,,,,,
1776547835.314281,417,95.1,track,ekf,,620,535,-0.094578,0.827556,3.310224,-0.002199,0.019245,0.076981,15.730395145632572,,0.00,0.00,0.00,0.000000,96.2,,,,,,
1776547835.410706,418,96.4,track,ekf,,620,535,-0.094790,0.829412,3.317647,-0.002199,0.019245,0.076981,15.78456156886094,,0.00,0.00,0.00,0.000000,94.8,,,,,,
1776547835.505856,419,95.2,track,ekf,,620,535,-0.094999,0.831243,3.324972,-0.002199,0.019245,0.076981,15.83807342080577,,0.00,0.00,0.00,0.000000,98.0,,,,,,
1776547835.604165,420,98.3,track,ekf,,620,535,-0.095215,0.833135,3.332540,-0.002199,0.019245,0.076981,15.893425539579539,,0.00,0.00,0.00,0.000000,128.5,,,,,,
1776547835.732973,421,128.8,detect,ekf,,620,535,-0.095499,0.835614,3.342455,-0.002199,0.019245,0.076981,15.966048648318578,,0.00,0.00,0.00,0.000000,248.2,,,,,,
1776547835.981454,422,248.5,track,ekf,,620,535,-0.096045,0.840396,3.361584,-0.002199,0.019245,0.076981,16.10645901201148,,0.00,0.00,0.00,0.000000,98.0,,,,,,
1776547836.079845,423,98.4,track,ekf,,620,535,-0.096262,0.842289,3.369158,-0.002199,0.019245,0.076981,16.162162054278475,,0.00,0.00,0.00,0.000000,96.9,,,,,,
1776547836.176959,424,97.1,track,ekf,,620,535,-0.096475,0.844158,3.376634,-0.002199,0.019245,0.076981,16.217207503149673,,0.00,0.00,0.00,0.000000,98.4,,,,,,
1776547836.275625,425,98.7,track,ekf,,620,535,-0.096692,0.846057,3.384229,-0.002199,0.019245,0.076981,16.273198021070723,,0.00,0.00,0.00,0.000000,124.3,,,,,,
1776547836.400233,426,124.6,track,ekf,,620,535,-0.096966,0.848455,3.393821,-0.002199,0.019245,0.076981,16.344004446440447,,0.00,0.00,0.00,0.000000,95.1,,,,,,
1776547836.495692,427,95.5,track,ekf,,620,535,-0.097176,0.850292,3.401170,-0.002199,0.019245,0.076981,16.39831479103594,,0.00,0.00,0.00,0.000000,96.0,,,,,,
1776547836.592180,428,96.5,track,ekf,,620,535,-0.097389,0.852149,3.408598,-0.002199,0.019245,0.076981,16.45327206263013,,0.00,0.00,0.00,0.000000,98.5,,,,,,
1776547836.691050,429,98.9,track,ekf,,620,535,-0.097606,0.854052,3.416209,-0.002199,0.019245,0.076981,16.50964993136871,,0.00,0.00,0.00,0.000000,96.9,,,,,,
1776547836.788237,430,97.2,track,ekf,,620,535,-0.097820,0.855923,3.423690,-0.002199,0.019245,0.076981,16.565130744489633,,0.00,0.00,0.00,0.000000,128.0,,,,,,
1776547836.916487,431,128.3,track,ekf,,620,535,-0.098102,0.858391,3.433563,-0.002199,0.019245,0.076981,16.6384416853575,,0.00,0.00,0.00,0.000000,96.9,,,,,,
1776547837.013587,432,97.1,track,ekf,,620,535,-0.098315,0.860259,3.441038,-0.002199,0.019245,0.076981,16.69401537598729,,0.00,0.00,0.00,0.000000,95.8,,,,,,
1776547837.110799,433,97.2,track,ekf,,620,535,-0.098529,0.862130,3.448521,-0.002199,0.019245,0.076981,16.74971609279377,,0.00,0.00,0.00,0.000000,96.4,,,,,,
1776547837.207607,434,96.8,track,ekf,,620,535,-0.098742,0.863993,3.455974,-0.002199,0.019245,0.076981,16.80524655624303,,0.00,0.00,0.00,0.000000,94.7,,,,,,
1776547837.302578,435,95.0,track,ekf,,620,535,-0.098951,0.865821,3.463284,-0.002199,0.019245,0.076981,16.859783284238375,,0.00,0.00,0.00,0.000000,123.5,,,,,,
1776547837.426415,436,123.8,track,ekf,,620,535,-0.099223,0.868204,3.472818,-0.002199,0.019245,0.076981,16.930986477127924,,0.00,0.00,0.00,0.000000,95.0,,,,,,
1776547837.521691,437,95.3,track,ekf,,620,535,-0.099433,0.870038,3.480152,-0.002199,0.019245,0.076981,16.98583383474997,,0.00,0.00,0.00,0.000000,98.5,,,,,,
1776547837.620635,438,98.9,track,ekf,,620,535,-0.099651,0.871942,3.487769,-0.002199,0.019245,0.076981,17.042855595168888,,0.00,0.00,0.00,0.000000,97.7,,,,,,
1776547837.718761,439,98.1,track,ekf,,620,535,-0.099866,0.873831,3.495323,-0.002199,0.019245,0.076981,17.099469487048665,,0.00,0.00,0.00,0.000000,97.0,,,,,,
1776547837.815987,440,97.2,track,ekf,,620,535,-0.100080,0.875702,3.502807,-0.002199,0.019245,0.076981,17.15562547613221,,0.00,0.00,0.00,0.000000,126.2,,,,,,
1776547837.942465,441,126.5,track,ekf,,620,535,-0.100358,0.878136,3.512543,-0.002199,0.019245,0.076981,17.22877110345127,,0.00,0.00,0.00,0.000000,96.1,,,,,,
1776547838.038909,442,96.4,track,ekf,,620,535,-0.100571,0.879992,3.519968,-0.002199,0.019245,0.076981,17.284614629578456,,0.00,0.00,0.00,0.000000,97.1,,,,,,
1776547838.136222,443,97.3,track,ekf,,620,535,-0.100785,0.881865,3.527459,-0.002199,0.019245,0.076981,17.341022607981152,,0.00,0.00,0.00,0.000000,96.6,,,,,,
1776547838.233013,444,96.8,track,ekf,,620,535,-0.100997,0.883727,3.534910,-0.002199,0.019245,0.076981,17.397189035089934,,0.00,0.00,0.00,0.000000,92.9,,,,,,
1776547838.326178,445,93.2,track,ekf,,620,535,-0.101202,0.885520,3.542082,-0.002199,0.019245,0.076981,17.451308541625032,,0.00,0.00,0.00,0.000000,123.8,,,,,,
1776547838.450234,446,124.1,track,ekf,,620,535,-0.101475,0.887908,3.551632,-0.002199,0.019245,0.076981,17.523461972537806,,0.00,0.00,0.00,0.000000,96.7,,,,,,
1776547838.547155,447,96.9,track,ekf,,620,535,-0.101688,0.889773,3.559093,-0.002199,0.019245,0.076981,17.5798995409387,,0.00,0.00,0.00,0.000000,97.1,,,,,,
1776547838.644638,448,97.5,track,ekf,,620,535,-0.101903,0.891649,3.566597,-0.002199,0.019245,0.076981,17.63672614214648,,0.00,0.00,0.00,0.000000,96.9,,,,,,
1776547838.742062,449,97.4,track,ekf,,620,535,-0.102117,0.893524,3.574097,-0.002199,0.019245,0.076981,17.693579954175295,,0.00,0.00,0.00,0.000000,98.2,,,,,,
1776547838.840539,450,98.5,track,ekf,,620,535,-0.102334,0.895419,3.581678,-0.002199,0.019245,0.076981,17.751110060299784,,0.00,0.00,0.00,0.000000,129.4,,,,,,
1776547838.970229,451,129.7,detect,ekf,,620,535,-0.102619,0.897915,3.591661,-0.002199,0.019245,0.076981,17.82697136835749,,0.00,0.00,0.00,0.000000,259.9,,,,,,
1776547839.230448,452,260.2,track,ekf,,620,535,-0.103191,0.902923,3.611693,-0.002199,0.019245,0.076981,17.979513293762928,,0.00,0.00,0.00,0.000000,96.1,,,,,,
1776547839.326988,453,96.5,track,ekf,,620,535,-0.103404,0.904781,3.619125,-0.002199,0.019245,0.076981,18.03620687986841,,0.00,0.00,0.00,0.000000,93.7,,,,,,
1776547839.421023,454,94.0,track,ekf,,620,535,-0.103610,0.906591,3.626364,-0.002199,0.019245,0.076981,18.091489457197586,,0.00,0.00,0.00,0.000000,96.2,,,,,,
1776547839.517472,455,96.4,track,ekf,,620,535,-0.103823,0.908447,3.633788,-0.002199,0.019245,0.076981,18.148250969424076,,0.00,0.00,0.00,0.000000,127.5,,,,,,
1776547839.645262,456,127.8,track,ekf,,620,535,-0.104104,0.910906,3.643626,-0.002199,0.019245,0.076981,18.223551968667316,,0.00,0.00,0.00,0.000000,96.5,,,,,,
1776547839.742073,457,96.8,track,ekf,,620,535,-0.104317,0.912770,3.651078,-0.002199,0.019245,0.076981,18.280664582481947,,0.00,0.00,0.00,0.000000,97.8,,,,,,
1776547839.840243,458,98.2,track,ekf,,620,535,-0.104532,0.914659,3.658636,-0.002199,0.019245,0.076981,18.33864129456855,,0.00,0.00,0.00,0.000000,98.1,,,,,,
1776547839.938575,459,98.3,track,ekf,,620,535,-0.104749,0.916551,3.666205,-0.002199,0.019245,0.076981,18.396774622371105,,0.00,0.00,0.00,0.000000,97.3,,,,,,
1776547840.036062,460,97.5,track,ekf,,620,535,-0.104963,0.918427,3.673710,-0.002199,0.019245,0.076981,18.45446945224947,,0.00,0.00,0.00,0.000000,128.1,,,,,,
1776547840.164431,461,128.4,track,ekf,,620,535,-0.105245,0.920898,3.683592,-0.002199,0.019245,0.076981,18.53053385336369,,0.00,0.00,0.00,0.000000,96.2,,,,,,
1776547840.260865,462,96.4,track,ekf,,620,535,-0.105458,0.922754,3.691015,-0.002199,0.019245,0.076981,18.58774220441887,,0.00,0.00,0.00,0.000000,94.6,,,,,,
1776547840.355722,463,94.9,track,ekf,,620,535,-0.105666,0.924579,3.698317,-0.002199,0.019245,0.076981,18.644072355822303,,0.00,0.00,0.00,0.000000,94.3,,,,,,
1776547840.450199,464,94.5,track,ekf,,620,535,-0.105874,0.926398,3.705590,-0.002199,0.019245,0.076981,18.700234020135042,,0.00,0.00,0.00,0.000000,97.0,,,,,,
1776547840.547493,465,97.3,track,ekf,,620,535,-0.106088,0.928270,3.713080,-0.002199,0.019245,0.076981,18.7581289771001,,0.00,0.00,0.00,0.000000,127.2,,,,,,
1776547840.675056,466,127.6,track,ekf,,620,535,-0.106369,0.930725,3.722900,-0.002199,0.019245,0.076981,18.834128203398464,,0.00,0.00,0.00,0.000000,93.3,,,,,,
1776547840.768743,467,93.7,track,ekf,,620,535,-0.106575,0.932528,3.730112,-0.002199,0.019245,0.076981,18.890007084747566,,0.00,0.00,0.00,0.000000,96.0,,,,,,
1776547840.864986,468,96.2,track,ekf,,620,535,-0.106786,0.934380,3.737521,-0.002199,0.019245,0.076981,18.94746963142562,,0.00,0.00,0.00,0.000000,90.4,,,,,,
1776547840.955611,469,90.6,track,ekf,,620,535,-0.106986,0.936124,3.744497,-0.002199,0.019245,0.076981,19.00163053174202,,0.00,0.00,0.00,0.000000,92.5,,,,,,
1776547841.048492,470,92.9,track,ekf,,620,535,-0.107190,0.937912,3.751647,-0.002199,0.019245,0.076981,19.057193253529743,,0.00,0.00,0.00,0.000000,120.1,,,,,,
1776547841.168850,471,120.4,track,ekf,,620,535,-0.107455,0.940228,3.760912,-0.002199,0.019245,0.076981,19.129275443060138,,0.00,0.00,0.00,0.000000,89.7,,,,,,
1776547841.258751,472,89.9,track,ekf,,620,535,-0.107652,0.941958,3.767833,-0.002199,0.019245,0.076981,19.18317441176555,,0.00,0.00,0.00,0.000000,88.2,,,,,,
1776547841.347153,473,88.4,track,ekf,,620,535,-0.107847,0.943660,3.774638,-0.002199,0.019245,0.076981,19.236224188990626,,0.00,0.00,0.00,0.000000,88.2,,,,,,
1776547841.435549,474,88.4,track,ekf,,620,535,-0.108041,0.945361,3.781443,-0.002199,0.019245,0.076981,19.2893196633655,,0.00,0.00,0.00,0.000000,96.6,,,,,,
1776547841.532359,475,96.8,track,ekf,,620,535,-0.108254,0.947224,3.788896,-0.002199,0.019245,0.076981,19.34752540832779,,0.00,0.00,0.00,0.000000,121.5,,,,,,
1776547841.654090,476,121.7,track,ekf,,620,535,-0.108522,0.949567,3.798266,-0.002199,0.019245,0.076981,19.42079856270227,,0.00,0.00,0.00,0.000000,90.4,,,,,,
1776547841.744790,477,90.7,track,ekf,,620,535,-0.108721,0.951312,3.805249,-0.002199,0.019245,0.076981,19.475451424591995,,0.00,0.00,0.00,0.000000,92.7,,,,,,
1776547841.837715,478,92.9,track,ekf,,620,535,-0.108926,0.953101,3.812402,-0.002199,0.019245,0.076981,19.53149873706952,,0.00,0.00,0.00,0.000000,92.5,,,,,,
1776547841.930569,479,92.9,track,ekf,,620,535,-0.109130,0.954888,3.819550,-0.002199,0.019245,0.076981,19.58755701949168,,0.00,0.00,0.00,0.000000,98.6,,,,,,
1776547842.029576,480,99.0,track,ekf,,620,535,-0.109348,0.956793,3.827172,-0.002199,0.019245,0.076981,19.647389557769817,,0.00,0.00,0.00,0.000000,124.4,,,,,,
1776547842.154217,481,124.6,detect,ekf,,620,535,-0.109622,0.959192,3.836767,-0.002199,0.019245,0.076981,19.72280128013384,,0.00,0.00,0.00,0.000000,244.1,,,,,,
1776547842.398550,482,244.3,track,ekf,,620,535,-0.110159,0.963894,3.855575,-0.002199,0.019245,0.076981,19.870912207351335,,0.00,0.00,0.00,0.000000,89.6,,,,,,
1776547842.488458,483,89.9,track,ekf,,620,535,-0.110357,0.965624,3.862497,-0.002199,0.019245,0.076981,19.925498148729847,,0.00,0.00,0.00,0.000000,89.2,,,,,,
1776547842.578009,484,89.6,track,ekf,,620,535,-0.110554,0.967348,3.869390,-0.002199,0.019245,0.076981,19.97991933660777,,0.00,0.00,0.00,0.000000,93.1,,,,,,
1776547842.671507,485,93.5,track,ekf,,620,535,-0.110760,0.969147,3.876588,-0.002199,0.019245,0.076981,20.036793564993616,,0.00,0.00,0.00,0.000000,121.9,,,,,,
1776547842.793659,486,122.2,track,ekf,,620,535,-0.111028,0.971498,3.885991,-0.002199,0.019245,0.076981,20.111181637000758,,0.00,0.00,0.00,0.000000,92.3,,,,,,
1776547842.886172,487,92.5,track,ekf,,620,535,-0.111232,0.973278,3.893113,-0.002199,0.019245,0.076981,20.167579451872857,,0.00,0.00,0.00,0.000000,90.8,,,,,,
1776547842.977251,488,91.1,track,ekf,,620,535,-0.111432,0.975031,3.900124,-0.002199,0.019245,0.076981,20.223154788335474,,0.00,0.00,0.00,0.000000,91.5,,,,,,
1776547843.068950,489,91.7,track,ekf,,620,535,-0.111634,0.976796,3.907183,-0.002199,0.019245,0.076981,20.279160199536623,,0.00,0.00,0.00,0.000000,92.5,,,,,,
1776547843.161718,490,92.8,track,ekf,,620,535,-0.111838,0.978581,3.914325,-0.002199,0.019245,0.076981,20.33587173701541,,0.00,0.00,0.00,0.000000,123.9,,,,,,
1776547843.286002,491,124.3,track,ekf,,620,535,-0.112111,0.980973,3.923892,-0.002199,0.019245,0.076981,20.41193356695293,,0.00,0.00,0.00,0.000000,92.5,,,,,,
1776547843.378775,492,92.8,track,ekf,,620,535,-0.112315,0.982758,3.931034,-0.002199,0.019245,0.076981,20.46877026737511,,0.00,0.00,0.00,0.000000,93.0,,,,,,
1776547843.472022,493,93.2,track,ekf,,620,535,-0.112520,0.984553,3.938212,-0.002199,0.019245,0.076981,20.525950981664625,,0.00,0.00,0.00,0.000000,97.5,,,,,,
1776547843.569743,494,97.7,track,ekf,,620,535,-0.112735,0.986434,3.945735,-0.002199,0.019245,0.076981,20.585933325616825,,0.00,0.00,0.00,0.000000,97.3,,,,,,
1776547843.667303,495,97.6,track,ekf,,620,535,-0.112950,0.988311,3.953245,-0.002199,0.019245,0.076981,20.645874085230133,,0.00,0.00,0.00,0.000000,121.6,,,,,,
1776547843.789190,496,121.9,track,ekf,,620,535,-0.113218,0.990657,3.962628,-0.002199,0.019245,0.076981,20.720845014342657,,0.00,0.00,0.00,0.000000,92.1,,,,,,
1776547843.881494,497,92.3,track,ekf,,620,535,-0.113421,0.992433,3.969733,-0.002199,0.019245,0.076981,20.777678407063064,,0.00,0.00,0.00,0.000000,91.5,,,,,,
1776547843.973266,498,91.8,track,ekf,,620,535,-0.113623,0.994200,3.976798,-0.002199,0.019245,0.076981,20.834235819249027,,0.00,0.00,0.00,0.000000,90.3,,,,,,
1776547844.063763,499,90.5,track,ekf,,620,535,-0.113822,0.995941,3.983765,-0.002199,0.019245,0.076981,20.89005781459906,,0.00,0.00,0.00,0.000000,89.7,,,,,,
1776547844.153770,500,90.0,track,ekf,,620,535,-0.114020,0.997673,3.990693,-0.002199,0.019245,0.076981,20.945627147029974,,0.00,0.00,0.00,0.000000,121.5,,,,,,
1776547844.275542,501,121.8,track,ekf,,620,535,-0.114288,1.000017,4.000067,-0.002199,0.019245,0.076981,21.020887908775336,,0.00,0.00,0.00,0.000000,93.9,,,,,,
1776547844.369638,502,94.1,track,ekf,,620,536,-0.114484,1.003773,4.006825,-0.002183,0.023337,0.075958,21.079103265327316,,0.00,0.00,0.00,0.000000,94.5,,,,,,
1776547844.464403,503,94.8,track,ekf,,620,535,-0.123901,1.085786,4.336465,-0.002457,0.024092,0.085805,20.271555373390214,,0.00,0.00,0.00,0.000000,96.7,,,,,,
1776547844.561491,504,97.1,track,ekf,,620,535,-0.126020,1.103999,4.410667,-0.002515,0.023386,0.088028,20.26673326773052,,0.00,0.00,0.00,0.000000,99.4,,,,,,
1776547844.661300,505,99.8,track,ekf,,620,536,-0.127403,1.117806,4.458991,-0.002535,0.026798,0.088396,20.322167336831605,,0.00,0.00,0.00,0.000000,130.9,,,,,,
1776547844.792511,506,131.2,track,ekf,,620,535,-0.134522,1.179551,4.708252,-0.002739,0.026215,0.095910,20.142548839599495,,0.00,0.00,0.00,0.000000,98.1,,,,,,
1776547844.891014,507,98.5,track,ekf,,620,535,-0.133831,1.172829,4.684128,-0.002718,0.024282,0.095368,20.190384285627182,,0.00,0.00,0.00,0.000000,97.0,,,,,,
1776547844.988245,508,97.2,track,ekf,,620,535,-0.131559,1.152334,4.604637,-0.002650,0.022454,0.093098,20.095872843889243,,0.00,0.00,0.00,0.000000,97.9,,,,,,
1776547845.086433,509,98.2,track,ekf,,620,535,-0.129792,1.136389,4.542817,-0.002597,0.021231,0.091226,19.87971454911238,,0.00,0.00,0.00,0.000000,98.2,,,,,,
1776547845.185013,510,98.6,track,ekf,,620,535,-0.129055,1.129588,4.517023,-0.002572,0.020642,0.090307,19.658185356806833,,0.00,0.00,0.00,0.000000,123.6,,,,,,
1776547845.308918,511,123.9,detect,ekf,,620,536,-0.139512,1.223250,4.882885,-0.002849,0.027374,0.099476,19.524076368750613,,0.00,0.00,0.00,0.000000,244.3,,,,,,
1776547845.553364,512,244.4,track,ekf,,620,535,-0.144705,1.267975,5.064703,-0.002985,0.026297,0.104557,19.43926992972322,,0.00,0.00,0.00,0.000000,90.9,,,,,,
1776547845.644516,513,91.2,track,ekf,,620,535,-0.144734,1.267580,5.065740,-0.002983,0.025151,0.104583,19.488388437832143,,0.00,0.00,0.00,0.000000,90.2,,,,,,
1776547845.735015,514,90.5,track,ekf,,620,535,-0.144333,1.263625,5.051738,-0.002968,0.024378,0.104060,19.500079392786034,,0.00,0.00,0.00,0.000000,91.2,,,,,,
1776547845.826458,515,91.4,track,ekf,,620,535,-0.144185,1.261995,5.046536,-0.002958,0.023966,0.103715,19.49417155161912,,0.00,0.00,0.00,0.000000,120.6,,,,,,
1776547845.947281,516,120.8,track,ekf,,620,535,-0.144454,1.264067,5.055948,-0.002958,0.023870,0.103644,19.511169020728133,,0.00,0.00,0.00,0.000000,96.7,,,,,,
1776547846.044390,517,97.1,track,ekf,,620,535,-0.144806,1.266982,5.068241,-0.002960,0.023955,0.103690,19.537429776132978,,0.00,0.00,0.00,0.000000,95.6,,,,,,
1776547846.140189,518,95.8,track,ekf,,620,535,-0.145177,1.270126,5.081221,-0.002963,0.024131,0.103740,19.580712542968456,,0.00,0.00,0.00,0.000000,96.3,,,,,,
1776547846.236838,519,96.6,track,ekf,,620,535,-0.145506,1.272939,5.092712,-0.002964,0.024347,0.103732,19.63327443683455,,0.00,0.00,0.00,0.000000,94.2,,,,,,
1776547846.331374,520,94.5,track,ekf,,620,535,-0.145762,1.275153,5.101669,-0.002963,0.024565,0.103655,19.685733949923012,,0.00,0.00,0.00,0.000000,126.8,,,,,,
1776547846.458494,521,127.1,track,ekf,,620,535,-0.146042,1.277582,5.111469,-0.002959,0.024807,0.103497,19.752185722125787,,0.00,0.00,0.00,0.000000,101.2,,,,,,
1776547846.560080,522,101.6,track,ekf,,620,535,-0.146212,1.279087,5.117388,-0.002955,0.025010,0.103311,19.7985288574429,,0.00,0.00,0.00,0.000000,100.5,,,,,,
1776547846.660784,523,100.7,track,ekf,,620,535,-0.146374,1.280539,5.123066,-0.002949,0.025177,0.103131,19.840277723921307,,0.00,0.00,0.00,0.000000,98.3,,,,,,
1776547846.759316,524,98.5,track,ekf,,620,535,-0.146545,1.282074,5.129064,-0.002945,0.025314,0.102974,19.87945350640958,,0.00,0.00,0.00,0.000000,98.3,,,,,,
1776547846.858031,525,98.7,track,ekf,,620,535,-0.146741,1.283822,5.135919,-0.002941,0.025426,0.102849,19.919705302504696,,0.00,0.00,0.00,0.000000,128.4,,,,,,
1776547846.986727,526,128.7,track,ekf,,620,535,-0.147048,1.286535,5.146649,-0.002938,0.025526,0.102751,19.978915757748716,,0.00,0.00,0.00,0.000000,97.5,,,,,,
1776547847.084511,527,97.8,track,ekf,,620,535,-0.147290,1.288683,5.155110,-0.002936,0.025598,0.102687,20.024286542797384,,0.00,0.00,0.00,0.000000,99.3,,,,,,
1776547847.184077,528,99.6,track,ekf,,620,535,-0.147555,1.291033,5.164406,-0.002934,0.025650,0.102647,20.073910037210755,,0.00,0.00,0.00,0.000000,98.9,,,,,,
1776547847.283345,529,99.3,track,ekf,,620,535,-0.147832,1.293480,5.174106,-0.002933,0.025686,0.102624,20.12598664508392,,0.00,0.00,0.00,0.000000,95.8,,,,,,
1776547847.379511,530,96.2,track,ekf,,620,535,-0.148108,1.295908,5.183750,-0.002933,0.025709,0.102611,20.178173691574436,,0.00,0.00,0.00,0.000000,127.6,,,,,,
1776547847.507383,531,127.9,track,ekf,,620,535,-0.148480,1.299186,5.196802,-0.002932,0.025722,0.102606,20.249526598566785,,0.00,0.00,0.00,0.000000,97.1,,,,,,
1776547847.604813,532,97.4,track,ekf,,620,535,-0.148766,1.301691,5.206785,-0.002932,0.025727,0.102605,20.304322043428854,,0.00,0.00,0.00,0.000000,99.5,,,,,,
1776547847.704537,533,99.7,track,ekf,,620,535,-0.149058,1.304256,5.217018,-0.002932,0.025725,0.102605,20.36066029989293,,0.00,0.00,0.00,0.000000,98.8,,,,,,
1776547847.803599,534,99.1,track,ekf,,620,535,-0.149348,1.306801,5.227179,-0.002931,0.025720,0.102606,20.416680615873688,,0.00,0.00,0.00,0.000000,97.6,,,,,,
1776547847.901436,535,97.8,track,ekf,,620,535,-0.149634,1.309310,5.237203,-0.002931,0.025713,0.102608,20.471987939107045,,0.00,0.00,0.00,0.000000,124.7,,,,,,
1776547848.026448,536,125.0,track,ekf,,620,535,-0.150000,1.312512,5.250004,-0.002931,0.025703,0.102609,20.542650634442076,,0.00,0.00,0.00,0.000000,96.0,,,,,,
1776547848.122720,537,96.3,track,ekf,,620,535,-0.150282,1.314974,5.259854,-0.002931,0.025694,0.102611,20.597040818295046,,0.00,0.00,0.00,0.000000,97.3,,,,,,
1776547848.220343,538,97.6,track,ekf,,620,536,-0.150966,1.323366,5.283692,-0.002926,0.029993,0.101948,20.652253542578254,,0.00,0.00,0.00,0.000000,95.2,,,,,,
1776547848.315840,539,95.5,track,ekf,,620,535,-0.156830,1.374242,5.488972,-0.003083,0.029818,0.107703,20.332551191449202,,0.00,0.00,0.00,0.000000,95.1,,,,,,
1776547848.411146,540,95.3,track,ekf,,620,535,-0.158710,1.390316,5.554817,-0.003130,0.029038,0.109519,20.336583602359955,,0.00,0.00,0.00,0.000000,125.3,,,,,,
1776547848.536687,541,125.5,detect,ekf,,620,535,-0.159083,1.393211,5.567900,-0.003132,0.028034,0.109753,20.40672835919633,,0.00,0.00,0.00,0.000000,273.5,,,,,,
1776547848.810535,542,273.8,track,ekf,,620,535,-0.159197,1.393744,5.571974,-0.003117,0.026928,0.109280,20.521732502206067,,0.00,0.00,0.00,0.000000,97.6,,,,,,
1776547848.908407,543,97.9,track,ekf,,620,535,-0.158944,1.391210,5.563116,-0.003105,0.026383,0.108852,20.502721306487384,,0.00,0.00,0.00,0.000000,96.9,,,,,,
1776547849.005571,544,97.2,track,ekf,,620,535,-0.158979,1.391310,5.564338,-0.003100,0.026129,0.108646,20.49149381240629,,0.00,0.00,0.00,0.000000,98.0,,,,,,
1776547849.103918,545,98.3,track,ekf,,620,535,-0.159205,1.393136,5.572212,-0.003099,0.026044,0.108586,20.500699590132548,,0.00,0.00,0.00,0.000000,128.1,,,,,,
1776547849.232286,546,128.4,track,ekf,,620,535,-0.159632,1.396749,5.587150,-0.003101,0.026083,0.108605,20.54580205975361,,0.00,0.00,0.00,0.000000,92.0,,,,,,
1776547849.324576,547,92.3,track,ekf,,620,535,-0.159961,1.399578,5.598682,-0.003102,0.026168,0.108627,20.58641759199064,,0.00,0.00,0.00,0.000000,88.2,,,,,,
1776547849.413006,548,88.4,track,ekf,,620,535,-0.160266,1.402213,5.609349,-0.003103,0.026269,0.108633,20.6326694106182,,0.00,0.00,0.00,0.000000,90.0,,,,,,
1776547849.503203,549,90.2,track,ekf,,620,535,-0.160556,1.404729,5.619485,-0.003104,0.026378,0.108616,20.68278128820739,,0.00,0.00,0.00,0.000000,91.0,,,,,,
1776547849.594421,550,91.2,track,ekf,,620,535,-0.160829,1.407106,5.629019,-0.003103,0.026487,0.108579,20.733533472717504,,0.00,0.00,0.00,0.000000,130.0,,,,,,
1776547849.724753,551,130.3,track,ekf,,620,535,-0.161201,1.410351,5.642032,-0.003102,0.026610,0.108516,20.804465021508626,,0.00,0.00,0.00,0.000000,97.8,,,,,,
1776547849.822804,552,98.1,track,ekf,,620,535,-0.161465,1.412678,5.651278,-0.003100,0.026714,0.108452,20.855555213394084,,0.00,0.00,0.00,0.000000,97.6,,,,,,
1776547849.920769,553,98.0,track,ekf,,620,535,-0.161730,1.415007,5.660521,-0.003099,0.026801,0.108391,20.905476025073924,,0.00,0.00,0.00,0.000000,97.7,,,,,,
1776547850.018691,554,97.9,track,ekf,,620,535,-0.161998,1.417377,5.669926,-0.003097,0.026873,0.108340,20.955068428051987,,0.00,0.00,0.00,0.000000,97.7,,,,,,
1776547850.116677,555,98.0,track,ekf,,620,535,-0.162274,1.419807,5.679575,-0.003096,0.026933,0.108298,21.00507699349587,,0.00,0.00,0.00,0.000000,125.9,,,,,,
1776547850.242894,556,126.2,track,ekf,,620,535,-0.162643,1.423055,5.692499,-0.003095,0.026985,0.108265,21.07162554110762,,0.00,0.00,0.00,0.000000,87.5,,,,,,
1776547850.330681,557,87.8,track,ekf,,620,535,-0.162901,1.425328,5.701523,-0.003094,0.027022,0.108242,21.117765356230358,,0.00,0.00,0.00,0.000000,87.8,,,,,,
1776547850.418827,558,88.1,track,ekf,,620,535,-0.163165,1.427653,5.710769,-0.003093,0.027048,0.108227,21.165163450801373,,0.00,0.00,0.00,0.000000,93.0,,,,,,
1776547850.512073,559,93.2,track,ekf,,620,535,-0.163449,1.430145,5.720691,-0.003093,0.027068,0.108218,21.216299462849914,,0.00,0.00,0.00,0.000000,93.5,,,,,,
1776547850.605808,560,93.7,track,ekf,,620,535,-0.163736,1.432668,5.730747,-0.003092,0.027081,0.108212,21.268380523991965,,0.00,0.00,0.00,0.000000,120.5,,,,,,
1776547850.726616,561,120.8,track,ekf,,620,535,-0.164108,1.435936,5.743784,-0.003092,0.027089,0.108209,21.336294852707436,,0.00,0.00,0.00,0.000000,92.3,,,,,,
1776547850.819141,562,92.5,track,ekf,,620,535,-0.164394,1.438441,5.753786,-0.003092,0.027092,0.108208,21.388525733230285,,0.00,0.00,0.00,0.000000,97.2,,,,,,
1776547850.916579,563,97.4,track,ekf,,620,535,-0.164695,1.441081,5.764328,-0.003092,0.027093,0.108208,21.443729275342807,,0.00,0.00,0.00,0.000000,96.9,,,,,,
1776547851.013814,564,97.2,track,ekf,,620,535,-0.164996,1.443715,5.774851,-0.003092,0.027091,0.108208,21.49892581587808,,0.00,0.00,0.00,0.000000,97.9,,,,,,
1776547851.112031,565,98.2,track,ekf,,620,535,-0.165299,1.446374,5.785478,-0.003092,0.027088,0.108209,21.55474233317268,,0.00,0.00,0.00,0.000000,128.5,,,,,,
1776547851.240786,566,128.8,track,ekf,,620,535,-0.165697,1.449857,5.799405,-0.003092,0.027083,0.108210,21.627984604687637,,0.00,0.00,0.00,0.000000,94.6,,,,,,
1776547851.335623,567,94.8,track,ekf,,620,535,-0.165990,1.452421,5.809661,-0.003092,0.027079,0.108211,21.681971472636228,,0.00,0.00,0.00,0.000000,100.0,,,,,,
1776547851.436077,568,100.5,track,ekf,,620,535,-0.166301,1.455137,5.820525,-0.003092,0.027074,0.108212,21.739212052801296,,0.00,0.00,0.00,0.000000,98.2,,,,,,
1776547851.534696,569,98.6,track,ekf,,620,535,-0.166605,1.457803,5.831190,-0.003092,0.027070,0.108213,21.79546667579767,,0.00,0.00,0.00,0.000000,97.2,,,,,,
1776547851.632138,570,97.4,track,ekf,,620,535,-0.166906,1.460437,5.841728,-0.003092,0.027066,0.108214,21.8511173721629,,0.00,0.00,0.00,0.000000,128.5,,,,,,
1776547851.760916,571,128.8,detect,ekf,,620,535,-0.167304,1.463919,5.855659,-0.003092,0.027063,0.108214,21.924789286179315,,0.00,0.00,0.00,0.000000,256.2,,,,,,
1776547852.017291,572,256.4,track,ekf,,620,535,-0.168097,1.470853,5.883398,-0.003092,0.027058,0.108215,22.071856844802415,,0.00,0.00,0.00,0.000000,97.6,,,,,,
1776547852.115174,573,97.9,track,ekf,,620,535,-0.168400,1.473500,5.893988,-0.003092,0.027056,0.108216,22.12809818916845,,0.00,0.00,0.00,0.000000,97.0,,,,,,
1776547852.212487,574,97.3,track,ekf,,620,535,-0.168700,1.476131,5.904518,-0.003092,0.027055,0.108216,22.18409366850834,,0.00,0.00,0.00,0.000000,94.1,,,,,,
1776547852.306855,575,94.4,track,ekf,,620,535,-0.168992,1.478684,5.914729,-0.003092,0.027054,0.108216,22.238464022194094,,0.00,0.00,0.00,0.000000,121.0,,,,,,
1776547852.428127,576,121.3,track,ekf,,620,535,-0.169367,1.481964,5.927853,-0.003092,0.027053,0.108217,22.308434300746413,,0.00,0.00,0.00,0.000000,89.4,,,,,,
1776547852.517804,577,89.7,track,ekf,,620,535,-0.169644,1.484390,5.937557,-0.003092,0.027053,0.108217,22.36023655308642,,0.00,0.00,0.00,0.000000,91.4,,,,,,
1776547852.609492,578,91.7,track,ekf,,620,535,-0.169928,1.486870,5.947479,-0.003092,0.027052,0.108217,22.413258119107415,,0.00,0.00,0.00,0.000000,90.5,,,,,,
1776547852.700262,579,90.8,track,ekf,,620,535,-0.170209,1.489326,5.957302,-0.003092,0.027052,0.108217,22.465804340362823,,0.00,0.00,0.00,0.000000,91.0,,,,,,
1776547852.791683,580,91.4,track,ekf,,620,535,-0.170491,1.491799,5.967195,-0.003092,0.027052,0.108217,22.518782760578098,,0.00,0.00,0.00,0.000000,120.6,,,,,,
1776547852.912553,581,120.9,track,ekf,,620,535,-0.170865,1.495069,5.980276,-0.003092,0.027053,0.108217,22.58891441371112,,0.00,0.00,0.00,0.000000,92.4,,,,,,
1776547853.005234,582,92.7,track,ekf,,620,535,-0.171152,1.497576,5.990305,-0.003092,0.027053,0.108217,22.642751591880774,,0.00,0.00,0.00,0.000000,91.6,,,,,,
1776547853.097107,583,91.9,track,ekf,,620,535,-0.171436,1.500062,6.000247,-0.003092,0.027053,0.108217,22.696175938006505,,0.00,0.00,0.00,0.000000,93.9,,,,,,
1776547853.191234,584,94.1,track,ekf,,620,535,-0.171727,1.502608,6.010433,-0.003092,0.027053,0.108217,22.75096844225314,,0.00,0.00,0.00,0.000000,94.5,,,,,,
1776547853.285940,585,94.7,track,ekf,,620,535,-0.172019,1.505170,6.020682,-0.003092,0.027053,0.108217,22.80615741063978,,0.00,0.00,0.00,0.000000,123.0,,,,,,
1776547853.409225,586,123.3,track,ekf,,620,535,-0.172401,1.508506,6.034024,-0.003092,0.027053,0.108216,22.878090330695713,,0.00,0.00,0.00,0.000000,88.1,,,,,,
1776547853.497586,587,88.4,track,ekf,,620,535,-0.172674,1.510896,6.043586,-0.003092,0.027054,0.108216,22.929704498374925,,0.00,0.00,0.00,0.000000,97.4,,,,,,
1776547853.595203,588,97.6,track,ekf,,620,535,-0.172976,1.513537,6.054149,-0.003092,0.027054,0.108216,22.986785935704884,,0.00,0.00,0.00,0.000000,98.1,,,,,,
1776547853.693554,589,98.4,track,ekf,,620,535,-0.173280,1.516198,6.064793,-0.003092,0.027054,0.108216,23.044359815527553,,0.00,0.00,0.00,0.000000,91.8,,,,,,
1776547853.785574,590,92.0,track,ekf,,620,535,-0.173564,1.518688,6.074751,-0.003092,0.027054,0.108216,23.098284597670677,,0.00,0.00,0.00,0.000000,124.4,,,,,,
1776547853.910194,591,124.6,track,ekf,,620,535,-0.173950,1.522059,6.088236,-0.003092,0.027054,0.108216,23.171404382088657,,0.00,0.00,0.00,0.000000,96.7,,,,,,
1776547854.007294,592,97.1,track,ekf,,620,535,-0.174250,1.524686,6.098744,-0.003092,0.027054,0.108216,23.228444343113416,,0.00,0.00,0.00,0.000000,91.4,,,,,,
1776547854.099065,593,91.8,track,ekf,,620,535,-0.174534,1.527169,6.108675,-0.003092,0.027054,0.108216,23.282410407826386,,0.00,0.00,0.00,0.000000,90.3,,,,,,
1776547854.189762,594,90.7,track,ekf,,620,535,-0.174814,1.529623,6.118490,-0.003092,0.027054,0.108216,23.335798666892053,,0.00,0.00,0.00,0.000000,89.1,,,,,,
1776547854.279067,595,89.3,track,ekf,,620,535,-0.175090,1.532039,6.128155,-0.003092,0.027054,0.108216,23.38842011993755,,0.00,0.00,0.00,0.000000,118.1,,,,,,
1776547854.397496,596,118.4,track,ekf,,620,535,-0.175456,1.535243,6.140971,-0.003092,0.027054,0.108216,23.458285194182757,,0.00,0.00,0.00,0.000000,90.3,,,,,,
1776547854.488069,597,90.6,track,ekf,,620,535,-0.175736,1.537693,6.150772,-0.003092,0.027054,0.108216,23.511775457920784,,0.00,0.00,0.00,0.000000,91.6,,,,,,
1776547854.580065,598,92.0,track,ekf,,620,535,-0.176021,1.540182,6.160727,-0.003092,0.027054,0.108216,23.566161056585965,,0.00,0.00,0.00,0.000000,97.1,,,,,,
1776547854.677432,599,97.4,track,ekf,,620,535,-0.176322,1.542816,6.171264,-0.003092,0.027054,0.108216,23.623782385965026,,0.00,0.00,0.00,0.000000,97.6,,,,,,
1776547854.775344,600,97.9,track,ekf,,620,535,-0.176625,1.545465,6.181860,-0.003092,0.027054,0.108216,23.68178822717378,,0.00,0.00,0.00,0.000000,130.0,,,,,,
1776547854.905607,601,130.3,detect,ekf,,620,535,-0.177027,1.548989,6.195956,-0.003092,0.027054,0.108216,23.75905798622748,,0.00,0.00,0.00,0.000000,274.4,,,,,,
1776547855.180222,602,274.6,track,ekf,,620,535,-0.177876,1.556419,6.225674,-0.003092,0.027054,0.108216,23.92232072208189,,0.00,0.00,0.00,0.000000,97.2,,,,,,
1776547855.277714,603,97.5,track,ekf,,620,535,-0.178178,1.559056,6.236224,-0.003092,0.027054,0.108216,23.98038442632992,,0.00,0.00,0.00,0.000000,95.9,,,,,,
1776547855.373825,604,96.1,track,ekf,,620,535,-0.178475,1.561656,6.246625,-0.003092,0.027054,0.108216,24.037689098184938,,0.00,0.00,0.00,0.000000,96.5,,,,,,
1776547855.470597,605,96.8,track,ekf,,620,535,-0.178774,1.564274,6.257098,-0.003092,0.027054,0.108216,24.09544947720942,,0.00,0.00,0.00,0.000000,128.9,,,,,,
1776547855.599717,606,129.1,track,ekf,,620,535,-0.179173,1.567768,6.271071,-0.003092,0.027054,0.108216,24.172615913491494,,0.00,0.00,0.00,0.000000,96.3,,,,,,
1776547855.696357,607,96.6,track,ekf,,620,535,-0.179472,1.570382,6.281528,-0.003092,0.027054,0.108216,24.230437783708748,,0.00,0.00,0.00,0.000000,98.0,,,,,,
1776547855.794606,608,98.2,track,ekf,,620,535,-0.179776,1.573040,6.292161,-0.003092,0.027054,0.108216,24.28928526030045,,0.00,0.00,0.00,0.000000,98.3,,,,,,
1776547855.893181,609,98.6,track,ekf,,620,535,-0.180081,1.575707,6.302828,-0.003092,0.027054,0.108216,24.348389669530885,,0.00,0.00,0.00,0.000000,97.2,,,,,,
1776547855.990645,610,97.5,track,ekf,,620,535,-0.180382,1.578344,6.313375,-0.003092,0.027054,0.108216,24.406889631421212,,0.00,0.00,0.00,0.000000,127.8,,,,,,
1776547856.118678,611,128.0,track,ekf,,620,535,-0.180778,1.581808,6.327231,-0.003092,0.027054,0.108216,24.483832288182388,,0.00,0.00,0.00,0.000000,96.3,,,,,,
1776547856.215272,612,96.6,track,ekf,,620,535,-0.181077,1.584421,6.337684,-0.003092,0.027054,0.108216,24.541948008574977,,0.00,0.00,0.00,0.000000,96.4,,,,,,
1776547856.311865,613,96.6,track,ekf,,620,535,-0.181375,1.587034,6.348136,-0.003092,0.027054,0.108216,24.600122135470777,,0.00,0.00,0.00,0.000000,93.1,,,,,,
1776547856.405206,614,93.3,track,ekf,,620,535,-0.181664,1.589559,6.358238,-0.003092,0.027054,0.108216,24.65639465479705,,0.00,0.00,0.00,0.000000,95.8,,,,,,
1776547856.501290,615,96.1,track,ekf,,620,535,-0.181961,1.592159,6.368635,-0.003092,0.027054,0.108216,24.714379546268862,,0.00,0.00,0.00,0.000000,129.2,,,,,,
1776547856.630718,616,129.4,track,ekf,,620,535,-0.182361,1.595660,6.382642,-0.003092,0.027054,0.108216,24.792582065518204,,0.00,0.00,0.00,0.000000,96.6,,,,,,
1776547856.727583,617,96.9,track,ekf,,620,535,-0.182661,1.598281,6.393124,-0.003092,0.027054,0.108216,24.851175943743854,,0.00,0.00,0.00,0.000000,95.6,,,,,,
1776547856.823447,618,95.9,track,ekf,,620,535,-0.182957,1.600875,6.403498,-0.003092,0.027054,0.108216,24.90922292555199,,0.00,0.00,0.00,0.000000,97.4,,,,,,
1776547856.921170,619,97.7,track,ekf,,620,535,-0.183259,1.603518,6.414073,-0.003092,0.027054,0.108216,24.968456037485073,,0.00,0.00,0.00,0.000000,97.2,,,,,,
1776547857.018671,620,97.5,track,ekf,,620,535,-0.183561,1.606156,6.424624,-0.003092,0.027054,0.108216,25.027615527354392,,0.00,0.00,0.00,0.000000,128.8,,,,,,
1776547857.147683,621,129.0,track,ekf,,620,535,-0.183960,1.609646,6.438586,-0.003092,0.027054,0.108216,25.105989166580045,,0.00,0.00,0.00,0.000000,96.2,,,,,,
1776547857.244161,622,96.5,track,ekf,,620,535,-0.184258,1.612257,6.449026,-0.003092,0.027054,0.108216,25.164663819601877,,0.00,0.00,0.00,0.000000,93.1,,,,,,
1776547857.337504,623,93.3,track,ekf,,620,535,-0.184546,1.614782,6.459127,-0.003092,0.027054,0.108216,25.221488586122252,,0.00,0.00,0.00,0.000000,95.3,,,,,,
1776547857.433183,624,95.7,track,ekf,,620,535,-0.184842,1.617370,6.469481,-0.003092,0.027054,0.108216,25.279792453908776,,0.00,0.00,0.00,0.000000,95.5,,,,,,
1776547857.529001,625,95.8,track,ekf,,620,535,-0.185139,1.619963,6.479851,-0.003092,0.027054,0.108216,25.33823971525209,,0.00,0.00,0.00,0.000000,124.9,,,,,,
1776547857.654169,626,125.2,track,ekf,,620,535,-0.185526,1.623349,6.493396,-0.003092,0.027054,0.108216,25.414678873193203,,0.00,0.00,0.00,0.000000,97.4,,,,,,
1776547857.751822,627,97.7,track,ekf,,620,535,-0.185828,1.625991,6.503963,-0.003092,0.027054,0.108216,25.47438026614237,,0.00,0.00,0.00,0.000000,99.4,,,,,,
1776547857.851538,628,99.7,track,ekf,,620,535,-0.186136,1.628689,6.514754,-0.003092,0.027054,0.108216,25.535405597303754,,0.00,0.00,0.00,0.000000,96.5,,,,,,
1776547857.948303,629,96.8,track,ekf,,620,535,-0.186435,1.631306,6.525226,-0.003092,0.027054,0.108216,25.59468406016482,,0.00,0.00,0.00,0.000000,95.5,,,,,,
1776547858.044106,630,95.8,track,ekf,,620,535,-0.186731,1.633898,6.535593,-0.003092,0.027054,0.108216,25.653431959014835,,0.00,0.00,0.00,0.000000,125.4,,,,,,
1776547858.169835,631,125.7,detect,ekf,,620,535,-0.187120,1.637300,6.549199,-0.003092,0.027054,0.108216,25.73061955004504,,0.00,0.00,0.00,0.000000,256.2,,,,,,
1776547858.426393,632,256.6,track,ekf,,620,535,-0.187913,1.644241,6.576963,-0.003092,0.027054,0.108216,25.888440776881197,,0.00,0.00,0.00,0.000000,95.6,,,,,,
1776547858.522236,633,95.8,track,ekf,,620,535,-0.188210,1.646834,6.587335,-0.003092,0.027054,0.108216,25.947491755530162,,0.00,0.00,0.00,0.000000,99.0,,,,,,
1776547858.621629,634,99.4,track,ekf,,620,535,-0.188517,1.649523,6.598091,-0.003092,0.027054,0.108216,26.008793777261584,,0.00,0.00,0.00,0.000000,96.6,,,,,,
1776547858.718441,635,96.8,track,ekf,,620,535,-0.188816,1.652142,6.608567,-0.003092,0.027054,0.108216,26.06856451051768,,0.00,0.00,0.00,0.000000,123.9,,,,,,
1776547858.842694,636,124.3,track,ekf,,620,535,-0.189200,1.655503,6.622014,-0.003092,0.027054,0.108216,26.145366737321677,,0.00,0.00,0.00,0.000000,97.3,,,,,,
1776547858.940431,637,97.7,track,ekf,,620,535,-0.189503,1.658148,6.632590,-0.003092,0.027054,0.108216,26.205843786985117,,0.00,0.00,0.00,0.000000,98.6,,,,,,
1776547859.039232,638,98.8,track,ekf,,620,535,-0.189808,1.660821,6.643282,-0.003092,0.027054,0.108216,26.267040044745674,,0.00,0.00,0.00,0.000000,96.4,,,,,,
1776547859.135986,639,96.8,track,ekf,,620,535,-0.190107,1.663438,6.653753,-0.003092,0.027054,0.108216,26.327027469209312,,0.00,0.00,0.00,0.000000,97.5,,,,,,
1776547859.233690,640,97.7,track,ekf,,620,535,-0.190409,1.666081,6.664326,-0.003092,0.027054,0.108216,26.38766329737669,,0.00,0.00,0.00,0.000000,126.2,,,,,,
1776547859.360206,641,126.5,track,ekf,,620,535,-0.190800,1.669504,6.678017,-0.003092,0.027054,0.108216,26.466270201677368,,0.00,0.00,0.00,0.000000,94.7,,,,,,
1776547859.455169,642,95.0,track,ekf,,620,535,-0.191094,1.672073,6.688293,-0.003092,0.027054,0.108216,26.525334682994547,,0.00,0.00,0.00,0.000000,97.2,,,,,,
1776547859.552564,643,97.4,track,ekf,,620,535,-0.191395,1.674708,6.698833,-0.003092,0.027054,0.108216,26.585969786127627,,0.00,0.00,0.00,0.000000,96.2,,,,,,
1776547859.649065,644,96.5,track,ekf,,620,535,-0.191694,1.677319,6.709276,-0.003092,0.027054,0.108216,26.64610673569819,,0.00,0.00,0.00,0.000000,96.6,,,,,,
1776547859.745860,645,96.8,track,ekf,,620,535,-0.191993,1.679938,6.719751,-0.003092,0.027054,0.108216,26.706484619541634,,0.00,0.00,0.00,0.000000,126.7,,,,,,
1776547859.872792,646,126.9,track,ekf,,620,535,-0.192385,1.683372,6.733487,-0.003092,0.027054,0.108216,26.785751304065013,,0.00,0.00,0.00,0.000000,97.9,,,,,,
1776547859.970927,647,98.1,track,ekf,,620,535,-0.192689,1.686027,6.744107,-0.003092,0.027054,0.108216,26.84710005636768,,0.00,0.00,0.00,0.000000,97.1,,,,,,
1776547860.068280,648,97.4,track,ekf,,620,535,-0.192990,1.688661,6.754642,-0.003092,0.027054,0.108216,26.90801925966577,,0.00,0.00,0.00,0.000000,95.3,,,,,,
1776547860.163916,649,95.6,track,ekf,,620,535,-0.193285,1.691248,6.764991,-0.003092,0.027054,0.108216,26.967919869776278,,0.00,0.00,0.00,0.000000,96.2,,,,,,
1776547860.260340,650,96.4,track,ekf,,620,535,-0.193584,1.693857,6.775426,-0.003092,0.027054,0.108216,27.028371882983524,,0.00,0.00,0.00,0.000000,124.9,,,,,,
1776547860.385511,651,125.2,track,ekf,,620,535,-0.193971,1.697243,6.788972,-0.003092,0.027054,0.108216,27.106933326505043,,0.00,0.00,0.00,0.000000,94.2,,,,,,
1776547860.480011,652,94.5,track,ekf,,620,535,-0.194263,1.699800,6.799198,-0.003092,0.027054,0.108216,27.16630600287058,,0.00,0.00,0.00,0.000000,99.0,,,,,,
1776547860.579251,653,99.2,track,ekf,,620,535,-0.194570,1.702484,6.809937,-0.003092,0.027054,0.108216,27.228715767290595,,0.00,0.00,0.00,0.000000,98.5,,,,,,
1776547860.677946,654,98.7,track,ekf,,620,535,-0.194875,1.705154,6.820618,-0.003092,0.027054,0.108216,27.29084287219291,,0.00,0.00,0.00,0.000000,95.9,,,,,,
1776547860.774306,655,96.4,track,ekf,,620,535,-0.195173,1.707761,6.831045,-0.003092,0.027054,0.108216,27.351557092293042,,0.00,0.00,0.00,0.000000,127.0,,,,,,
1776547860.901557,656,127.3,track,ekf,,620,535,-0.195566,1.711204,6.844816,-0.003092,0.027054,0.108216,27.431825589342687,,0.00,0.00,0.00,0.000000,96.1,,,,,,
1776547860.997849,657,96.3,track,ekf,,620,535,-0.195864,1.713809,6.855237,-0.003092,0.027054,0.108216,27.492627698958696,,0.00,0.00,0.00,0.000000,95.9,,,,,,
1776547861.094116,658,96.3,track,ekf,,620,535,-0.196162,1.716414,6.865654,-0.003092,0.027054,0.108216,27.553470949022287,,0.00,0.00,0.00,0.000000,96.8,,,,,,
1776547861.191159,659,97.0,track,ekf,,620,535,-0.196462,1.719039,6.876156,-0.003092,0.027054,0.108216,27.614861927440156,,0.00,0.00,0.00,0.000000,95.1,,,,,,
1776547861.286631,660,95.5,track,ekf,,620,535,-0.196757,1.721622,6.886487,-0.003092,0.027054,0.108216,27.675314990125802,,0.00,0.00,0.00,0.000000,123.3,,,,,,
1776547861.410214,661,123.6,detect,ekf,,620,536,-0.197124,1.727738,6.899169,-0.003075,0.031531,0.107098,27.753653074326543,,0.00,0.00,0.00,0.000000,259.6,,,,,,
1776547861.670135,662,259.9,track,ekf,,620,535,-0.206465,1.809109,7.226192,-0.003273,0.031059,0.114446,27.309934651781706,,0.00,0.00,0.00,0.000000,98.0,,,,,,
1776547861.768377,663,98.2,track,ekf,,620,535,-0.207856,1.820621,7.274948,-0.003301,0.030020,0.115609,27.351200683617705,,0.00,0.00,0.00,0.000000,95.4,,,,,,
1776547861.863969,664,95.6,track,ekf,,620,535,-0.207613,1.817997,7.266470,-0.003292,0.029056,0.115378,27.400066920408904,,0.00,0.00,0.00,0.000000,97.7,,,,,,
1776547861.961853,665,97.9,track,ekf,,620,535,-0.207063,1.812792,7.247247,-0.003275,0.028288,0.114835,27.409822752112298,,0.00,0.00,0.00,0.000000,127.4,,,,,,
1776547862.089491,666,127.6,track,ekf,,620,535,-0.206744,1.809658,7.236090,-0.003261,0.027727,0.114355,27.404387986437698,,0.00,0.00,0.00,0.000000,96.6,,,,,,
1776547862.186373,667,96.9,track,ekf,,620,535,-0.206611,1.808247,7.231444,-0.003253,0.027399,0.114060,27.377600573653744,,0.00,0.00,0.00,0.000000,95.8,,,,,,
1776547862.282425,668,96.1,track,ekf,,620,535,-0.206716,1.808978,7.235122,-0.003250,0.027240,0.113926,27.36474271346165,,0.00,0.00,0.00,0.000000,95.9,,,,,,
1776547862.378558,669,96.1,track,ekf,,620,535,-0.206980,1.811142,7.244347,-0.003250,0.027197,0.113895,27.372416221899453,,0.00,0.00,0.00,0.000000,96.5,,,,,,
1776547862.475244,670,96.7,track,ekf,,620,535,-0.207328,1.814087,7.256543,-0.003251,0.027232,0.113914,27.400109518393755,,0.00,0.00,0.00,0.000000,129.6,,,,,,
1776547862.605079,671,129.8,track,ekf,,620,535,-0.207825,1.818333,7.273923,-0.003254,0.027340,0.113950,27.463949343383362,,0.00,0.00,0.00,0.000000,92.8,,,,,,
1776547862.698104,672,93.0,track,ekf,,620,535,-0.208181,1.821408,7.286358,-0.003255,0.027458,0.113964,27.51588048774177,,0.00,0.00,0.00,0.000000,97.4,,,,,,
1776547862.795739,673,97.6,track,ekf,,620,535,-0.208522,1.824373,7.298302,-0.003256,0.027581,0.113953,27.575387510031454,,0.00,0.00,0.00,0.000000,96.4,,,,,,
1776547862.892442,674,96.7,track,ekf,,620,535,-0.208832,1.827074,7.309132,-0.003255,0.027701,0.113920,27.635261082482394,,0.00,0.00,0.00,0.000000,97.5,,,,,,
1776547862.990256,675,97.8,track,ekf,,620,535,-0.209122,1.829616,7.319290,-0.003254,0.027814,0.113869,27.694721222051903,,0.00,0.00,0.00,0.000000,129.0,,,,,,
1776547863.119559,676,129.3,track,ekf,,620,535,-0.209495,1.832872,7.332308,-0.003253,0.027932,0.113800,27.771387871999067,,0.00,0.00,0.00,0.000000,97.4,,,,,,
1776547863.217141,677,97.6,track,ekf,,620,535,-0.209759,1.835210,7.341566,-0.003251,0.028030,0.113733,27.82656208455976,,0.00,0.00,0.00,0.000000,95.9,,,,,,
1776547863.313322,678,96.2,track,ekf,,620,535,-0.210022,1.837532,7.350760,-0.003250,0.028112,0.113672,27.87986802135607,,0.00,0.00,0.00,0.000000,96.5,,,,,,
1776547863.410041,679,96.7,track,ekf,,620,535,-0.210293,1.839923,7.360235,-0.003248,0.028181,0.113619,27.933299366208985,,0.00,0.00,0.00,0.000000,94.6,,,,,,
1776547863.504894,680,94.9,track,ekf,,620,535,-0.210566,1.842332,7.369781,-0.003247,0.028238,0.113576,27.986025955524628,,0.00,0.00,0.00,0.000000,128.2,,,,,,
1776547863.633344,681,128.4,track,ekf,,620,535,-0.210954,1.845750,7.383379,-0.003246,0.028290,0.113540,28.06030414797043,,0.00,0.00,0.00,0.000000,95.7,,,,,,
1776547863.729295,682,96.0,track,ekf,,620,535,-0.211246,1.848323,7.393588,-0.003245,0.028330,0.113515,28.11561617169825,,0.00,0.00,0.00,0.000000,96.4,,,,,,
1776547863.826057,683,96.8,track,ekf,,620,535,-0.211547,1.850974,7.404122,-0.003244,0.028360,0.113497,28.172671131564204,,0.00,0.00,0.00,0.000000,97.7,,,,,,
1776547863.924184,684,98.1,track,ekf,,620,535,-0.211857,1.853704,7.414982,-0.003243,0.028382,0.113485,28.231665735147704,,0.00,0.00,0.00,0.000000,98.0,,,,,,
1776547864.022471,685,98.3,track,ekf,,620,535,-0.212171,1.856465,7.425979,-0.003243,0.028398,0.113478,28.29165113031932,,0.00,0.00,0.00,0.000000,131.4,,,,,,
1776547864.154167,686,131.7,track,ekf,,620,535,-0.212596,1.860194,7.440850,-0.003243,0.028409,0.113473,28.37328578880198,,0.00,0.00,0.00,0.000000,97.2,,,,,,
1776547864.251671,687,97.5,track,ekf,,620,535,-0.212911,1.862961,7.451885,-0.003242,0.028415,0.113471,28.43399813976558,,0.00,0.00,0.00,0.000000,95.4,,,,,,
1776547864.347354,688,95.7,track,ekf,,620,535,-0.213221,1.865679,7.462734,-0.003242,0.028417,0.113470,28.493869594231636,,0.00,0.00,0.00,0.000000,96.9,,,,,,
1776547864.444504,689,97.2,track,ekf,,620,535,-0.213536,1.868440,7.473759,-0.003242,0.028417,0.113470,28.554841003788287,,0.00,0.00,0.00,0.000000,95.8,,,,,,
1776547864.540623,690,96.1,track,ekf,,620,535,-0.213848,1.871170,7.484666,-0.003242,0.028414,0.113471,28.615263842519234,,0.00,0.00,0.00,0.000000,130.8,,,,,,
1776547864.671692,691,131.1,detect,ekf,,620,536,-0.214358,1.878740,7.502363,-0.003227,0.032994,0.112408,28.697743679281118,,0.00,0.00,0.00,0.000000,257.2,,,,,,
1776547864.929111,692,257.4,track,ekf,,620,535,-0.223190,1.955646,7.811564,-0.003406,0.032387,0.119066,28.328653876389822,,0.00,0.00,0.00,0.000000,96.3,,,,,,
1776547865.025799,693,96.7,track,ekf,,620,535,-0.224676,1.967963,7.863650,-0.003435,0.031350,0.120266,28.366187413727012,,0.00,0.00,0.00,0.000000,97.8,,,,,,
1776547865.124088,694,98.3,track,ekf,,620,535,-0.224536,1.966222,7.858794,-0.003427,0.030384,0.120121,28.419873929917948,,0.00,0.00,0.00,0.000000,97.5,,,,,,
1776547865.221982,695,97.9,track,ekf,,620,535,-0.224027,1.961354,7.840996,-0.003412,0.029605,0.119632,28.43739152947779,,0.00,0.00,0.00,0.000000,126.6,,,,,,
1776547865.348778,696,126.8,track,ekf,,620,535,-0.223698,1.958115,7.829487,-0.003398,0.029017,0.119164,28.43994654043997,,0.00,0.00,0.00,0.000000,95.1,,,,,,
1776547865.444074,697,95.3,track,ekf,,620,535,-0.223521,1.956301,7.823306,-0.003389,0.028653,0.118851,28.417096797516706,,0.00,0.00,0.00,0.000000,99.0,,,,,,
1776547865.543422,698,99.3,track,ekf,,620,535,-0.223597,1.956759,7.825978,-0.003385,0.028457,0.118690,28.406165806137263,,0.00,0.00,0.00,0.000000,96.4,,,,,,
1776547865.640112,699,96.7,track,ekf,,620,535,-0.223835,1.958677,7.834283,-0.003385,0.028382,0.118635,28.411096197851645,,0.00,0.00,0.00,0.000000,97.8,,,,,,
1776547865.738286,700,98.2,track,ekf,,620,535,-0.224177,1.961553,7.846269,-0.003386,0.028391,0.118641,28.435249798997226,,0.00,0.00,0.00,0.000000,129.3,,,,,,
1776547865.867893,701,129.6,track,ekf,,620,535,-0.224684,1.965871,7.863990,-0.003388,0.028477,0.118673,28.49435425394729,,0.00,0.00,0.00,0.000000,96.2,,,,,,
1776547865.964364,702,96.5,track,ekf,,620,535,-0.225070,1.969200,7.877494,-0.003390,0.028585,0.118694,28.54518736842887,,0.00,0.00,0.00,0.000000,96.5,,,,,,
1776547866.061210,703,96.8,track,ekf,,620,535,-0.225434,1.972357,7.890240,-0.003391,0.028701,0.118694,28.602555209723487,,0.00,0.00,0.00,0.000000,95.1,,,,,,
1776547866.156657,704,95.4,track,ekf,,620,535,-0.225768,1.975257,7.901890,-0.003391,0.028817,0.118673,28.661374621546642,,0.00,0.00,0.00,0.000000,95.4,,,,,,
1776547866.252304,705,95.6,track,ekf,,620,535,-0.226078,1.977969,7.912747,-0.003390,0.028928,0.118634,28.720232528793723,,0.00,0.00,0.00,0.000000,124.7,,,,,,
1776547866.377229,706,124.9,track,ekf,,620,535,-0.226466,1.981353,7.926298,-0.003389,0.029046,0.118577,28.795647151018432,,0.00,0.00,0.00,0.000000,92.9,,,,,,
1776547866.470471,707,93.2,track,ekf,,620,535,-0.226737,1.983746,7.935788,-0.003388,0.029146,0.118517,28.849782701593586,,0.00,0.00,0.00,0.000000,97.8,,,,,,
1776547866.568569,708,98.1,track,ekf,,620,535,-0.227022,1.986260,7.945765,-0.003386,0.029234,0.118458,28.905593547452835,,0.00,0.00,0.00,0.000000,95.6,,,,,,
1776547866.664395,709,95.8,track,ekf,,620,535,-0.227302,1.988732,7.955568,-0.003385,0.029309,0.118405,28.95930134419619,,0.00,0.00,0.00,0.000000,97.1,,,,,,
1776547866.761872,710,97.5,track,ekf,,620,535,-0.227594,1.991301,7.965755,-0.003383,0.029374,0.118358,29.01392649872937,,0.00,0.00,0.00,0.000000,127.0,,,,,,
1776547866.889133,711,127.3,track,ekf,,620,535,-0.227990,1.994792,7.979644,-0.003382,0.029434,0.118317,29.08718671315651,,0.00,0.00,0.00,0.000000,96.5,,,,,,
1776547866.985824,712,96.7,track,ekf,,620,535,-0.228292,1.997458,7.990214,-0.003381,0.029481,0.118286,29.142386430894145,,0.00,0.00,0.00,0.000000,96.3,,,,,,
1776547867.082300,713,96.5,track,ekf,,620,535,-0.228601,2.000176,8.001010,-0.003380,0.029518,0.118264,29.198514221765404,,0.00,0.00,0.00,0.000000,98.2,,,,,,
1776547867.180776,714,98.5,track,ekf,,620,535,-0.228922,2.003001,8.012242,-0.003380,0.029547,0.118247,29.256922496648283,,0.00,0.00,0.00,0.000000,96.0,,,,,,
1776547867.277046,715,96.3,track,ekf,,620,535,-0.229240,2.005796,8.023364,-0.003379,0.029569,0.118236,29.314886166437205,,0.00,0.00,0.00,0.000000,125.2,,,,,,
1776547867.402523,716,125.5,track,ekf,,620,535,-0.229659,2.009481,8.038049,-0.003379,0.029585,0.118229,29.391892447689123,,0.00,0.00,0.00,0.000000,94.0,,,,,,
1776547867.496744,717,94.2,track,ekf,,620,535,-0.229975,2.012257,8.049112,-0.003378,0.029596,0.118224,29.44999820738429,,0.00,0.00,0.00,0.000000,97.2,,,,,,
1776547867.594240,718,97.5,track,ekf,,620,535,-0.230303,2.015139,8.060605,-0.003378,0.029602,0.118222,29.510590061936238,,0.00,0.00,0.00,0.000000,95.2,,,,,,
1776547867.689686,719,95.4,track,ekf,,620,535,-0.230625,2.017964,8.071879,-0.003378,0.029605,0.118221,29.570189965088165,,0.00,0.00,0.00,0.000000,96.6,,,,,,
1776547867.786568,720,96.9,track,ekf,,620,535,-0.230953,2.020832,8.083331,-0.003378,0.029605,0.118221,29.63087638799737,,0.00,0.00,0.00,0.000000,128.1,,,,,,
1776547867.914860,721,128.3,detect,ekf,,620,535,-0.231386,2.024629,8.098499,-0.003378,0.029603,0.118222,29.71141115243438,,0.00,0.00,0.00,0.000000,258.2,,,,,,
1776547868.173312,722,258.5,track,ekf,,620,535,-0.232259,2.032272,8.129047,-0.003378,0.029595,0.118223,29.873943792374742,,0.00,0.00,0.00,0.000000,96.1,,,,,,
1776547868.269616,723,96.3,track,ekf,,620,535,-0.232584,2.035116,8.140424,-0.003378,0.029589,0.118225,29.934555044008206,,0.00,0.00,0.00,0.000000,95.4,,,,,,
1776547868.365179,724,95.6,track,ekf,,620,535,-0.232906,2.037937,8.151714,-0.003378,0.029584,0.118226,29.994745500674725,,0.00,0.00,0.00,0.000000,93.6,,,,,,
1776547868.459178,725,94.0,track,ekf,,620,535,-0.233223,2.040713,8.162818,-0.003378,0.029580,0.118227,30.053999021224236,,0.00,0.00,0.00,0.000000,126.6,,,,,,
1776547868.586032,726,126.9,track,ekf,,620,535,-0.233652,2.044460,8.177807,-0.003378,0.029576,0.118228,30.134069566299107,,0.00,0.00,0.00,0.000000,96.6,,,,,,
1776547868.682950,727,96.9,track,ekf,,620,535,-0.233979,2.047322,8.189258,-0.003378,0.029572,0.118228,30.195295759415018,,0.00,0.00,0.00,0.000000,96.1,,,,,,
1776547868.779414,728,96.5,track,ekf,,620,535,-0.234304,2.050170,8.200657,-0.003378,0.029569,0.118229,30.25630191586734,,0.00,0.00,0.00,0.000000,95.6,,,,,,
1776547868.875264,729,95.8,track,ekf,,620,535,-0.234628,2.053001,8.211985,-0.003378,0.029566,0.118230,30.316988057012995,,0.00,0.00,0.00,0.000000,98.8,,,,,,
1776547868.974506,730,99.2,track,ekf,,620,535,-0.234963,2.055933,8.223714,-0.003378,0.029564,0.118230,30.379895132777694,,0.00,0.00,0.00,0.000000,128.9,,,,,,
1776547869.103642,731,129.1,track,ekf,,620,535,-0.235399,2.059749,8.238980,-0.003378,0.029561,0.118230,30.4618667199899,,0.00,0.00,0.00,0.000000,94.2,,,,,,
1776547869.198192,732,94.6,track,ekf,,620,535,-0.235719,2.062542,8.250157,-0.003378,0.029560,0.118231,30.52194699247471,,0.00,0.00,0.00,0.000000,94.4,,,,,,
1776547869.292830,733,94.6,track,ekf,,620,535,-0.236038,2.065339,8.261345,-0.003378,0.029559,0.118231,30.582146362612626,,0.00,0.00,0.00,0.000000,96.6,,,,,,
1776547869.389718,734,96.9,track,ekf,,620,535,-0.236366,2.068202,8.272799,-0.003378,0.029558,0.118231,30.64384078650876,,0.00,0.00,0.00,0.000000,94.9,,,,,,
1776547869.484804,735,95.1,track,ekf,,620,535,-0.236687,2.071012,8.284041,-0.003378,0.029557,0.118231,30.704447713842445,,0.00,0.00,0.00,0.000000,126.0,,,,,,
1776547869.611076,736,126.3,track,ekf,,620,535,-0.237113,2.074743,8.298970,-0.003378,0.029557,0.118232,30.785025771163273,,0.00,0.00,0.00,0.000000,96.4,,,,,,
1776547869.707885,737,96.8,track,ekf,,620,535,-0.237440,2.077605,8.310416,-0.003378,0.029556,0.118232,30.846865927160533,,0.00,0.00,0.00,0.000000,96.6,,,,,,
1776547869.804820,738,96.9,track,ekf,,620,535,-0.237768,2.080470,8.321877,-0.003378,0.029556,0.118232,30.90884516726984,,0.00,0.00,0.00,0.000000,96.2,,,,,,
1776547869.901314,739,96.5,track,ekf,,620,535,-0.238094,2.083321,8.333286,-0.003378,0.029556,0.118232,30.970599359037898,,0.00,0.00,0.00,0.000000,96.6,,,,,,
1776547869.998157,740,96.8,track,ekf,,620,535,-0.238421,2.086184,8.344735,-0.003378,0.029556,0.118232,31.032634502626006,,0.00,0.00,0.00,0.000000,129.3,,,,,,
1776547870.127713,741,129.6,track,ekf,,620,535,-0.238859,2.090013,8.360053,-0.003378,0.029556,0.118232,31.115716521091805,,0.00,0.00,0.00,0.000000,95.8,,,,,,
1776547870.223819,742,96.1,track,ekf,,620,535,-0.239183,2.092854,8.371416,-0.003378,0.029556,0.118232,31.177409988488158,,0.00,0.00,0.00,0.000000,96.0,,,,,,
1776547870.320022,743,96.2,track,ekf,,620,535,-0.239508,2.095697,8.382790,-0.003378,0.029557,0.118232,31.23922161535307,,0.00,0.00,0.00,0.000000,94.8,,,,,,
1776547870.415057,744,95.0,track,ekf,,620,535,-0.239829,2.098506,8.394026,-0.003378,0.029557,0.118232,31.30033818293594,,0.00,0.00,0.00,0.000000,96.2,,,,,,
1776547870.511555,745,96.5,track,ekf,,620,535,-0.240155,2.101358,8.405435,-0.003378,0.029557,0.118232,31.36245102980941,,0.00,0.00,0.00,0.000000,127.1,,,,,,
1776547870.638971,746,127.4,track,ekf,,620,535,-0.240586,2.105125,8.420500,-0.003378,0.029557,0.118231,31.44455415711464,,0.00,0.00,0.00,0.000000,96.5,,,,,,
1776547870.735736,747,96.8,track,ekf,,620,535,-0.240913,2.107985,8.431940,-0.003378,0.029557,0.118231,31.506969204184074,,0.00,0.00,0.00,0.000000,95.9,,,,,,
1776547870.831968,748,96.2,track,ekf,,620,535,-0.241238,2.110829,8.443318,-0.003378,0.029557,0.118231,31.569096567238233,,0.00,0.00,0.00,0.000000,97.5,,,,,,
1776547870.929701,749,97.7,track,ekf,,620,535,-0.241568,2.113718,8.454873,-0.003378,0.029557,0.118231,31.63225031045651,,0.00,0.00,0.00,0.000000,98.0,,,,,,
1776547871.027982,750,98.3,track,ekf,,620,535,-0.241900,2.116623,8.466493,-0.003378,0.029558,0.118231,31.695816192098203,,0.00,0.00,0.00,0.000000,127.8,,,,,,
1776547871.156037,751,128.1,detect,ekf,,620,536,-0.242302,2.123443,8.480382,-0.003361,0.034148,0.117074,31.778729007213386,,0.00,0.00,0.00,0.000000,247.9,,,,,,
1776547871.404219,752,248.2,track,ekf,,620,535,-0.250933,2.198605,8.782547,-0.003522,0.033557,0.123113,31.423395418662707,,0.00,0.00,0.00,0.000000,95.9,,,,,,
1776547871.500465,753,96.2,track,ekf,,620,535,-0.252863,2.214809,8.850179,-0.003558,0.032621,0.124547,31.444082927652527,,0.00,0.00,0.00,0.000000,96.4,,,,,,
1776547871.597065,754,96.6,track,ekf,,620,535,-0.253041,2.215836,8.856431,-0.003558,0.031726,0.124645,31.5049694368412,,0.00,0.00,0.00,0.000000,96.5,,,,,,
1776547871.693912,755,96.8,track,ekf,,620,535,-0.252695,2.212389,8.844372,-0.003546,0.030974,0.124314,31.542211695025212,,0.00,0.00,0.00,0.000000,127.1,,,,,,
1776547871.821345,756,127.4,track,ekf,,620,535,-0.252408,2.209500,8.834333,-0.003534,0.030369,0.123910,31.56825626281536,,0.00,0.00,0.00,0.000000,95.8,,,,,,
1776547871.917326,757,96.0,track,ekf,,620,535,-0.252193,2.207331,8.826836,-0.003525,0.029962,0.123596,31.5612215318692,,0.00,0.00,0.00,0.000000,96.3,,,,,,
1776547872.013997,758,96.7,track,ekf,,620,535,-0.252194,2.207104,8.826861,-0.003520,0.029714,0.123402,31.556168710318385,,0.00,0.00,0.00,0.000000,96.3,,,,,,
1776547872.110657,759,96.7,track,ekf,,620,535,-0.252370,2.208465,8.833036,-0.003518,0.029588,0.123311,31.56175798728918,,0.00,0.00,0.00,0.000000,97.5,,,,,,
1776547872.208432,760,97.8,track,ekf,,620,535,-0.252672,2.210960,8.843589,-0.003518,0.029551,0.123288,31.582385817385838,,0.00,0.00,0.00,0.000000,125.4,,,,,,
1776547872.334124,761,125.7,track,ekf,,620,535,-0.253155,2.215050,8.860483,-0.003520,0.029593,0.123307,31.63466137883173,,0.00,0.00,0.00,0.000000,93.5,,,,,,
1776547872.427910,762,93.8,track,ekf,,620,535,-0.253541,2.218364,8.874006,-0.003521,0.029669,0.123330,31.67969447497193,,0.00,0.00,0.00,0.000000,96.1,,,,,,
1776547872.524239,763,96.3,track,ekf,,620,535,-0.253931,2.221719,8.887614,-0.003523,0.029765,0.123343,31.73468982556012,,0.00,0.00,0.00,0.000000,96.7,,,,,,
1776547872.621227,764,97.0,track,ekf,,620,535,-0.254303,2.224947,8.900649,-0.003523,0.029870,0.123340,31.794693673124286,,0.00,0.00,0.00,0.000000,96.1,,,,,,
1776547872.717543,765,96.3,track,ekf,,620,535,-0.254651,2.227974,8.912815,-0.003524,0.029978,0.123320,31.856054494669923,,0.00,0.00,0.00,0.000000,129.5,,,,,,
1776547872.847310,766,129.8,track,ekf,,620,535,-0.255092,2.231811,8.928239,-0.003523,0.030099,0.123278,31.938633887918865,,0.00,0.00,0.00,0.000000,98.0,,,,,,
1776547872.945518,767,98.2,track,ekf,,620,535,-0.255405,2.234563,8.939192,-0.003522,0.030207,0.123227,31.999788545449075,,0.00,0.00,0.00,0.000000,95.4,,,,,,
1776547873.041162,768,95.6,track,ekf,,620,535,-0.255701,2.237166,8.949529,-0.003521,0.030301,0.123174,32.05787279195591,,0.00,0.00,0.00,0.000000,95.0,,,,,,
1776547873.136388,769,95.2,track,ekf,,620,535,-0.255992,2.239735,8.959723,-0.003519,0.030384,0.123121,32.11453970390727,,0.00,0.00,0.00,0.000000,99.2,,,,,,
1776547873.235766,770,99.4,track,ekf,,620,535,-0.256300,2.242441,8.970467,-0.003518,0.030458,0.123072,32.17312406615058,,0.00,0.00,0.00,0.000000,124.5,,,,,,
1776547873.360510,771,124.7,track,ekf,,620,535,-0.256698,2.245943,8.984401,-0.003517,0.030528,0.123025,32.247465495669836,,0.00,0.00,0.00,0.000000,94.7,,,,,,
1776547873.455541,772,95.0,track,ekf,,620,535,-0.256999,2.248603,8.994940,-0.003516,0.030584,0.122987,32.30313005104066,,0.00,0.00,0.00,0.000000,96.3,,,,,,
1776547873.552166,773,96.6,track,ekf,,620,535,-0.257313,2.251372,9.005926,-0.003515,0.030631,0.122957,32.360496540308766,,0.00,0.00,0.00,0.000000,97.6,,,,,,
1776547873.650052,774,97.9,track,ekf,,620,535,-0.257638,2.254233,9.017292,-0.003514,0.030669,0.122934,32.41950722223596,,0.00,0.00,0.00,0.000000,97.4,,,,,,
1776547873.747787,775,97.7,track,ekf,,620,535,-0.257967,2.257136,9.028830,-0.003513,0.030699,0.122917,32.47930606463893,,0.00,0.00,0.00,0.000000,128.8,,,,,,
1776547873.876832,776,129.0,track,ekf,,620,535,-0.258411,2.261037,9.044368,-0.003513,0.030724,0.122904,32.560114778238045,,0.00,0.00,0.00,0.000000,96.4,,,,,,
1776547873.973605,777,96.8,track,ekf,,620,535,-0.258745,2.263975,9.056064,-0.003512,0.030743,0.122895,32.620931063946934,,0.00,0.00,0.00,0.000000,97.3,,,,,,
1776547874.071141,778,97.5,track,ekf,,620,535,-0.259084,2.266955,9.067938,-0.003512,0.030756,0.122890,32.68287529197653,,0.00,0.00,0.00,0.000000,96.6,,,,,,
1776547874.167963,779,96.8,track,ekf,,620,535,-0.259423,2.269925,9.079779,-0.003512,0.030764,0.122886,32.744837428507246,,0.00,0.00,0.00,0.000000,95.5,,,,,,
1776547874.263755,780,95.8,track,ekf,,620,535,-0.259758,2.272870,9.091526,-0.003511,0.030769,0.122885,32.80647775816121,,0.00,0.00,0.00,0.000000,125.5,,,,,,
1776547874.389656,781,125.9,detect,ekf,,620,535,-0.260200,2.276744,9.106991,-0.003511,0.030771,0.122884,32.88788099217344,,0.00,0.00,0.00,0.000000,257.1,,,,,,
1776547874.646925,782,257.3,track,ekf,,620,535,-0.261103,2.284658,9.138608,-0.003511,0.030767,0.122885,33.054792540606485,,0.00,0.00,0.00,0.000000,97.5,,,,,,
1776547874.744703,783,97.8,track,ekf,,620,535,-0.261447,2.287663,9.150623,-0.003511,0.030763,0.122886,33.11831963992223,,0.00,0.00,0.00,0.000000,98.1,,,,,,
1776547874.843032,784,98.3,track,ekf,,620,535,-0.261792,2.290684,9.162703,-0.003511,0.030759,0.122887,33.1822514057258,,0.00,0.00,0.00,0.000000,94.9,,,,,,
1776547874.938263,785,95.2,track,ekf,,620,535,-0.262126,2.293609,9.174400,-0.003511,0.030755,0.122888,33.24420732499885,,0.00,0.00,0.00,0.000000,128.1,,,,,,
1776547875.066630,786,128.4,track,ekf,,620,535,-0.262576,2.297551,9.190168,-0.003511,0.030751,0.122889,33.32779825927973,,0.00,0.00,0.00,0.000000,96.3,,,,,,
1776547875.163325,787,96.7,track,ekf,,620,535,-0.262916,2.300519,9.202043,-0.003511,0.030747,0.122890,33.39080322437282,,0.00,0.00,0.00,0.000000,96.1,,,,,,
1776547875.259746,788,96.4,track,ekf,,620,535,-0.263254,2.303479,9.213884,-0.003511,0.030743,0.122890,33.453682638185434,,0.00,0.00,0.00,0.000000,94.9,,,,,,
1776547875.354942,789,95.2,track,ekf,,620,535,-0.263588,2.306402,9.225576,-0.003511,0.030739,0.122891,33.515818126084625,,0.00,0.00,0.00,0.000000,94.3,,,,,,
1776547875.449512,790,94.6,track,ekf,,620,535,-0.263920,2.309305,9.237192,-0.003511,0.030736,0.122892,33.577604105919534,,0.00,0.00,0.00,0.000000,129.7,,,,,,
1776547875.579492,791,130.0,track,ekf,,620,535,-0.264376,2.313296,9.253160,-0.003511,0.030733,0.122892,33.6626411997559,,0.00,0.00,0.00,0.000000,96.7,,,,,,
1776547875.676419,792,96.9,track,ekf,,620,535,-0.264716,2.316272,9.265068,-0.003511,0.030731,0.122893,33.726111280134845,,0.00,0.00,0.00,0.000000,97.0,,,,,,
1776547875.773731,793,97.3,track,ekf,,620,535,-0.265058,2.319261,9.277024,-0.003511,0.030729,0.122893,33.7899013953173,,0.00,0.00,0.00,0.000000,95.7,,,,,,
1776547875.869719,794,96.0,track,ekf,,620,535,-0.265395,2.322208,9.288818,-0.003511,0.030727,0.122894,33.85288783855385,,0.00,0.00,0.00,0.000000,97.6,,,,,,
1776547875.967539,795,97.8,track,ekf,,620,535,-0.265738,2.325213,9.300838,-0.003511,0.030726,0.122894,33.917142142425334,,0.00,0.00,0.00,0.000000,124.8,,,,,,
1776547876.092674,796,125.1,track,ekf,,620,535,-0.266178,2.329056,9.316215,-0.003511,0.030724,0.122894,33.99943602880585,,0.00,0.00,0.00,0.000000,92.4,,,,,,
1776547876.185412,797,92.7,track,ekf,,620,535,-0.266503,2.331905,9.327612,-0.003511,0.030724,0.122895,34.06048231037366,,0.00,0.00,0.00,0.000000,92.0,,,,,,
1776547876.277813,798,92.4,track,ekf,,620,535,-0.266828,2.334743,9.338967,-0.003511,0.030723,0.122895,34.121361693029854,,0.00,0.00,0.00,0.000000,88.8,,,,,,
1776547876.366842,799,89.0,track,ekf,,620,535,-0.267140,2.337478,9.349908,-0.003511,0.030722,0.122895,34.18006956131659,,0.00,0.00,0.00,0.000000,88.6,,,,,,
1776547876.455785,800,88.9,track,ekf,,620,535,-0.267453,2.340210,9.360839,-0.003511,0.030722,0.122895,34.23876901231766,,0.00,0.00,0.00,0.000000,121.9,,,,,,
1776547876.577946,801,122.2,track,ekf,,620,535,-0.267881,2.343963,9.375852,-0.003511,0.030722,0.122895,34.31947391509484,,0.00,0.00,0.00,0.000000,91.8,,,,,,
1776547876.670117,802,92.2,track,ekf,,620,535,-0.268205,2.346795,9.387179,-0.003511,0.030722,0.122895,34.3804213597553,,0.00,0.00,0.00,0.000000,91.6,,,,,,
1776547876.761989,803,91.9,track,ekf,,620,535,-0.268528,2.349617,9.398470,-0.003511,0.030722,0.122895,34.441221751385605,,0.00,0.00,0.00,0.000000,91.0,,,,,,
1776547876.853160,804,91.2,track,ekf,,620,535,-0.268848,2.352418,9.409674,-0.003511,0.030722,0.122895,34.50160778044899,,0.00,0.00,0.00,0.000000,93.4,,,,,,
1776547876.946804,805,93.6,track,ekf,,620,535,-0.269177,2.355295,9.421183,-0.003511,0.030722,0.122895,34.56368270298102,,0.00,0.00,0.00,0.000000,121.5,,,,,,
1776547877.068534,806,121.7,track,ekf,,620,535,-0.269604,2.359035,9.436142,-0.003511,0.030722,0.122895,34.64445481000315,,0.00,0.00,0.00,0.000000,89.0,,,,,,
1776547877.157741,807,89.2,track,ekf,,620,535,-0.269917,2.361776,9.447106,-0.003511,0.030722,0.122895,34.70369947101662,,0.00,0.00,0.00,0.000000,91.6,,,,,,
1776547877.249573,808,91.8,track,ekf,,620,535,-0.270240,2.364597,9.458391,-0.003511,0.030723,0.122895,34.76473607026401,,0.00,0.00,0.00,0.000000,87.9,,,,,,
1776547877.337782,809,88.2,track,ekf,,620,535,-0.270549,2.367308,9.469231,-0.003511,0.030723,0.122895,34.82341147482779,,0.00,0.00,0.00,0.000000,89.5,,,,,,
1776547877.427612,810,89.8,track,ekf,,620,535,-0.270865,2.370067,9.480271,-0.003511,0.030723,0.122895,34.883212463178786,,0.00,0.00,0.00,0.000000,120.1,,,,,,
1776547877.548016,811,120.4,detect,ekf,,620,535,-0.271288,2.373767,9.495068,-0.003511,0.030723,0.122895,34.96344410873808,,0.00,0.00,0.00,0.000000,248.8,,,,,,
1776547877.797082,812,249.1,track,ekf,,620,535,-0.272162,2.381419,9.525677,-0.003511,0.030723,0.122895,35.12968908872155,,0.00,0.00,0.00,0.000000,91.3,,,,,,
1776547877.888768,813,91.7,track,ekf,,620,535,-0.272484,2.384236,9.536944,-0.003511,0.030723,0.122895,35.19096589459808,,0.00,0.00,0.00,0.000000,90.0,,,,,,
1776547877.979061,814,90.3,track,ekf,,620,535,-0.272801,2.387010,9.548041,-0.003511,0.030723,0.122895,35.251362012229684,,0.00,0.00,0.00,0.000000,92.8,,,,,,
1776547878.072093,815,93.0,track,ekf,,620,535,-0.273128,2.389868,9.559474,-0.003511,0.030723,0.122895,35.313642041192864,,0.00,0.00,0.00,0.000000,119.3,,,,,,
1776547878.191671,816,119.6,track,ekf,,620,535,-0.273548,2.393542,9.574170,-0.003511,0.030724,0.122895,35.393771119409976,,0.00,0.00,0.00,0.000000,89.3,,,,,,
1776547878.281299,817,89.6,track,ekf,,620,535,-0.273862,2.396296,9.585184,-0.003511,0.030724,0.122895,35.453882579458906,,0.00,0.00,0.00,0.000000,88.6,,,,,,
1776547878.370157,818,88.9,track,ekf,,620,535,-0.274174,2.399026,9.596105,-0.003511,0.030724,0.122895,35.51352450233015,,0.00,0.00,0.00,0.000000,88.6,,,,,,
1776547878.459112,819,89.0,track,ekf,,620,535,-0.274487,2.401759,9.607037,-0.003511,0.030724,0.122895,35.57327807737367,,0.00,0.00,0.00,0.000000,90.0,,,,,,
1776547878.549310,820,90.2,track,ekf,,620,535,-0.274803,2.404530,9.618121,-0.003511,0.030724,0.122895,35.63391363868455,,0.00,0.00,0.00,0.000000,122.7,,,,,,
1776547878.672322,821,123.0,track,ekf,,620,535,-0.275235,2.408310,9.633239,-0.003511,0.030724,0.122895,35.716688185079065,,0.00,0.00,0.00,0.000000,91.9,,,,,,
1776547878.764502,822,92.2,track,ekf,,620,535,-0.275559,2.411142,9.644567,-0.003511,0.030724,0.122895,35.77877094779757,,0.00,0.00,0.00,0.000000,93.2,,,,,,
1776547878.857939,823,93.4,track,ekf,,620,535,-0.275887,2.414013,9.656050,-0.003511,0.030724,0.122895,35.84175041093648,,0.00,0.00,0.00,0.000000,91.1,,,,,,
1776547878.949320,824,91.4,track,ekf,,620,535,-0.276208,2.416820,9.667280,-0.003511,0.030724,0.122895,35.90339331048204,,0.00,0.00,0.00,0.000000,93.7,,,,,,
1776547879.043386,825,94.1,track,ekf,,620,535,-0.276538,2.419710,9.678841,-0.003511,0.030724,0.122895,35.96689790359005,,0.00,0.00,0.00,0.000000,123.4,,,,,,
1776547879.167084,826,123.7,track,ekf,,620,535,-0.276973,2.423511,9.694042,-0.003511,0.030724,0.122895,36.05048868747429,,0.00,0.00,0.00,0.000000,91.1,,,,,,
1776547879.258363,827,91.3,track,ekf,,620,535,-0.277293,2.426315,9.705260,-0.003511,0.030724,0.122895,36.112225234829054,,0.00,0.00,0.00,0.000000,89.3,,,,,,
1776547879.347868,828,89.5,track,ekf,,620,535,-0.277607,2.429065,9.716260,-0.003511,0.030724,0.122895,36.17280855906737,,0.00,0.00,0.00,0.000000,89.7,,,,,,
1776547879.437795,829,89.9,track,ekf,,620,535,-0.277923,2.431828,9.727311,-0.003511,0.030724,0.122895,36.23372423732264,,0.00,0.00,0.00,0.000000,92.2,,,,,,
1776547879.530356,830,92.6,track,ekf,,620,535,-0.278248,2.434672,9.738687,-0.003511,0.030724,0.122895,36.29647351834469,,0.00,0.00,0.00,0.000000,120.3,,,,,,
1776547879.650895,831,120.5,track,ekf,,620,535,-0.278671,2.438375,9.753500,-0.003511,0.030724,0.122895,36.37826664251503,,0.00,0.00,0.00,0.000000,89.9,,,,,,
1776547879.741103,832,90.2,track,ekf,,620,535,-0.278988,2.441147,9.764586,-0.003511,0.030724,0.122895,36.439529478306646,,0.00,0.00,0.00,0.000000,92.9,,,,,,
1776547879.834374,833,93.3,track,ekf,,620,535,-0.279316,2.444012,9.776049,-0.003511,0.030724,0.122895,36.50292278095575,,0.00,0.00,0.00,0.000000,91.7,,,,,,
1776547879.926495,834,92.1,track,ekf,,620,535,-0.279639,2.446842,9.787370,-0.003511,0.030724,0.122895,36.565583627567456,,0.00,0.00,0.00,0.000000,90.6,,,,,,
1776547880.017324,835,90.8,track,ekf,,620,535,-0.279958,2.449633,9.798532,-0.003511,0.030724,0.122895,36.62741337387885,,0.00,0.00,0.00,0.000000,122.2,,,,,,
1776547880.139819,836,122.5,track,ekf,,620,535,-0.280388,2.453397,9.813586,-0.003511,0.030724,0.122895,36.71087724760533,,0.00,0.00,0.00,0.000000,89.2,,,,,,
1776547880.229175,837,89.4,track,ekf,,620,535,-0.280702,2.456142,9.824568,-0.003511,0.030724,0.122895,36.77181225999223,,0.00,0.00,0.00,0.000000,89.5,,,,,,
1776547880.318920,838,89.7,track,ekf,,620,535,-0.281017,2.458899,9.835597,-0.003511,0.030724,0.122895,36.83305901294084,,0.00,0.00,0.00,0.000000,89.2,,,,,,
1776547880.408386,839,89.5,track,ekf,,620,535,-0.281331,2.461648,9.846592,-0.003511,0.030724,0.122895,36.8941616500745,,0.00,0.00,0.00,0.000000,91.0,,,,,,
1776547880.499720,840,91.3,track,ekf,,620,535,-0.281652,2.464454,9.857816,-0.003511,0.030724,0.122895,36.95658734495315,,0.00,0.00,0.00,0.000000,120.4,,,,,,
1776547880.620399,841,120.7,detect,ekf,,620,535,-0.282076,2.468162,9.872647,-0.003511,0.030724,0.122895,37.03914592203832,,0.00,0.00,0.00,0.000000,237.4,,,,,,
1776547880.858185,842,237.8,track,ekf,,620,535,-0.282911,2.475467,9.901870,-0.003511,0.030724,0.122895,37.2020713354193,,0.00,0.00,0.00,0.000000,90.4,,,,,,
1776547880.949009,843,90.8,track,ekf,,620,535,-0.283229,2.478258,9.913031,-0.003511,0.030724,0.122895,37.264375148193366,,0.00,0.00,0.00,0.000000,92.6,,,,,,
1776547881.041894,844,92.9,track,ekf,,620,535,-0.283556,2.481112,9.924446,-0.003511,0.030724,0.122895,37.32814451426714,,0.00,0.00,0.00,0.000000,91.3,,,,,,
1776547881.133470,845,91.6,track,ekf,,620,535,-0.283877,2.483925,9.935700,-0.003511,0.030724,0.122895,37.391063232353325,,0.00,0.00,0.00,0.000000,120.8,,,,,,
1776547881.254795,846,121.3,track,ekf,,620,535,-0.284303,2.487653,9.950611,-0.003511,0.030724,0.122895,37.47450029304792,,0.00,0.00,0.00,0.000000,88.8,,,,,,
1776547881.343892,847,89.1,track,ekf,,620,535,-0.284616,2.490390,9.961560,-0.003511,0.030724,0.122895,37.535823787922276,,0.00,0.00,0.00,0.000000,89.7,,,,,,
1776547881.434062,848,90.2,track,ekf,,620,535,-0.284933,2.493160,9.972642,-0.003511,0.030724,0.122895,37.59793291045743,,0.00,0.00,0.00,0.000000,90.9,,,,,,
1776547881.525178,849,91.1,track,ekf,,620,535,-0.285253,2.495960,9.983839,-0.003511,0.030724,0.122895,37.660740237665465,,0.00,0.00,0.00,0.000000,92.8,,,,,,
1776547881.618263,850,93.1,track,ekf,,620,535,-0.285579,2.498820,9.995279,-0.003511,0.030724,0.122895,37.72495396950039,,0.00,0.00,0.00,0.000000,122.6,,,,,,
1776547881.741114,851,122.9,track,ekf,,620,535,-0.286011,2.502594,10.010377,-0.003511,0.030724,0.122895,37.809780120680685,,0.00,0.00,0.00,0.000000,89.7,,,,,,
1776547881.831022,852,89.9,track,ekf,,620,535,-0.286326,2.505356,10.021426,-0.003511,0.030724,0.122895,37.871910745524616,,0.00,0.00,0.00,0.000000,91.7,,,,,,
1776547881.923233,853,92.2,track,ekf,,620,535,-0.286650,2.508190,10.032758,-0.003511,0.030724,0.122895,37.93568115075703,,0.00,0.00,0.00,0.000000,91.0,,,,,,
1776547882.014518,854,91.3,track,ekf,,620,535,-0.286971,2.510994,10.043976,-0.003511,0.030724,0.122895,37.99885789781953,,0.00,0.00,0.00,0.000000,91.7,,,,,,
1776547882.106498,855,92.0,track,ekf,,620,535,-0.287294,2.513820,10.055280,-0.003511,0.030724,0.122895,38.0625639411721,,0.00,0.00,0.00,0.000000,122.9,,,,,,
1776547882.229685,856,123.2,track,ekf,,620,535,-0.287726,2.517605,10.070419,-0.003511,0.030724,0.122895,38.14796193410291,,0.00,0.00,0.00,0.000000,88.9,,,,,,
1776547882.318989,857,89.3,track,ekf,,620,535,-0.288040,2.520349,10.081394,-0.003511,0.030724,0.122895,38.209921069889496,,0.00,0.00,0.00,0.000000,90.1,,,,,,
1776547882.409275,858,90.3,track,ekf,,620,535,-0.288357,2.523123,10.092490,-0.003511,0.030724,0.122895,38.272607808983295,,0.00,0.00,0.00,0.000000,90.2,,,,,,
1776547882.499698,859,90.4,track,ekf,,620,535,-0.288674,2.525901,10.103603,-0.003511,0.030724,0.122895,38.33543578311944,,0.00,0.00,0.00,0.000000,91.3,,,,,,
1776547882.591248,860,91.5,track,ekf,,620,535,-0.288996,2.528713,10.114853,-0.003511,0.030724,0.122895,38.399093613850866,,0.00,0.00,0.00,0.000000,124.1,,,,,,
1776547882.715634,861,124.4,track,ekf,,620,535,-0.289433,2.532535,10.130140,-0.003511,0.030724,0.122895,38.48566223600942,,0.00,0.00,0.00,0.000000,90.7,,,,,,
1776547882.806643,862,91.0,track,ekf,,620,535,-0.289752,2.535331,10.141324,-0.003511,0.030724,0.122895,38.54905399224138,,0.00,0.00,0.00,0.000000,94.5,,,,,,
1776547882.901382,863,94.7,track,ekf,,620,535,-0.290085,2.538242,10.152967,-0.003511,0.030724,0.122895,38.615093407491955,,0.00,0.00,0.00,0.000000,90.8,,,,,,
1776547882.992533,864,91.2,track,ekf,,620,535,-0.290405,2.541042,10.164169,-0.003511,0.030724,0.122895,38.67867869107009,,0.00,0.00,0.00,0.000000,91.0,,,,,,
1776547883.083925,865,91.4,track,ekf,,620,535,-0.290726,2.543850,10.175401,-0.003511,0.030724,0.122895,38.7424795499584,,0.00,0.00,0.00,0.000000,122.2,,,,,,
1776547883.206430,866,122.5,track,ekf,,620,535,-0.291156,2.547614,10.190456,-0.003511,0.030724,0.122895,38.82807664713806,,0.00,0.00,0.00,0.000000,90.6,,,,,,
1776547883.297229,867,90.8,track,ekf,,620,535,-0.291475,2.550404,10.201615,-0.003511,0.030724,0.122895,38.89157103713643,,0.00,0.00,0.00,0.000000,90.4,,,,,,
1776547883.388004,868,90.8,track,ekf,,620,535,-0.291793,2.553193,10.212770,-0.003511,0.030724,0.122895,38.95509509059253,,0.00,0.00,0.00,0.000000,91.7,,,,,,
1776547883.479945,869,91.9,track,ekf,,620,535,-0.292116,2.556017,10.224069,-0.003511,0.030724,0.122895,39.0194825880649,,0.00,0.00,0.00,0.000000,90.8,,,,,,
1776547883.571130,870,91.2,track,ekf,,620,535,-0.292436,2.558819,10.235276,-0.003511,0.030724,0.122895,39.08338661440547,,0.00,0.00,0.00,0.000000,122.7,,,,,,
1776547883.694096,871,123.0,detect,ekf,,620,535,-0.292868,2.562597,10.250387,-0.003511,0.030724,0.122895,39.1696405643996,,0.00,0.00,0.00,0.000000,237.8,,,,,,
1776547883.932236,872,238.1,track,ekf,,620,535,-0.293704,2.569913,10.279654,-0.003511,0.030724,0.122895,39.33693063090035,,0.00,0.00,0.00,0.000000,92.5,,,,,,
1776547884.024929,873,92.7,track,ekf,,620,535,-0.294030,2.572761,10.291045,-0.003511,0.030724,0.122895,39.402119342043164,,0.00,0.00,0.00,0.000000,91.3,,,,,,
1776547884.116485,874,91.6,track,ekf,,620,535,-0.294351,2.575574,10.302297,-0.003511,0.030724,0.122895,39.46655824630904,,0.00,0.00,0.00,0.000000,91.6,,,,,,
1776547884.208364,875,91.9,track,ekf,,620,535,-0.294674,2.578397,10.313588,-0.003511,0.030724,0.122895,39.53127179684988,,0.00,0.00,0.00,0.000000,117.4,,,,,,
1776547884.325994,876,117.6,track,ekf,,620,535,-0.295087,2.582011,10.328044,-0.003511,0.030724,0.122895,39.614195265036514,,0.00,0.00,0.00,0.000000,88.4,,,,,,
1776547884.414660,877,88.7,track,ekf,,620,535,-0.295398,2.584735,10.338941,-0.003511,0.030724,0.122895,39.67674818492607,,0.00,0.00,0.00,0.000000,88.5,,,,,,
1776547884.503478,878,88.8,track,ekf,,620,535,-0.295710,2.587464,10.349856,-0.003511,0.030724,0.122895,39.7394530975181,,0.00,0.00,0.00,0.000000,91.4,,,,,,
1776547884.595190,879,91.7,track,ekf,,620,535,-0.296032,2.590282,10.361127,-0.003511,0.030724,0.122895,39.80424785979901,,0.00,0.00,0.00,0.000000,93.1,,,,,,
1776547884.688725,880,93.5,track,ekf,,620,535,-0.296361,2.593155,10.372622,-0.003511,0.030724,0.122895,39.8703787141121,,0.00,0.00,0.00,0.000000,121.3,,,,,,
1776547884.810329,881,121.6,track,ekf,,620,535,-0.296788,2.596892,10.387566,-0.003511,0.030724,0.122895,39.95643030465052,,0.00,0.00,0.00,0.000000,90.7,,,,,,
1776547884.901358,882,91.0,track,ekf,,620,535,-0.297107,2.599688,10.398753,-0.003511,0.030724,0.122895,40.02089608306216,,0.00,0.00,0.00,0.000000,96.2,,,,,,
1776547884.997851,883,96.5,track,ekf,,620,535,-0.297446,2.602653,10.410612,-0.003511,0.030724,0.122895,40.08928223251487,,0.00,0.00,0.00,0.000000,91.6,,,,,,
1776547885.089769,884,91.9,track,ekf,,620,535,-0.297769,2.605477,10.421908,-0.003511,0.030724,0.122895,40.1544731912561,,0.00,0.00,0.00,0.000000,91.7,,,,,,
1776547885.181678,885,91.9,track,ekf,,620,535,-0.298092,2.608301,10.433203,-0.003511,0.030724,0.122895,40.21970442902748,,0.00,0.00,0.00,0.000000,120.3,,,,,,
1776547885.302257,886,120.6,track,ekf,,620,535,-0.298515,2.612005,10.448022,-0.003511,0.030724,0.122895,40.30535774567673,,0.00,0.00,0.00,0.000000,88.4,,,,,,
1776547885.390867,887,88.6,track,ekf,,620,535,-0.298826,2.614728,10.458911,-0.003511,0.030724,0.122895,40.368349627297384,,0.00,0.00,0.00,0.000000,91.2,,,,,,
1776547885.482350,888,91.5,track,ekf,,620,535,-0.299147,2.617539,10.470154,-0.003511,0.030724,0.122895,40.43343028885922,,0.00,0.00,0.00,0.000000,91.3,,,,,,
1776547885.573936,889,91.6,track,ekf,,620,535,-0.299469,2.620352,10.481409,-0.003511,0.030724,0.122895,40.49862944283149,,0.00,0.00,0.00,0.000000,90.1,,,,,,
1776547885.664279,890,90.3,track,ekf,,620,535,-0.299786,2.623128,10.492512,-0.003511,0.030724,0.122895,40.5629894303784,,0.00,0.00,0.00,0.000000,119.7,,,,,,
1776547885.784204,891,119.9,track,ekf,,620,535,-0.300207,2.626813,10.507250,-0.003511,0.030724,0.122895,40.648496038284094,,0.00,0.00,0.00,0.000000,91.3,,,,,,
1776547885.875745,892,91.5,track,ekf,,620,535,-0.300529,2.629625,10.518500,-0.003511,0.030724,0.122895,40.71381506091743,,0.00,0.00,0.00,0.000000,90.4,,,,,,
1776547885.966315,893,90.6,track,ekf,,620,535,-0.300847,2.632408,10.529631,-0.003511,0.030724,0.122895,40.778485943264855,,0.00,0.00,0.00,0.000000,95.4,,,,,,
1776547886.062002,894,95.7,track,ekf,,620,535,-0.301183,2.635348,10.541390,-0.003511,0.030724,0.122895,40.846860882829866,,0.00,0.00,0.00,0.000000,92.8,,,,,,
1776547886.155109,895,93.1,track,ekf,,620,535,-0.301509,2.638208,10.552832,-0.003511,0.030724,0.122895,40.91343911764546,,0.00,0.00,0.00,0.000000,119.7,,,,,,
1776547886.275057,896,119.9,track,ekf,,620,535,-0.301931,2.641893,10.567573,-0.003511,0.030724,0.122895,40.99928384126179,,0.00,0.00,0.00,0.000000,87.8,,,,,,
1776547886.363156,897,88.1,track,ekf,,620,535,-0.302240,2.644600,10.578400,-0.003511,0.030724,0.122895,41.06238155663005,,0.00,0.00,0.00,0.000000,88.3,,,,,,
1776547886.452646,898,89.5,track,ekf,,620,535,-0.302554,2.647350,10.589398,-0.003511,0.030724,0.122895,41.126519663048235,,0.00,0.00,0.00,0.000000,89.9,,,,,,
1776547886.542804,899,90.2,track,ekf,,620,535,-0.302871,2.650120,10.600478,-0.003511,0.030724,0.122895,41.19118134881496,,0.00,0.00,0.00,0.000000,90.4,,,,,,
1776547886.633470,900,90.7,track,ekf,,620,535,-0.303189,2.652905,10.611620,-0.003511,0.030724,0.122895,41.25625160038351,,0.00,0.00,0.00,0.000000,121.3,,,,,,
1776547886.755268,901,121.8,detect,ekf,,620,535,-0.303617,2.656647,10.626589,-0.003511,0.030724,0.122895,41.34373841091503,,0.00,0.00,0.00,0.000000,252.6,,,,,,
1776547887.008072,902,252.8,track,ekf,,620,535,-0.304504,2.664414,10.657657,-0.003511,0.030724,0.122895,41.52559327381718,,0.00,0.00,0.00,0.000000,90.6,,,,,,
1776547887.098901,903,90.8,track,ekf,,620,535,-0.304823,2.667205,10.668819,-0.003511,0.030724,0.122895,41.591004087825134,,0.00,0.00,0.00,0.000000,91.7,,,,,,
1776547887.190854,904,92.0,track,ekf,,620,535,-0.305146,2.670030,10.680120,-0.003511,0.030724,0.122895,41.65727223606061,,0.00,0.00,0.00,0.000000,88.0,,,,,,
1776547887.279074,905,88.2,track,ekf,,620,535,-0.305456,2.672740,10.690962,-0.003511,0.030724,0.122895,41.72089390487574,,0.00,0.00,0.00,0.000000,117.6,,,,,,
1776547887.396909,906,117.8,track,ekf,,620,535,-0.305870,2.676361,10.705443,-0.003511,0.030724,0.122895,41.805943284654205,,0.00,0.00,0.00,0.000000,90.3,,,,,,
1776547887.487497,907,90.6,track,ekf,,620,535,-0.306188,2.679144,10.716576,-0.003511,0.030724,0.122895,41.871375805626556,,0.00,0.00,0.00,0.000000,93.1,,,,,,
1776547887.580868,908,93.4,track,ekf,,620,535,-0.306516,2.682013,10.728050,-0.003511,0.030724,0.122895,41.93886574535381,,0.00,0.00,0.00,0.000000,91.2,,,,,,
1776547887.672456,909,91.6,track,ekf,,620,535,-0.306837,2.684827,10.739306,-0.003511,0.030724,0.122895,42.005112934633395,,0.00,0.00,0.00,0.000000,91.6,,,,,,
1776547887.764328,910,91.9,track,ekf,,620,535,-0.307160,2.687649,10.750597,-0.003511,0.030724,0.122895,42.07161117240197,,0.00,0.00,0.00,0.000000,119.7,,,,,,
1776547887.884346,911,120.0,track,ekf,,620,535,-0.307581,2.691337,10.765346,-0.003511,0.030724,0.122895,42.15855295390881,,0.00,0.00,0.00,0.000000,92.1,,,,,,
1776547887.976833,912,92.5,track,ekf,,620,535,-0.307906,2.694178,10.776712,-0.003511,0.030724,0.122895,42.22560226620682,,0.00,0.00,0.00,0.000000,91.2,,,,,,
1776547888.068273,913,91.4,track,ekf,,620,535,-0.308227,2.696987,10.787950,-0.003511,0.030724,0.122895,42.29193754402117,,0.00,0.00,0.00,0.000000,94.1,,,,,,
1776547888.162627,914,94.4,track,ekf,,620,535,-0.308558,2.699886,10.799545,-0.003511,0.030724,0.122895,42.36043409511601,,0.00,0.00,0.00,0.000000,93.0,,,,,,
1776547888.255873,915,93.2,track,ekf,,620,535,-0.308886,2.702751,10.811005,-0.003511,0.030724,0.122895,42.42817406300429,,0.00,0.00,0.00,0.000000,117.1,,,,,,
1776547888.373288,916,117.4,track,ekf,,620,535,-0.309298,2.706359,10.825434,-0.003511,0.030724,0.122895,42.5135402185109,,0.00,0.00,0.00,0.000000,87.9,,,,,,
1776547888.461448,917,88.2,track,ekf,,620,535,-0.309608,2.709067,10.836269,-0.003511,0.030724,0.122895,42.577683239923225,,0.00,0.00,0.00,0.000000,90.3,,,,,,
1776547888.551947,918,90.5,track,ekf,,620,535,-0.309925,2.711848,10.847391,-0.003511,0.030724,0.122895,42.64357123828861,,0.00,0.00,0.00,0.000000,90.0,,,,,,
1776547888.642131,919,90.2,track,ekf,,620,535,-0.310242,2.714618,10.858474,-0.003511,0.030724,0.122895,42.70927362973974,,0.00,0.00,0.00,0.000000,92.9,,,,,,
1776547888.735212,920,93.1,track,ekf,,620,535,-0.310569,2.717478,10.869913,-0.003511,0.030724,0.122895,42.77713365245904,,0.00,0.00,0.00,0.000000,122.2,,,,,,
1776547888.857725,921,122.5,track,ekf,,620,535,-0.310999,2.721242,10.884969,-0.003511,0.030724,0.122895,42.86652357952802,,0.00,0.00,0.00,0.000000,89.0,,,,,,
1776547888.946916,922,89.2,track,ekf,,620,535,-0.311312,2.723983,10.895930,-0.003511,0.030724,0.122895,42.93164790594207,,0.00,0.00,0.00,0.000000,92.4,,,,,,
1776547889.039753,923,92.8,track,ekf,,620,535,-0.311638,2.726835,10.907339,-0.003511,0.030724,0.122895,42.99948092283227,,0.00,0.00,0.00,0.000000,92.1,,,,,,
1776547889.132052,924,92.3,track,ekf,,620,535,-0.311962,2.729671,10.918682,-0.003511,0.030724,0.122895,43.066965821242576,,0.00,0.00,0.00,0.000000,91.3,,,,,,
1776547889.223637,925,91.6,track,ekf,,620,535,-0.312284,2.732484,10.929938,-0.003511,0.030724,0.122895,43.13397383297952,,0.00,0.00,0.00,0.000000,119.4,,,,,,
1776547889.343313,926,119.7,track,ekf,,620,535,-0.312704,2.736161,10.944645,-0.003511,0.030724,0.122895,43.22160558051296,,0.00,0.00,0.00,0.000000,89.3,,,,,,
1776547889.432943,927,89.6,track,ekf,,620,535,-0.313019,2.738915,10.955660,-0.003511,0.030724,0.122895,43.28728302975199,,0.00,0.00,0.00,0.000000,89.8,,,,,,
1776547889.523270,928,90.3,track,ekf,,620,535,-0.313336,2.741690,10.966761,-0.003511,0.030724,0.122895,43.353515330297725,,0.00,0.00,0.00,0.000000,94.2,,,,,,
1776547889.617665,929,94.4,track,ekf,,620,535,-0.313667,2.744590,10.978362,-0.003511,0.030724,0.122895,43.4227774422105,,0.00,0.00,0.00,0.000000,92.3,,,,,,
1776547889.710213,930,92.5,track,ekf,,620,535,-0.313992,2.747434,10.989735,-0.003511,0.030724,0.122895,43.49072970362075,,0.00,0.00,0.00,0.000000,123.7,,,,,,
1776547889.834129,931,123.9,detect,ekf,,620,535,-0.314428,2.751241,11.004964,-0.003511,0.030724,0.122895,43.581788772866354,,0.00,0.00,0.00,0.000000,251.3,,,,,,
1776547890.085838,932,251.7,track,ekf,,620,535,-0.315311,2.758974,11.035898,-0.003511,0.030724,0.122895,43.76701518089645,,0.00,0.00,0.00,0.000000,91.8,,,,,,
1776547890.177809,933,92.0,track,ekf,,620,535,-0.315634,2.761800,11.047200,-0.003511,0.030724,0.122895,43.83476658049821,,0.00,0.00,0.00,0.000000,89.4,,,,,,
1776547890.267457,934,89.6,track,ekf,,620,535,-0.315949,2.764554,11.058218,-0.003511,0.030724,0.122895,43.90085132286553,,0.00,0.00,0.00,0.000000,88.1,,,,,,
1776547890.355869,935,88.4,track,ekf,,620,535,-0.316260,2.767271,11.069083,-0.003511,0.030724,0.122895,43.96606788711027,,0.00,0.00,0.00,0.000000,117.3,,,,,,
1776547890.473495,936,117.6,track,ekf,,620,535,-0.316673,2.770885,11.083539,-0.003511,0.030724,0.122895,44.05290336167234,,0.00,0.00,0.00,0.000000,93.5,,,,,,
1776547890.567225,937,93.7,track,ekf,,620,535,-0.317002,2.773764,11.095057,-0.003511,0.030724,0.122895,44.12214784738035,,0.00,0.00,0.00,0.000000,98.1,,,,,,
1776547890.665514,938,98.3,track,ekf,,620,535,-0.317347,2.776784,11.107137,-0.003511,0.030724,0.122895,44.19481127583827,,0.00,0.00,0.00,0.000000,93.7,,,,,,
1776547890.759393,939,93.9,track,ekf,,620,535,-0.317676,2.779668,11.118674,-0.003511,0.030724,0.122895,44.26426137113682,,0.00,0.00,0.00,0.000000,90.8,,,,,,
1776547890.850516,940,91.1,track,ekf,,620,535,-0.317996,2.782468,11.129872,-0.003511,0.030724,0.122895,44.33171806539296,,0.00,0.00,0.00,0.000000,122.2,,,,,,
1776547890.972959,941,122.4,track,ekf,,620,535,-0.318426,2.786230,11.144920,-0.003511,0.030724,0.122895,44.422431766717025,,0.00,0.00,0.00,0.000000,90.4,,,,,,
1776547891.063546,942,90.6,track,ekf,,620,535,-0.318744,2.789013,11.156052,-0.003511,0.030724,0.122895,44.4895925908388,,0.00,0.00,0.00,0.000000,95.9,,,,,,
1776547891.159769,943,96.2,track,ekf,,620,535,-0.319082,2.791969,11.167878,-0.003511,0.030724,0.122895,44.56098032551447,,0.00,0.00,0.00,0.000000,96.2,,,,,,
1776547891.256319,944,96.6,track,ekf,,620,535,-0.319421,2.794936,11.179743,-0.003511,0.030724,0.122895,44.632660020655884,,0.00,0.00,0.00,0.000000,92.5,,,,,,
1776547891.349223,945,92.9,track,ekf,,620,535,-0.319747,2.797790,11.191161,-0.003511,0.030724,0.122895,44.70167862569155,,0.00,0.00,0.00,0.000000,118.9,,,,,,
1776547891.468398,946,119.2,track,ekf,,620,535,-0.320166,2.801452,11.205807,-0.003511,0.030724,0.122895,44.79028262465526,,0.00,0.00,0.00,0.000000,89.7,,,,,,
1776547891.558504,947,90.1,track,ekf,,620,535,-0.320482,2.804220,11.216880,-0.003511,0.030724,0.122895,44.85732169985674,,0.00,0.00,0.00,0.000000,95.9,,,,,,
1776547891.654627,948,96.1,track,ekf,,620,535,-0.320820,2.807173,11.228693,-0.003511,0.030724,0.122895,44.92888511276496,,0.00,0.00,0.00,0.000000,92.0,,,,,,
1776547891.746867,949,92.2,track,ekf,,620,535,-0.321144,2.810007,11.240029,-0.003511,0.030724,0.122895,44.997602992614944,,0.00,0.00,0.00,0.000000,93.0,,,,,,
1776547891.840118,950,93.3,track,ekf,,620,535,-0.321471,2.812872,11.251489,-0.003511,0.030724,0.122895,45.067119374927756,,0.00,0.00,0.00,0.000000,129.4,,,,,,
1776547891.969762,951,129.6,track,ekf,,620,535,-0.321926,2.816855,11.267422,-0.003511,0.030724,0.122895,45.163845614055,,0.00,0.00,0.00,0.000000,97.7,,,,,,
1776547892.067768,952,98.0,track,ekf,,620,535,-0.322270,2.819866,11.279466,-0.003511,0.030724,0.122895,45.237022145285124,,0.00,0.00,0.00,0.000000,98.6,,,,,,
1776547892.166581,953,98.8,track,ekf,,620,535,-0.322617,2.822902,11.291609,-0.003511,0.030724,0.122895,45.310852315758794,,0.00,0.00,0.00,0.000000,96.2,,,,,,
1776547892.263153,954,96.6,track,ekf,,620,535,-0.322957,2.825869,11.303478,-0.003511,0.030724,0.122895,45.383056610157524,,0.00,0.00,0.00,0.000000,95.3,,,,,,
1776547892.358682,955,95.5,track,ekf,,620,535,-0.323292,2.828804,11.315218,-0.003511,0.030724,0.122895,45.454530020416776,,0.00,0.00,0.00,0.000000,124.0,,,,,,
1776547892.482920,956,124.2,track,ekf,,620,535,-0.323728,2.832621,11.330486,-0.003511,0.030724,0.122895,45.54755683508496,,0.00,0.00,0.00,0.000000,92.3,,,,,,
1776547892.575487,957,92.6,track,ekf,,620,535,-0.324053,2.835465,11.341862,-0.003511,0.030724,0.122895,45.616918063822304,,0.00,0.00,0.00,0.000000,92.9,,,,,,
1776547892.668621,958,93.1,track,ekf,,620,535,-0.324380,2.838327,11.353307,-0.003511,0.030724,0.122895,45.6867497266367,,0.00,0.00,0.00,0.000000,92.2,,,,,,
1776547892.761063,959,92.4,track,ekf,,620,535,-0.324705,2.841167,11.364668,-0.003511,0.030724,0.122895,45.75610742627144,,0.00,0.00,0.00,0.000000,90.5,,,,,,
1776547892.851822,960,90.8,track,ekf,,620,535,-0.325023,2.843955,11.375822,-0.003511,0.030724,0.122895,45.8242456817669,,0.00,0.00,0.00,0.000000,126.0,,,,,,
1776547892.978102,961,126.3,detect,ekf,,620,535,-0.325467,2.847835,11.391341,-0.003511,0.030724,0.122895,45.91912657655415,,0.00,0.00,0.00,0.000000,261.3,,,,,,
1776547893.239683,962,261.6,track,ekf,,620,535,-0.326385,2.855872,11.423488,-0.003511,0.030724,0.122895,46.115938709675824,,0.00,0.00,0.00,0.000000,95.9,,,,,,
1776547893.335952,963,96.3,track,ekf,,620,535,-0.326723,2.858830,11.435319,-0.003511,0.030724,0.122895,46.18844803949514,,0.00,0.00,0.00,0.000000,95.5,,,,,,
1776547893.431656,964,95.7,track,ekf,,620,535,-0.327059,2.861770,11.447080,-0.003511,0.030724,0.122895,46.260582068482506,,0.00,0.00,0.00,0.000000,97.3,,,,,,
1776547893.529214,965,97.6,track,ekf,,620,535,-0.327402,2.864767,11.459070,-0.003511,0.030724,0.122895,46.33416292053836,,0.00,0.00,0.00,0.000000,127.9,,,,,,
1776547893.657402,966,128.2,track,ekf,,620,535,-0.327852,2.868706,11.474823,-0.003511,0.030724,0.122895,46.43092558755753,,0.00,0.00,0.00,0.000000,94.8,,,,,,
1776547893.752429,967,95.0,track,ekf,,620,535,-0.328186,2.871625,11.486502,-0.003511,0.030724,0.122895,46.50270926538373,,0.00,0.00,0.00,0.000000,91.9,,,,,,
1776547893.844529,968,92.1,track,ekf,,620,535,-0.328509,2.874455,11.497820,-0.003511,0.030724,0.122895,46.57232562814872,,0.00,0.00,0.00,0.000000,91.9,,,,,,
1776547893.936625,969,92.1,track,ekf,,620,535,-0.328833,2.877285,11.509138,-0.003511,0.030724,0.122895,46.64198397669445,,0.00,0.00,0.00,0.000000,91.1,,,,,,
1776547894.028001,970,91.4,track,ekf,,620,535,-0.329153,2.880092,11.520368,-0.003511,0.030724,0.122895,46.711140916277905,,0.00,0.00,0.00,0.000000,121.0,,,,,,
1776547894.149281,971,121.3,track,ekf,,620,535,-0.329579,2.883818,11.535272,-0.003511,0.030724,0.122895,46.803000067529695,,0.00,0.00,0.00,0.000000,90.9,,,,,,
1776547894.240443,972,91.2,track,ekf,,620,535,-0.329899,2.886619,11.546476,-0.003511,0.030724,0.122895,46.87209505924799,,0.00,0.00,0.00,0.000000,89.9,,,,,,
1776547894.330611,973,90.2,track,ekf,,620,535,-0.330216,2.889389,11.557557,-0.003511,0.030724,0.122895,46.94047807222219,,0.00,0.00,0.00,0.000000,91.4,,,,,,
1776547894.422477,974,91.9,track,ekf,,620,535,-0.330538,2.892212,11.568847,-0.003511,0.030724,0.122895,47.01019356218346,,0.00,0.00,0.00,0.000000,91.6,,,,,,
1776547894.514314,975,91.8,track,ekf,,620,535,-0.330861,2.895033,11.580133,-0.003511,0.030724,0.122895,47.07992940001973,,0.00,0.00,0.00,0.000000,121.3,,,,,,
1776547894.635917,976,121.6,track,ekf,,620,535,-0.331288,2.898769,11.595077,-0.003511,0.030724,0.122895,47.17233780954339,,0.00,0.00,0.00,0.000000,88.7,,,,,,
1776547894.724880,977,89.0,track,ekf,,620,535,-0.331600,2.901503,11.606010,-0.003511,0.030724,0.122895,47.23998827563451,,0.00,0.00,0.00,0.000000,91.4,,,,,,
1776547894.816535,978,91.7,track,ekf,,620,535,-0.331922,2.904319,11.617274,-0.003511,0.030724,0.122895,47.30972828029821,,0.00,0.00,0.00,0.000000,92.0,,,,,,
1776547894.908723,979,92.2,track,ekf,,620,535,-0.332246,2.907151,11.628604,-0.003511,0.030724,0.122895,47.37991684651447,,0.00,0.00,0.00,0.000000,92.1,,,,,,
1776547895.001019,980,92.3,track,ekf,,620,535,-0.332570,2.909987,11.639946,-0.003511,0.030724,0.122895,47.4502326511373,,0.00,0.00,0.00,0.000000,121.3,,,,,,
1776547895.122805,981,121.8,track,ekf,,620,535,-0.332998,2.913728,11.654913,-0.003511,0.030724,0.122895,47.543084069580196,,0.00,0.00,0.00,0.000000,91.9,,,,,,
1776547895.214879,982,92.1,track,ekf,,620,535,-0.333321,2.916557,11.666229,-0.003511,0.030724,0.122895,47.61333006593851,,0.00,0.00,0.00,0.000000,90.2,,,,,,
1776547895.305285,983,90.4,track,ekf,,620,535,-0.333638,2.919335,11.677339,-0.003511,0.030724,0.122895,47.68234608648507,,0.00,0.00,0.00,0.000000,89.5,,,,,,
1776547895.395117,984,89.8,track,ekf,,620,535,-0.333954,2.922095,11.688379,-0.003511,0.030724,0.122895,47.75096516065659,,0.00,0.00,0.00,0.000000,90.1,,,,,,
1776547895.485584,985,90.5,track,ekf,,620,535,-0.334271,2.924874,11.699497,-0.003511,0.030724,0.122895,47.82011109439767,,0.00,0.00,0.00,0.000000,127.4,,,,,,
1776547895.613232,986,127.6,track,ekf,,620,535,-0.334720,2.928796,11.715184,-0.003511,0.030724,0.122895,47.917750671946166,,0.00,0.00,0.00,0.000000,97.3,,,,,,
1776547895.710833,987,97.6,track,ekf,,620,535,-0.335062,2.931795,11.727179,-0.003511,0.030724,0.122895,47.9924595727687,,0.00,0.00,0.00,0.000000,96.0,,,,,,
1776547895.807104,988,96.3,track,ekf,,620,535,-0.335400,2.934752,11.739010,-0.003511,0.030724,0.122895,48.06619781848963,,0.00,0.00,0.00,0.000000,97.5,,,,,,
1776547895.904996,989,97.9,track,ekf,,620,535,-0.335744,2.937760,11.751040,-0.003511,0.030724,0.122895,48.14122668217834,,0.00,0.00,0.00,0.000000,97.8,,,,,,
1776547896.003134,990,98.1,track,ekf,,620,535,-0.336089,2.940775,11.763101,-0.003511,0.030724,0.122895,48.21649332035542,,0.00,0.00,0.00,0.000000,127.4,,,,,,
1776547896.130840,991,127.7,detect,ekf,,620,536,-0.336517,2.948452,11.777858,-0.003494,0.035403,0.121725,48.31451298935138,,0.00,0.00,0.00,0.000000,267.8,,,,,,
1776547896.398966,992,268.1,track,ekf,,620,535,-0.347318,3.042696,12.155977,-0.003653,0.035038,0.127629,47.80645413458284,,0.00,0.00,0.00,0.000000,95.9,,,,,,
1776547896.495090,993,96.1,track,ekf,,620,535,-0.350518,3.069957,12.268049,-0.003701,0.034296,0.129491,47.776471717461824,,0.00,0.00,0.00,0.000000,96.1,,,,,,
1776547896.591410,994,96.3,track,ekf,,620,535,-0.351292,3.076155,12.295204,-0.003710,0.033513,0.129932,47.845861234414656,,0.00,0.00,0.00,0.000000,96.4,,,,,,
1776547896.688115,995,96.7,track,ekf,,620,535,-0.351107,3.074062,12.288781,-0.003704,0.032795,0.129793,47.90926219270562,,0.00,0.00,0.00,0.000000,127.5,,,,,,
1776547896.815844,996,127.7,track,ekf,,620,535,-0.350699,3.070065,12.274511,-0.003692,0.032152,0.129436,47.96319766112174,,0.00,0.00,0.00,0.000000,94.9,,,,,,
1776547896.910964,997,95.1,track,ekf,,620,535,-0.350209,3.065428,12.257401,-0.003681,0.031660,0.129067,47.96551991106663,,0.00,0.00,0.00,0.000000,95.3,,,,,,
1776547897.006544,998,95.6,track,ekf,,620,535,-0.349898,3.062407,12.246504,-0.003673,0.031302,0.128767,47.95466536704518,,0.00,0.00,0.00,0.000000,97.6,,,,,,
1776547897.104451,999,97.9,track,ekf,,620,535,-0.349802,3.061322,12.243150,-0.003667,0.031060,0.128561,47.94440305443605,,0.00,0.00,0.00,0.000000,97.1,,,,,,
1776547897.201830,1000,97.4,track,ekf,,620,535,-0.349891,3.061904,12.246290,-0.003664,0.030912,0.128441,47.942066916386715,,0.00,0.00,0.00,0.000000,127.7,,,,,,
1776547897.329771,1001,127.9,track,ekf,,620,535,-0.350259,3.064927,12.259162,-0.003663,0.030850,0.128397,47.97432050676458,,0.00,0.00,0.00,0.000000,94.5,,,,,,
1776547897.424469,1002,94.7,track,ekf,,620,535,-0.350598,3.067769,12.271022,-0.003664,0.030845,0.128394,47.9996755041696,,0.00,0.00,0.00,0.000000,96.4,,,,,,
1776547897.521073,1003,96.6,track,ekf,,620,535,-0.350995,3.071144,12.284910,-0.003666,0.030878,0.128410,48.04206447652896,,0.00,0.00,0.00,0.000000,97.5,,,,,,
1776547897.618857,1004,97.8,track,ekf,,620,535,-0.351416,3.074750,12.299630,-0.003667,0.030939,0.128431,48.09767208734537,,0.00,0.00,0.00,0.000000,97.1,,,,,,
1776547897.716209,1005,97.4,track,ekf,,620,535,-0.351833,3.078339,12.314201,-0.003668,0.031016,0.128446,48.161825701277245,,0.00,0.00,0.00,0.000000,128.8,,,,,,
1776547897.845350,1006,129.1,track,ekf,,620,535,-0.352353,3.082831,12.332405,-0.003669,0.031117,0.128448,48.255869876401626,,0.00,0.00,0.00,0.000000,97.5,,,,,,
1776547897.943055,1007,97.7,track,ekf,,620,535,-0.352732,3.086128,12.345645,-0.003669,0.031217,0.128435,48.32908962155609,,0.00,0.00,0.00,0.000000,97.7,,,,,,
1776547898.040969,1008,97.9,track,ekf,,620,535,-0.353087,3.089231,12.358070,-0.003669,0.031312,0.128409,48.40309165927284,,0.00,0.00,0.00,0.000000,97.1,,,,,,
1776547898.138359,1009,97.4,track,ekf,,620,535,-0.353421,3.092154,12.369745,-0.003669,0.031402,0.128374,48.47597740752313,,0.00,0.00,0.00,0.000000,96.0,,,,,,
1776547898.234670,1010,96.3,track,ekf,,620,535,-0.353737,3.094926,12.380794,-0.003668,0.031486,0.128331,48.54669835639489,,0.00,0.00,0.00,0.000000,126.2,,,,,,
1776547898.361187,1011,126.5,track,ekf,,620,535,-0.354150,3.098545,12.395248,-0.003667,0.031572,0.128281,48.63840623224326,,0.00,0.00,0.00,0.000000,94.7,,,,,,
1776547898.456193,1012,95.0,track,ekf,,620,535,-0.354445,3.101152,12.405578,-0.003665,0.031646,0.128233,48.704946073852334,,0.00,0.00,0.00,0.000000,95.4,,,,,,
1776547898.551919,1013,95.7,track,ekf,,620,535,-0.354745,3.103793,12.416050,-0.003664,0.031712,0.128187,48.771172631990865,,0.00,0.00,0.00,0.000000,96.5,,,,,,
1776547898.648762,1014,96.8,track,ekf,,620,535,-0.355052,3.106504,12.426800,-0.003663,0.031769,0.128146,48.83784739223261,,0.00,0.00,0.00,0.000000,96.2,,,,,,
1776547898.745159,1015,96.4,track,ekf,,620,535,-0.355363,3.109248,12.437685,-0.003662,0.031819,0.128110,48.9042264198707,,0.00,0.00,0.00,0.000000,126.0,,,,,,
1776547898.871496,1016,126.3,track,ekf,,620,535,-0.355788,3.112988,12.452565,-0.003661,0.031867,0.128077,48.9934556669401,,0.00,0.00,0.00,0.000000,97.3,,,,,,
1776547898.969047,1017,97.6,track,ekf,,620,535,-0.356116,3.115874,12.464018,-0.003660,0.031907,0.128050,49.061617725894784,,0.00,0.00,0.00,0.000000,97.9,,,,,,
1776547899.067282,1018,98.2,track,ekf,,620,535,-0.356452,3.118839,12.475793,-0.003659,0.031939,0.128029,49.131226707559186,,0.00,0.00,0.00,0.000000,98.2,,,,,,
1776547899.165851,1019,98.6,track,ekf,,620,535,-0.356795,3.121863,12.487812,-0.003659,0.031967,0.128012,49.202054771815234,,0.00,0.00,0.00,0.000000,92.6,,,,,,
1776547899.258708,1020,92.9,track,ekf,,620,535,-0.357123,3.124744,12.499268,-0.003658,0.031988,0.128000,49.2694748822756,,0.00,0.00,0.00,0.000000,117.6,,,,,,
1776547899.376548,1021,117.8,detect,ekf,,620,535,-0.357545,3.128456,12.514053,-0.003658,0.032006,0.127991,49.356761662378496,,0.00,0.00,0.00,0.000000,249.6,,,,,,
1776547899.626397,1022,249.8,track,ekf,,620,535,-0.358454,3.136424,12.545853,-0.003657,0.032023,0.127984,49.545640553241405,,0.00,0.00,0.00,0.000000,93.7,,,,,,
1776547899.720572,1023,94.2,track,ekf,,620,535,-0.358795,3.139426,12.557812,-0.003657,0.032033,0.127980,49.61651740321473,,0.00,0.00,0.00,0.000000,95.5,,,,,,
1776547899.816355,1024,95.8,track,ekf,,620,535,-0.359144,3.142489,12.570025,-0.003657,0.032039,0.127978,49.689110907544155,,0.00,0.00,0.00,0.000000,98.6,,,,,,
1776547899.915204,1025,98.8,track,ekf,,620,535,-0.359505,3.145654,12.582656,-0.003657,0.032042,0.127976,49.7643792034016,,0.00,0.00,0.00,0.000000,126.6,,,,,,
1776547900.042096,1026,126.9,track,ekf,,620,535,-0.359969,3.149720,12.598891,-0.003657,0.032043,0.127976,49.861352233819396,,0.00,0.00,0.00,0.000000,97.0,,,,,,
1776547900.139585,1027,97.5,track,ekf,,620,535,-0.360325,3.152844,12.611369,-0.003657,0.032043,0.127976,49.93596476478074,,0.00,0.00,0.00,0.000000,97.1,,,,,,
1776547900.237005,1028,97.4,track,ekf,,620,535,-0.360681,3.155964,12.623838,-0.003656,0.032041,0.127977,50.010609274193406,,0.00,0.00,0.00,0.000000,95.4,,,,,,
1776547900.332674,1029,95.7,track,ekf,,620,535,-0.361031,3.159027,12.636081,-0.003656,0.032039,0.127977,50.08396296888593,,0.00,0.00,0.00,0.000000,89.6,,,,,,
1776547900.422848,1030,90.2,track,ekf,,620,535,-0.361361,3.161913,12.647618,-0.003656,0.032036,0.127978,50.15313493597322,,0.00,0.00,0.00,0.000000,123.4,,,,,,
1776547900.546512,1031,123.7,track,ekf,,620,535,-0.361813,3.165870,12.663438,-0.003656,0.032033,0.127979,50.248042970541796,,0.00,0.00,0.00,0.000000,96.8,,,,,,
1776547900.643555,1032,97.0,track,ekf,,620,535,-0.362167,3.168974,12.675849,-0.003656,0.032029,0.127979,50.3225417571142,,0.00,0.00,0.00,0.000000,98.6,,,,,,
1776547900.742445,1033,98.9,track,ekf,,620,535,-0.362528,3.172135,12.688496,-0.003656,0.032025,0.127980,50.39849061026899,,0.00,0.00,0.00,0.000000,97.5,,,,,,
1776547900.840172,1034,97.7,track,ekf,,620,535,-0.362885,3.175259,12.700993,-0.003656,0.032022,0.127981,50.47358109635988,,0.00,0.00,0.00,0.000000,97.0,,,,,,
1776547900.937561,1035,97.4,track,ekf,,620,535,-0.363241,3.178372,12.713446,-0.003656,0.032018,0.127982,50.54845292492248,,0.00,0.00,0.00,0.000000,128.0,,,,,,
1776547901.065851,1036,128.3,track,ekf,,620,535,-0.363710,3.182474,12.729854,-0.003656,0.032015,0.127982,50.64717927200864,,0.00,0.00,0.00,0.000000,97.3,,,,,,
1776547901.163395,1037,97.5,track,ekf,,620,535,-0.364066,3.185592,12.742329,-0.003656,0.032011,0.127983,50.72227852410946,,0.00,0.00,0.00,0.000000,98.4,,,,,,
1776547901.262186,1038,98.8,track,ekf,,620,535,-0.364427,3.188750,12.754965,-0.003656,0.032008,0.127984,50.798398835412414,,0.00,0.00,0.00,0.000000,94.4,,,,,,
1776547901.357030,1039,94.8,track,ekf,,620,535,-0.364774,3.191782,12.767097,-0.003656,0.032006,0.127984,50.871533061802566,,0.00,0.00,0.00,0.000000,96.1,,,,,,
1776547901.453428,1040,96.4,track,ekf,,620,535,-0.365126,3.194864,12.779429,-0.003657,0.032004,0.127985,50.94592568217611,,0.00,0.00,0.00,0.000000,129.1,,,,,,
1776547901.582787,1041,129.4,track,ekf,,620,535,-0.365599,3.199001,12.795981,-0.003657,0.032002,0.127985,51.04586452821057,,0.00,0.00,0.00,0.000000,97.1,,,,,,
1776547901.680111,1042,97.3,track,ekf,,620,535,-0.365955,3.202113,12.808434,-0.003657,0.032000,0.127985,51.12110547170182,,0.00,0.00,0.00,0.000000,98.3,,,,,,
1776547901.778668,1043,98.6,track,ekf,,620,535,-0.366316,3.205266,12.821045,-0.003657,0.031999,0.127986,51.19735948473915,,0.00,0.00,0.00,0.000000,98.1,,,,,,
1776547901.877069,1044,98.4,track,ekf,,620,535,-0.366675,3.208413,12.833638,-0.003657,0.031998,0.127986,51.273550989089685,,0.00,0.00,0.00,0.000000,97.2,,,,,,
1776547901.974519,1045,97.5,track,ekf,,620,535,-0.367032,3.211530,12.846109,-0.003657,0.031997,0.127986,51.34906196070474,,0.00,0.00,0.00,0.000000,127.5,,,,,,
1776547902.102330,1046,127.8,track,ekf,,620,535,-0.367499,3.215619,12.862466,-0.003657,0.031996,0.127986,51.448184908830456,,0.00,0.00,0.00,0.000000,98.0,,,,,,
1776547902.200549,1047,98.2,track,ekf,,620,535,-0.367858,3.218761,12.875037,-0.003657,0.031996,0.127986,51.52441244611364,,0.00,0.00,0.00,0.000000,96.0,,,,,,
1776547902.296817,1048,96.3,track,ekf,,620,535,-0.368210,3.221841,12.887357,-0.003657,0.031995,0.127986,51.599175859660356,,0.00,0.00,0.00,0.000000,95.3,,,,,,
1776547902.392343,1049,95.5,track,ekf,,620,535,-0.368559,3.224897,12.899583,-0.003657,0.031995,0.127987,51.6734112635583,,0.00,0.00,0.00,0.000000,93.9,,,,,,
1776547902.486478,1050,94.1,track,ekf,,620,535,-0.368904,3.227908,12.911631,-0.003657,0.031995,0.127987,51.74661169587183,,0.00,0.00,0.00,0.000000,130.6,,,,,,
1776547902.617343,1051,130.9,detect,ekf,,620,535,-0.369382,3.232095,12.928380,-0.003657,0.031995,0.127987,51.84845337616532,,0.00,0.00,0.00,0.000000,262.9,,,,,,
1776547902.880594,1052,263.3,track,ekf,,620,535,-0.370345,3.240518,12.962073,-0.003657,0.031995,0.127987,52.053589611981685,,0.00,0.00,0.00,0.000000,98.4,,,,,,
1776547902.979353,1053,98.8,track,ekf,,620,535,-0.370706,3.243678,12.974713,-0.003657,0.031995,0.127987,52.13062431449,,0.00,0.00,0.00,0.000000,98.3,,,,,,
1776547903.077820,1054,98.5,track,ekf,,620,535,-0.371066,3.246828,12.987315,-0.003657,0.031995,0.127987,52.207480998466416,,0.00,0.00,0.00,0.000000,97.5,,,,,,
1776547903.175707,1055,97.9,track,ekf,,620,535,-0.371424,3.249960,12.999843,-0.003657,0.031995,0.127986,52.283934578065534,,0.00,0.00,0.00,0.000000,127.2,,,,,,
1776547903.303149,1056,127.4,track,ekf,,620,535,-0.371890,3.254038,13.016154,-0.003657,0.031995,0.127986,52.38354730919807,,0.00,0.00,0.00,0.000000,98.1,,,,,,
1776547903.401580,1057,98.4,track,ekf,,620,535,-0.372250,3.257187,13.028752,-0.003657,0.031995,0.127986,52.460537194202,,0.00,0.00,0.00,0.000000,98.5,,,,,,
1776547903.500382,1058,98.8,track,ekf,,620,535,-0.372611,3.260349,13.041397,-0.003657,0.031996,0.127986,52.53786607130674,,0.00,0.00,0.00,0.000000,99.1,,,,,,
1776547903.599791,1059,99.4,track,ekf,,620,535,-0.372975,3.263530,13.054120,-0.003657,0.031996,0.127986,52.61571941326106,,0.00,0.00,0.00,0.000000,97.4,,,,,,
1776547903.697576,1060,97.8,track,ekf,,620,535,-0.373332,3.266658,13.066635,-0.003657,0.031996,0.127986,52.69234930913381,,0.00,0.00,0.00,0.000000,128.0,,,,,,
1776547903.825865,1061,128.3,track,ekf,,620,535,-0.373802,3.270763,13.083054,-0.003657,0.031996,0.127986,52.79295946968373,,0.00,0.00,0.00,0.000000,98.3,,,,,,
1776547903.924391,1062,98.5,track,ekf,,620,535,-0.374162,3.273916,13.095664,-0.003657,0.031996,0.127986,52.870280744408056,,0.00,0.00,0.00,0.000000,100.4,,,,,,
1776547904.025063,1063,100.7,track,ekf,,620,535,-0.374530,3.277137,13.108549,-0.003657,0.031996,0.127986,52.9493365150228,,0.00,0.00,0.00,0.000000,99.8,,,,,,
1776547904.125071,1064,100.0,track,ekf,,620,535,-0.374896,3.280337,13.121348,-0.003657,0.031996,0.127986,53.02792136499021,,0.00,0.00,0.00,0.000000,99.5,,,,,,
1776547904.224802,1065,99.7,track,ekf,,620,535,-0.375260,3.283528,13.134113,-0.003657,0.031996,0.127986,53.10633751065357,,0.00,0.00,0.00,0.000000,127.1,,,,,,
1776547904.352129,1066,127.3,track,ekf,,620,535,-0.375726,3.287602,13.150409,-0.003657,0.031996,0.127986,53.2065257315009,,0.00,0.00,0.00,0.000000,95.6,,,,,,
1776547904.447966,1067,95.8,track,ekf,,620,535,-0.376076,3.290668,13.162674,-0.003657,0.031996,0.127986,53.28198665255041,,0.00,0.00,0.00,0.000000,99.5,,,,,,
1776547904.547727,1068,99.8,track,ekf,,620,535,-0.376441,3.293860,13.175442,-0.003657,0.031996,0.127986,53.36058586186573,,0.00,0.00,0.00,0.000000,97.7,,,,,,
1776547904.645671,1069,97.9,track,ekf,,620,535,-0.376799,3.296994,13.187978,-0.003657,0.031997,0.127986,53.43780101616728,,0.00,0.00,0.00,0.000000,100.3,,,,,,
1776547904.746250,1070,100.6,track,ekf,,620,535,-0.377167,3.300213,13.200851,-0.003657,0.031997,0.127986,53.51714386560171,,0.00,0.00,0.00,0.000000,129.8,,,,,,
1776547904.876313,1071,130.1,track,ekf,,620,535,-0.377643,3.304374,13.217497,-0.003657,0.031997,0.127986,53.61982226916264,,0.00,0.00,0.00,0.000000,98.7,,,,,,
1776547904.975284,1072,99.0,track,ekf,,620,535,-0.378005,3.307541,13.230164,-0.003657,0.031997,0.127986,53.698007875261546,,0.00,0.00,0.00,0.000000,98.0,,,,,,
1776547905.073578,1073,98.3,track,ekf,,620,535,-0.378364,3.310686,13.242744,-0.003657,0.031997,0.127986,53.7757071327937,,0.00,0.00,0.00,0.000000,98.1,,,,,,
1776547905.172031,1074,98.5,track,ekf,,620,535,-0.378724,3.313836,13.255345,-0.003657,0.031997,0.127986,53.853579498292866,,0.00,0.00,0.00,0.000000,97.2,,,,,,
1776547905.269554,1075,97.5,track,ekf,,620,535,-0.379081,3.316957,13.267826,-0.003657,0.031997,0.127986,53.93076354892113,,0.00,0.00,0.00,0.000000,128.7,,,,,,
1776547905.398525,1076,129.0,track,ekf,,620,535,-0.379552,3.321083,13.284333,-0.003657,0.031997,0.127986,54.03291163310872,,0.00,0.00,0.00,0.000000,97.6,,,,,,
1776547905.496391,1077,97.9,track,ekf,,620,535,-0.379910,3.324215,13.296858,-0.003657,0.031997,0.127986,54.1104762572925,,0.00,0.00,0.00,0.000000,99.2,,,,,,
1776547905.595869,1078,99.5,track,ekf,,620,535,-0.380274,3.327398,13.309590,-0.003657,0.031997,0.127986,54.18936691686358,,0.00,0.00,0.00,0.000000,97.8,,,,,,
1776547905.693946,1079,98.1,track,ekf,,620,535,-0.380633,3.330536,13.322143,-0.003657,0.031997,0.127986,54.267193988276794,,0.00,0.00,0.00,0.000000,97.4,,,,,,
1776547905.791605,1080,97.7,track,ekf,,620,535,-0.380990,3.333660,13.334641,-0.003657,0.031997,0.127986,54.344735881962045,,0.00,0.00,0.00,0.000000,130.7,,,,,,
1776547905.922624,1081,131.0,detect,ekf,,620,535,-0.381469,3.337853,13.351410,-0.003657,0.031997,0.127986,54.44884384802033,,0.00,0.00,0.00,0.000000,283.0,,,,,,
1776547906.205930,1082,283.3,track,ekf,,620,535,-0.382505,3.346917,13.387669,-0.003657,0.031997,0.127986,54.67425717277516,,0.00,0.00,0.00,0.000000,96.0,,,,,,
1776547906.302217,1083,96.3,track,ekf,,620,535,-0.382857,3.349998,13.399993,-0.003657,0.031997,0.127986,54.75094427253053,,0.00,0.00,0.00,0.000000,96.6,,,,,,
1776547906.399169,1084,97.0,track,ekf,,620,535,-0.383211,3.353100,13.412401,-0.003657,0.031997,0.127986,54.82820910211971,,0.00,0.00,0.00,0.000000,98.4,,,,,,
1776547906.497804,1085,98.6,track,ekf,,620,535,-0.383572,3.356256,13.425025,-0.003657,0.031997,0.127986,54.90686444663104,,0.00,0.00,0.00,0.000000,129.4,,,,,,
1776547906.627525,1086,129.7,track,ekf,,620,535,-0.384047,3.360407,13.441628,-0.003657,0.031997,0.127986,55.010385653374875,,0.00,0.00,0.00,0.000000,97.4,,,,,,
1776547906.725164,1087,97.6,track,ekf,,620,535,-0.384404,3.363531,13.454124,-0.003657,0.031997,0.127986,55.08835560380274,,0.00,0.00,0.00,0.000000,100.4,,,,,,
1776547906.825889,1088,100.7,track,ekf,,620,535,-0.384772,3.366754,13.467016,-0.003657,0.031997,0.127986,55.16884052532847,,0.00,0.00,0.00,0.000000,99.6,,,,,,
1776547906.925654,1089,99.8,track,ekf,,620,535,-0.385137,3.369946,13.479784,-0.003657,0.031997,0.127986,55.2486069664121,,0.00,0.00,0.00,0.000000,94.6,,,,,,
1776547907.020440,1090,94.8,track,ekf,,620,535,-0.385483,3.372979,13.491915,-0.003657,0.031997,0.127986,55.324437117147255,,0.00,0.00,0.00,0.000000,122.4,,,,,,
1776547907.143112,1091,122.7,track,ekf,,620,535,-0.385932,3.376904,13.507616,-0.003657,0.031997,0.127986,55.422644601844546,,0.00,0.00,0.00,0.000000,97.4,,,,,,
1776547907.240708,1092,97.6,track,ekf,,620,535,-0.386289,3.380027,13.520107,-0.003657,0.031997,0.127986,55.50082715092839,,0.00,0.00,0.00,0.000000,96.4,,,,,,
1776547907.337374,1093,96.7,track,ekf,,620,535,-0.386642,3.383120,13.532479,-0.003657,0.031997,0.127986,55.57831044848619,,0.00,0.00,0.00,0.000000,97.7,,,,,,
1776547907.435279,1094,97.9,track,ekf,,620,535,-0.387000,3.386252,13.545009,-0.003657,0.031997,0.127986,55.65683297007473,,0.00,0.00,0.00,0.000000,97.9,,,,,,
1776547907.533521,1095,98.2,track,ekf,,620,535,-0.387360,3.389396,13.557583,-0.003657,0.031997,0.127986,55.73567359546609,,0.00,0.00,0.00,0.000000,128.6,,,,,,
1776547907.662377,1096,128.9,track,ekf,,620,535,-0.387831,3.393519,13.574074,-0.003657,0.031997,0.127986,55.839155841185324,,0.00,0.00,0.00,0.000000,97.1,,,,,,
1776547907.759895,1097,97.5,track,ekf,,620,535,-0.388187,3.396639,13.586555,-0.003657,0.031997,0.127986,55.917521206116994,,0.00,0.00,0.00,0.000000,99.2,,,,,,
1776547907.859531,1098,99.6,track,ekf,,620,535,-0.388552,3.399827,13.599307,-0.003657,0.031997,0.127986,55.997636923279316,,0.00,0.00,0.00,0.000000,98.5,,,,,,
1776547907.958297,1099,98.8,track,ekf,,620,535,-0.388913,3.402987,13.611948,-0.003657,0.031997,0.127986,56.07710116812847,,0.00,0.00,0.00,0.000000,97.0,,,,,,
1776547908.055604,1100,97.3,track,ekf,,620,535,-0.389269,3.406100,13.624402,-0.003657,0.031997,0.127986,56.1554366539357,,0.00,0.00,0.00,0.000000,129.0,,,,,,
1776547908.184852,1101,129.2,track,ekf,,620,535,-0.389741,3.410236,13.640944,-0.003657,0.031997,0.127986,56.25956092955369,,0.00,0.00,0.00,0.000000,95.2,,,,,,
1776547908.280264,1102,95.4,track,ekf,,620,535,-0.390090,3.413289,13.653155,-0.003657,0.031997,0.127986,56.33647482844822,,0.00,0.00,0.00,0.000000,94.8,,,,,,
1776547908.375247,1103,95.0,track,ekf,,620,535,-0.390437,3.416328,13.665312,-0.003657,0.031997,0.127986,56.41308671193858,,0.00,0.00,0.00,0.000000,94.4,,,,,,
1776547908.469849,1104,94.6,track,ekf,,620,535,-0.390783,3.419355,13.677420,-0.003657,0.031997,0.127986,56.48943537444887,,0.00,0.00,0.00,0.000000,98.8,,,,,,
1776547908.569015,1105,99.2,track,ekf,,620,535,-0.391146,3.422528,13.690111,-0.003657,0.031997,0.127986,56.56951329185447,,0.00,0.00,0.00,0.000000,128.6,,,,,,
1776547908.697974,1106,129.0,track,ekf,,620,535,-0.391618,3.426654,13.706616,-0.003657,0.031997,0.127986,56.673724417693684,,0.00,0.00,0.00,0.000000,96.7,,,,,,
1776547908.794939,1107,97.0,track,ekf,,620,535,-0.391972,3.429757,13.719027,-0.003657,0.031997,0.127986,56.75213096407076,,0.00,0.00,0.00,0.000000,96.8,,,,,,
1776547908.892006,1108,97.1,track,ekf,,620,535,-0.392327,3.432862,13.731450,-0.003657,0.031997,0.127986,56.83066522606744,,0.00,0.00,0.00,0.000000,97.6,,,,,,
1776547908.989952,1109,97.9,track,ekf,,620,535,-0.392685,3.435996,13.743986,-0.003657,0.031997,0.127986,56.90995751714487,,0.00,0.00,0.00,0.000000,96.9,,,,,,
1776547909.087099,1110,97.1,track,ekf,,620,535,-0.393041,3.439105,13.756419,-0.003657,0.031997,0.127986,56.98864846407255,,0.00,0.00,0.00,0.000000,128.3,,,,,,
1776547909.215654,1111,128.6,detect,ekf,,620,535,-0.393511,3.443218,13.772872,-0.003657,0.031997,0.127986,57.092853172432285,,0.00,0.00,0.00,0.000000,257.1,,,,,,
1776547909.473135,1112,257.5,track,ekf,,620,535,-0.394452,3.451457,13.805826,-0.003657,0.031997,0.127986,57.30181048328836,,0.00,0.00,0.00,0.000000,99.4,,,,,,
1776547909.572877,1113,99.7,track,ekf,,620,535,-0.394817,3.454648,13.818592,-0.003657,0.031997,0.127986,57.38282996089317,,0.00,0.00,0.00,0.000000,98.3,,,,,,
1776547909.671573,1114,98.7,track,ekf,,620,535,-0.395178,3.457806,13.831224,-0.003657,0.031997,0.127986,57.463048324622086,,0.00,0.00,0.00,0.000000,97.8,,,,,,
1776547909.769686,1115,98.1,track,ekf,,620,535,-0.395537,3.460945,13.843781,-0.003657,0.031997,0.127986,57.542839850823896,,0.00,0.00,0.00,0.000000,129.1,,,,,,
1776547909.899079,1116,129.4,track,ekf,,620,535,-0.396010,3.465085,13.860341,-0.003657,0.031997,0.127986,57.648145312752504,,0.00,0.00,0.00,0.000000,97.5,,,,,,
1776547909.996847,1117,97.8,track,ekf,,620,535,-0.396367,3.468214,13.872854,-0.003657,0.031997,0.127986,57.72776339605361,,0.00,0.00,0.00,0.000000,97.9,,,,,,
1776547910.095063,1118,98.2,track,ekf,,620,535,-0.396726,3.471356,13.885424,-0.003657,0.031997,0.127986,57.80779299514577,,0.00,0.00,0.00,0.000000,99.1,,,,,,
1776547910.194438,1119,99.4,track,ekf,,620,535,-0.397090,3.474536,13.898143,-0.003657,0.031997,0.127986,57.8888148110808,,0.00,0.00,0.00,0.000000,95.8,,,,,,
1776547910.290565,1120,96.1,track,ekf,,620,535,-0.397441,3.477611,13.910446,-0.003657,0.031997,0.127986,57.96723277764605,,0.00,0.00,0.00,0.000000,123.9,,,,,,
1776547910.414737,1121,124.2,track,ekf,,620,535,-0.397895,3.481585,13.926338,-0.003657,0.031997,0.127986,58.06859810791496,,0.00,0.00,0.00,0.000000,96.7,,,,,,
1776547910.511712,1122,97.0,track,ekf,,620,535,-0.398250,3.484687,13.938750,-0.003657,0.031997,0.127986,58.14780951923602,,0.00,0.00,0.00,0.000000,96.8,,,,,,
1776547910.608809,1123,97.1,track,ekf,,620,535,-0.398605,3.487794,13.951177,-0.003657,0.031997,0.127986,58.22716620910194,,0.00,0.00,0.00,0.000000,94.0,,,,,,
1776547910.703055,1124,94.2,track,ekf,,620,535,-0.398950,3.490810,13.963239,-0.003657,0.031997,0.127986,58.30423604087198,,0.00,0.00,0.00,0.000000,91.8,,,,,,
1776547910.795119,1125,92.1,track,ekf,,620,535,-0.399286,3.493755,13.975022,-0.003657,0.031997,0.127986,58.37956158437246,,0.00,0.00,0.00,0.000000,124.9,,,,,,
1776547910.920370,1126,125.3,track,ekf,,620,535,-0.399744,3.497763,13.991052,-0.003657,0.031997,0.127986,58.48210942552585,,0.00,0.00,0.00,0.000000,95.4,,,,,,
1776547911.016083,1127,95.7,track,ekf,,620,535,-0.400094,3.500826,14.003302,-0.003657,0.031997,0.127986,58.56052122842064,,0.00,0.00,0.00,0.000000,91.6,,,,,,
1776547911.107912,1128,91.8,track,ekf,,620,535,-0.400430,3.503764,14.015055,-0.003657,0.031997,0.127986,58.63579080922298,,0.00,0.00,0.00,0.000000,91.5,,,,,,
1776547911.199627,1129,91.7,track,ekf,,620,535,-0.400766,3.506698,14.026793,-0.003657,0.031997,0.127986,58.71100796141492,,0.00,0.00,0.00,0.000000,91.6,,,,,,
1776547911.291605,1130,92.0,track,ekf,,620,535,-0.401102,3.509641,14.038565,-0.003657,0.031997,0.127986,58.78648031687142,,0.00,0.00,0.00,0.000000,122.3,,,,,,
1776547911.414195,1131,122.6,track,ekf,,620,535,-0.401550,3.513564,14.054255,-0.003657,0.031997,0.127986,58.8871381052719,,0.00,0.00,0.00,0.000000,91.4,,,,,,
1776547911.505824,1132,91.6,track,ekf,,620,535,-0.401885,3.516496,14.065982,-0.003657,0.031997,0.127986,58.96241711589727,,0.00,0.00,0.00,0.000000,92.7,,,,,,
1776547911.598825,1133,93.0,track,ekf,,620,535,-0.402225,3.519471,14.077885,-0.003657,0.031997,0.127986,59.03886424410093,,0.00,0.00,0.00,0.000000,89.3,,,,,,
1776547911.688415,1134,89.6,track,ekf,,620,535,-0.402553,3.522338,14.089351,-0.003657,0.031997,0.127986,59.11254660765186,,0.00,0.00,0.00,0.000000,92.2,,,,,,
1776547911.780878,1135,92.5,track,ekf,,620,535,-0.402891,3.525296,14.101185,-0.003657,0.031997,0.127986,59.18863189947506,,0.00,0.00,0.00,0.000000,123.2,,,,,,
1776547911.904413,1136,123.5,track,ekf,,620,535,-0.403343,3.529249,14.116996,-0.003657,0.031997,0.127986,59.29035151917157,,0.00,0.00,0.00,0.000000,90.6,,,,,,
1776547911.995199,1137,90.8,track,ekf,,620,535,-0.403675,3.532154,14.128615,-0.003657,0.031997,0.127986,59.36514848493511,,0.00,0.00,0.00,0.000000,91.2,,,,,,
1776547912.086615,1138,91.4,track,ekf,,620,535,-0.404009,3.535079,14.140315,-0.003657,0.031997,0.127986,59.440504050307545,,0.00,0.00,0.00,0.000000,91.1,,,,,,
1776547912.177923,1139,91.3,track,ekf,,620,535,-0.404343,3.538000,14.152002,-0.003657,0.031997,0.127986,59.51581072308096,,0.00,0.00,0.00,0.000000,97.2,,,,,,
1776547912.275344,1140,97.4,track,ekf,,620,535,-0.404699,3.541118,14.164470,-0.003657,0.031997,0.127986,59.59620204829286,,0.00,0.00,0.00,0.000000,117.8,,,,,,
1776547912.393455,1141,118.1,detect,ekf,,620,535,-0.405131,3.544897,14.179587,-0.003657,0.031997,0.127986,59.69372979124771,,0.00,0.00,0.00,0.000000,245.8,,,,,,
1776547912.639560,1142,246.1,track,ekf,,620,535,-0.406031,3.552771,14.211085,-0.003657,0.031997,0.127986,59.897165446738384,,0.00,0.00,0.00,0.000000,96.4,,,,,,
1776547912.736446,1143,96.9,track,ekf,,620,535,-0.406385,3.555871,14.223485,-0.003657,0.031997,0.127986,59.977321121490085,,0.00,0.00,0.00,0.000000,97.0,,,,,,
1776547912.833723,1144,97.3,track,ekf,,620,535,-0.406741,3.558984,14.235935,-0.003657,0.031997,0.127986,60.057846517299666,,0.00,0.00,0.00,0.000000,96.5,,,,,,
1776547912.930458,1145,96.7,track,ekf,,620,535,-0.407095,3.562079,14.248316,-0.003657,0.031997,0.127986,60.137968086308135,,0.00,0.00,0.00,0.000000,128.0,,,,,,
1776547913.058671,1146,128.2,track,ekf,,620,535,-0.407564,3.566181,14.264725,-0.003657,0.031997,0.127986,60.24423415115376,,0.00,0.00,0.00,0.000000,94.8,,,,,,
1776547913.153764,1147,95.1,track,ekf,,620,535,-0.407911,3.569224,14.276896,-0.003657,0.031997,0.127986,60.32309522086129,,0.00,0.00,0.00,0.000000,97.1,,,,,,
1776547913.251094,1148,97.3,track,ekf,,620,535,-0.408267,3.572338,14.289353,-0.003657,0.031997,0.127986,60.40385768749884,,0.00,0.00,0.00,0.000000,95.3,,,,,,
1776547913.346659,1149,95.6,track,ekf,,620,535,-0.408617,3.575396,14.301584,-0.003657,0.031997,0.127986,60.48319821975973,,0.00,0.00,0.00,0.000000,94.8,,,,,,
1776547913.441831,1150,95.2,track,ekf,,620,535,-0.408965,3.578441,14.313764,-0.003657,0.031997,0.127986,60.56225496181076,,0.00,0.00,0.00,0.000000,128.1,,,,,,
1776547913.570156,1151,128.3,track,ekf,,620,535,-0.409434,3.582547,14.330188,-0.003657,0.031997,0.127986,60.66892284557305,,0.00,0.00,0.00,0.000000,96.8,,,,,,
1776547913.667253,1152,97.1,track,ekf,,620,535,-0.409789,3.585654,14.342615,-0.003657,0.031997,0.127986,60.749681099838426,,0.00,0.00,0.00,0.000000,95.8,,,,,,
1776547913.763304,1153,96.1,track,ekf,,620,535,-0.410140,3.588727,14.354908,-0.003657,0.031997,0.127986,60.8296123391944,,0.00,0.00,0.00,0.000000,97.4,,,,,,
1776547913.860915,1154,97.6,track,ekf,,620,535,-0.410497,3.591850,14.367401,-0.003657,0.031997,0.127986,60.91088649494646,,0.00,0.00,0.00,0.000000,96.1,,,,,,
1776547913.957222,1155,96.3,track,ekf,,620,535,-0.410849,3.594932,14.379727,-0.003657,0.031997,0.127986,60.99111918838599,,0.00,0.00,0.00,0.000000,126.5,,,,,,
1776547914.084019,1156,126.8,track,ekf,,620,535,-0.411313,3.598989,14.395955,-0.003657,0.031997,0.127986,61.09682135068304,,0.00,0.00,0.00,0.000000,96.0,,,,,,
1776547914.180299,1157,96.3,track,ekf,,620,535,-0.411665,3.602069,14.408278,-0.003657,0.031997,0.127986,61.17713035052533,,0.00,0.00,0.00,0.000000,96.6,,,,,,
1776547914.277123,1158,96.8,track,ekf,,620,535,-0.412019,3.605168,14.420670,-0.003657,0.031997,0.127986,61.25793802448579,,0.00,0.00,0.00,0.000000,95.7,,,,,,
1776547914.373113,1159,96.0,track,ekf,,620,535,-0.412370,3.608239,14.432955,-0.003657,0.031997,0.127986,61.33809207755966,,0.00,0.00,0.00,0.000000,94.4,,,,,,
1776547914.467728,1160,94.6,track,ekf,,620,535,-0.412716,3.611266,14.445065,-0.003657,0.031997,0.127986,61.41714001245017,,0.00,0.00,0.00,0.000000,127.5,,,,,,
1776547914.595487,1161,127.8,track,ekf,,620,535,-0.413183,3.615354,14.461416,-0.003657,0.031997,0.127986,61.52394846138456,,0.00,0.00,0.00,0.000000,96.3,,,,,,
1776547914.692027,1162,96.5,track,ekf,,620,535,-0.413536,3.618443,14.473772,-0.003657,0.031997,0.127986,61.60470507319844,,0.00,0.00,0.00,0.000000,96.1,,,,,,
1776547914.788599,1163,96.6,track,ekf,,620,535,-0.413889,3.621533,14.486132,-0.003657,0.031997,0.127986,61.68553215854622,,0.00,0.00,0.00,0.000000,96.1,,,,,,
1776547914.885053,1164,96.5,track,ekf,,620,535,-0.414242,3.624619,14.498477,-0.003657,0.031997,0.127986,61.76630327018057,,0.00,0.00,0.00,0.000000,98.3,,,,,,
1776547914.983545,1165,98.5,track,ekf,,620,535,-0.414602,3.627771,14.511082,-0.003657,0.031997,0.127986,61.84882592539053,,0.00,0.00,0.00,0.000000,129.8,,,,,,
1776547915.113609,1166,130.1,track,ekf,,620,535,-0.415078,3.631932,14.527729,-0.003657,0.031997,0.127986,61.957874472552504,,0.00,0.00,0.00,0.000000,96.8,,,,,,
1776547915.210605,1167,97.0,track,ekf,,620,535,-0.415433,3.635036,14.540143,-0.003657,0.031997,0.127986,62.03924575771507,,0.00,0.00,0.00,0.000000,95.4,,,,,,
1776547915.306404,1168,95.8,track,ekf,,620,535,-0.415783,3.638101,14.552404,-0.003657,0.031997,0.127986,62.119655278255244,,0.00,0.00,0.00,0.000000,93.0,,,,,,
1776547915.399592,1169,93.2,track,ekf,,620,535,-0.416124,3.641083,14.564331,-0.003657,0.031997,0.127986,62.19791423170109,,0.00,0.00,0.00,0.000000,97.2,,,,,,
1776547915.497015,1170,97.4,track,ekf,,620,535,-0.416480,3.644200,14.576799,-0.003657,0.031997,0.127986,62.27977357662323,,0.00,0.00,0.00,0.000000,128.6,,,,,,
1776547915.625933,1171,128.9,detect,ekf,,620,535,-0.416951,3.648325,14.593299,-0.003657,0.031997,0.127986,62.388166852283774,,0.00,0.00,0.00,0.000000,277.1,,,,,,
1776547915.903364,1172,277.4,track,ekf,,620,535,-0.417966,3.657202,14.628806,-0.003657,0.031997,0.127986,62.62170056736676,,0.00,0.00,0.00,0.000000,98.3,,,,,,
1776547916.001930,1173,98.6,track,ekf,,620,535,-0.418326,3.660355,14.641421,-0.003657,0.031997,0.127986,62.704743483564265,,0.00,0.00,0.00,0.000000,97.5,,,,,,
1776547916.099603,1174,97.7,track,ekf,,620,535,-0.418683,3.663481,14.653922,-0.003657,0.031997,0.127986,62.78708030750016,,0.00,0.00,0.00,0.000000,97.2,,,,,,
1776547916.197170,1175,97.6,track,ekf,,620,535,-0.419040,3.666602,14.666410,-0.003657,0.031997,0.127986,62.86937347632175,,0.00,0.00,0.00,0.000000,127.7,,,,,,
1776547916.325169,1176,128.0,track,ekf,,620,535,-0.419508,3.670698,14.682792,-0.003657,0.031997,0.127986,62.977404906006726,,0.00,0.00,0.00,0.000000,95.2,,,,,,
1776547916.420798,1177,95.6,track,ekf,,620,535,-0.419858,3.673758,14.695031,-0.003657,0.031997,0.127986,63.058162456730415,,0.00,0.00,0.00,0.000000,97.3,,,,,,
1776547916.519372,1178,98.6,track,ekf,,620,535,-0.420218,3.676912,14.707647,-0.003657,0.031997,0.127986,63.14145164707549,,0.00,0.00,0.00,0.000000,99.9,,,,,,
1776547916.619498,1179,100.1,track,ekf,,620,535,-0.420585,3.680115,14.720462,-0.003657,0.031997,0.127986,63.22609882814274,,0.00,0.00,0.00,0.000000,98.2,,,,,,
1776547916.717927,1180,98.4,track,ekf,,620,535,-0.420945,3.683265,14.733059,-0.003657,0.031997,0.127986,63.30935653510139,,0.00,0.00,0.00,0.000000,128.2,,,,,,
1776547916.846429,1181,128.5,track,ekf,,620,535,-0.421414,3.687376,14.749506,-0.003657,0.031997,0.127986,63.418122861361255,,0.00,0.00,0.00,0.000000,97.6,,,,,,
1776547916.944354,1182,97.9,track,ekf,,620,535,-0.421773,3.690510,14.762039,-0.003657,0.031997,0.127986,63.50105584455698,,0.00,0.00,0.00,0.000000,97.4,,,,,,
1776547917.041965,1183,97.6,track,ekf,,620,535,-0.422129,3.693633,14.774532,-0.003657,0.031997,0.127986,63.58376692930908,,0.00,0.00,0.00,0.000000,97.5,,,,,,
1776547917.139688,1184,97.7,track,ekf,,620,535,-0.422487,3.696760,14.787039,-0.003657,0.031997,0.127986,63.66661635388028,,0.00,0.00,0.00,0.000000,97.2,,,,,,
1776547917.237104,1185,97.4,track,ekf,,620,535,-0.422843,3.699877,14.799507,-0.003657,0.031997,0.127986,63.749249937322155,,0.00,0.00,0.00,0.000000,126.7,,,,,,
1776547917.364161,1186,127.1,track,ekf,,620,535,-0.423308,3.703942,14.815768,-0.003657,0.031997,0.127986,63.85709457906753,,0.00,0.00,0.00,0.000000,95.8,,,,,,
1776547917.460166,1187,96.0,track,ekf,,620,535,-0.423659,3.707014,14.828056,-0.003657,0.031997,0.127986,63.93862970302025,,0.00,0.00,0.00,0.000000,96.9,,,,,,
1776547917.557409,1188,97.2,track,ekf,,620,535,-0.424014,3.710125,14.840501,-0.003657,0.031997,0.127986,64.0212584546878,,0.00,0.00,0.00,0.000000,96.7,,,,,,
1776547917.654586,1189,97.2,track,ekf,,620,535,-0.424370,3.713235,14.852939,-0.003657,0.031997,0.127986,64.10387505168151,,0.00,0.00,0.00,0.000000,99.2,,,,,,
1776547917.754084,1190,99.5,track,ekf,,620,535,-0.424734,3.716418,14.865673,-0.003657,0.031997,0.127986,64.18850934184795,,0.00,0.00,0.00,0.000000,131.5,,,,,,
1776547917.885793,1191,131.7,track,ekf,,620,535,-0.425215,3.720632,14.882530,-0.003657,0.031997,0.127986,64.3006162705958,,0.00,0.00,0.00,0.000000,96.4,,,,,,
1776547917.982413,1192,96.6,track,ekf,,620,535,-0.425568,3.723724,14.894896,-0.003657,0.031997,0.127986,64.38290317990948,,0.00,0.00,0.00,0.000000,97.9,,,,,,
1776547918.080665,1193,98.3,track,ekf,,620,535,-0.425928,3.726868,14.907471,-0.003657,0.031997,0.127986,64.46662405177462,,0.00,0.00,0.00,0.000000,98.5,,,,,,
1776547918.179364,1194,98.7,track,ekf,,620,535,-0.426289,3.730026,14.920103,-0.003657,0.031997,0.127986,64.55077015904598,,0.00,0.00,0.00,0.000000,96.9,,,,,,
1776547918.276503,1195,97.1,track,ekf,,620,535,-0.426644,3.733134,14.932535,-0.003657,0.031997,0.127986,64.6336302310097,,0.00,0.00,0.00,0.000000,126.7,,,,,,
1776547918.403498,1196,127.0,track,ekf,,620,535,-0.427108,3.737197,14.948789,-0.003657,0.031997,0.127986,64.74202526468919,,0.00,0.00,0.00,0.000000,96.3,,,,,,
1776547918.500025,1197,96.5,track,ekf,,620,535,-0.427461,3.740286,14.961143,-0.003657,0.031997,0.127986,64.82446012424462,,0.00,0.00,0.00,0.000000,98.7,,,,,,
1776547918.598998,1198,99.0,track,ekf,,620,535,-0.427823,3.743453,14.973810,-0.003657,0.031997,0.127986,64.90902955069683,,0.00,0.00,0.00,0.000000,98.0,,,,,,
1776547918.697286,1199,98.3,track,ekf,,620,535,-0.428183,3.746597,14.986390,-0.003657,0.031997,0.127986,64.99305721408824,,0.00,0.00,0.00,0.000000,98.7,,,,,,
1776547918.796368,1200,99.1,track,ekf,,620,535,-0.428545,3.749768,14.999071,-0.003657,0.031997,0.127986,65.07780865121968,,0.00,0.00,0.00,0.000000,127.7,,,,,,
1776547918.924372,1201,128.0,detect,ekf,,620,535,-0.429013,3.753863,15.015454,-0.003657,0.031997,0.127986,65.18736774922728,,0.00,0.00,0.00,0.000000,279.3,,,,,,
1776547919.204041,1202,279.7,track,ekf,,620,535,-0.430036,3.762812,15.051247,-0.003657,0.031997,0.127986,65.427006156632,,0.00,0.00,0.00,0.000000,96.5,,,,,,
1776547919.300838,1203,96.8,track,ekf,,620,535,-0.430390,3.765909,15.063636,-0.003657,0.031997,0.127986,65.51001850473772,,0.00,0.00,0.00,0.000000,96.2,,,,,,
1776547919.397352,1204,96.5,track,ekf,,620,535,-0.430743,3.768997,15.075988,-0.003657,0.031997,0.127986,65.59283271600054,,0.00,0.00,0.00,0.000000,96.9,,,,,,
1776547919.494450,1205,97.1,track,ekf,,620,535,-0.431098,3.772104,15.088416,-0.003657,0.031997,0.127986,65.67619123339904,,0.00,0.00,0.00,0.000000,128.3,,,,,,
1776547919.623025,1206,128.6,track,ekf,,620,535,-0.431568,3.776218,15.104871,-0.003657,0.031997,0.127986,65.7866430630845,,0.00,0.00,0.00,0.000000,96.8,,,,,,
1776547919.720119,1207,97.1,track,ekf,,620,535,-0.431923,3.779325,15.117298,-0.003657,0.031997,0.127986,65.87009834108372,,0.00,0.00,0.00,0.000000,98.2,,,,,,
1776547919.818617,1208,98.5,track,ekf,,620,535,-0.432283,3.782476,15.129904,-0.003657,0.031997,0.127986,65.95480495567007,,0.00,0.00,0.00,0.000000,99.2,,,,,,
1776547919.918064,1209,99.4,track,ekf,,620,535,-0.432647,3.785658,15.142632,-0.003657,0.031997,0.127986,66.04037258218126,,0.00,0.00,0.00,0.000000,97.8,,,,,,
1776547920.016242,1210,98.2,track,ekf,,620,535,-0.433006,3.788799,15.155198,-0.003657,0.031997,0.127986,66.12489136313712,,0.00,0.00,0.00,0.000000,128.9,,,,,,
1776547920.145459,1211,129.2,track,ekf,,620,535,-0.433478,3.792934,15.171736,-0.003657,0.031997,0.127986,66.23620193430536,,0.00,0.00,0.00,0.000000,98.2,,,,,,
1776547920.243865,1212,98.4,track,ekf,,620,535,-0.433838,3.796083,15.184330,-0.003657,0.031997,0.127986,66.3210178120041,,0.00,0.00,0.00,0.000000,96.3,,,,,,
1776547920.340495,1213,96.6,track,ekf,,620,535,-0.434191,3.799174,15.196698,-0.003657,0.031997,0.127986,66.40434652179212,,0.00,0.00,0.00,0.000000,96.7,,,,,,
1776547920.437447,1214,97.0,track,ekf,,620,535,-0.434546,3.802277,15.209106,-0.003657,0.031997,0.127986,66.48799489428946,,0.00,0.00,0.00,0.000000,96.7,,,,,,
1776547920.534364,1215,96.9,track,ekf,,620,535,-0.434900,3.805378,15.221510,-0.003657,0.031997,0.127986,66.5716556784865,,0.00,0.00,0.00,0.000000,129.7,,,,,,
1776547920.664311,1216,129.9,track,ekf,,620,535,-0.435375,3.809535,15.238142,-0.003657,0.031997,0.127986,66.68389754336171,,0.00,0.00,0.00,0.000000,96.9,,,,,,
1776547920.761546,1217,97.2,track,ekf,,620,535,-0.435731,3.812647,15.250586,-0.003657,0.031997,0.127986,66.76793142930065,,0.00,0.00,0.00,0.000000,97.3,,,,,,
1776547920.859130,1218,97.6,track,ekf,,620,535,-0.436088,3.815769,15.263076,-0.003657,0.031997,0.127986,66.85230991754645,,0.00,0.00,0.00,0.000000,97.1,,,,,,
1776547920.956860,1219,97.7,track,ekf,,620,535,-0.436445,3.818896,15.275584,-0.003657,0.031997,0.127986,66.93685780432311,,0.00,0.00,0.00,0.000000,99.7,,,,,,
1776547921.056890,1220,100.0,track,ekf,,620,535,-0.436811,3.822097,15.288386,-0.003657,0.031997,0.127986,67.02344020193559,,0.00,0.00,0.00,0.000000,128.2,,,,,,
1776547921.185350,1221,128.5,track,ekf,,620,535,-0.437281,3.826207,15.304827,-0.003657,0.031997,0.127986,67.134698364584,,0.00,0.00,0.00,0.000000,97.5,,,,,,
1776547921.283052,1222,97.7,track,ekf,,620,535,-0.437638,3.829333,15.317332,-0.003657,0.031997,0.127986,67.21936481862458,,0.00,0.00,0.00,0.000000,99.7,,,,,,
1776547921.383027,1223,100.0,track,ekf,,620,535,-0.438004,3.832532,15.330127,-0.003657,0.031997,0.127986,67.30604472200909,,0.00,0.00,0.00,0.000000,97.7,,,,,,
1776547921.481027,1224,98.0,track,ekf,,620,535,-0.438362,3.835667,15.342670,-0.003657,0.031997,0.127986,67.39105660273064,,0.00,0.00,0.00,0.000000,99.2,,,,,,
1776547921.580546,1225,99.5,track,ekf,,620,535,-0.438726,3.838852,15.355407,-0.003657,0.031997,0.127986,67.47743017982076,,0.00,0.00,0.00,0.000000,129.0,,,,,,
1776547921.709769,1226,129.2,track,ekf,,620,535,-0.439198,3.842986,15.371946,-0.003657,0.031997,0.127986,67.5896522447676,,0.00,0.00,0.00,0.000000,95.1,,,,,,
1776547921.805209,1227,95.4,track,ekf,,620,535,-0.439547,3.846040,15.384161,-0.003657,0.031997,0.127986,67.67258115074483,,0.00,0.00,0.00,0.000000,98.9,,,,,,
1776547921.904448,1228,99.2,track,ekf,,620,535,-0.439910,3.849215,15.396862,-0.003657,0.031997,0.127986,67.75885481627164,,0.00,0.00,0.00,0.000000,97.2,,,,,,
1776547922.001982,1229,97.5,track,ekf,,620,535,-0.440267,3.852336,15.409345,-0.003657,0.031997,0.127986,67.84368972838068,,0.00,0.00,0.00,0.000000,98.2,,,,,,
1776547922.100534,1230,98.6,track,ekf,,620,535,-0.440627,3.855490,15.421958,-0.003657,0.031997,0.127986,67.9294528575211,,0.00,0.00,0.00,0.000000,128.5,,,,,,
1776547922.229345,1231,128.8,detect,ekf,,620,535,-0.441098,3.859611,15.438444,-0.003657,0.031997,0.127986,68.04161600291111,,0.00,0.00,0.00,0.000000,265.3,,,,,,
1776547922.494903,1232,265.6,track,ekf,,620,535,-0.442069,3.868108,15.472432,-0.003657,0.031997,0.127986,68.27309689896364,,0.00,0.00,0.00,0.000000,98.6,,,,,,
1776547922.593770,1233,98.9,track,ekf,,620,535,-0.442431,3.871271,15.485086,-0.003657,0.031997,0.127986,68.35934563446685,,0.00,0.00,0.00,0.000000,99.1,,,,,,
1776547922.693158,1234,99.4,track,ekf,,620,535,-0.442794,3.874451,15.497806,-0.003657,0.031997,0.127986,68.44609517678649,,0.00,0.00,0.00,0.000000,97.5,,,,,,
1776547922.791026,1235,97.9,track,ekf,,620,535,-0.443152,3.877583,15.510332,-0.003657,0.031997,0.127986,68.53156084487912,,0.00,0.00,0.00,0.000000,126.5,,,,,,
1776547922.917783,1236,126.8,track,ekf,,620,535,-0.443616,3.881639,15.526555,-0.003657,0.031997,0.127986,68.6423230951188,,0.00,0.00,0.00,0.000000,97.1,,,,,,
1776547923.015154,1237,97.4,track,ekf,,620,535,-0.443972,3.884754,15.539017,-0.003657,0.031997,0.127986,68.7274525379547,,0.00,0.00,0.00,0.000000,99.1,,,,,,
1776547923.114606,1238,99.5,track,ekf,,620,535,-0.444336,3.887936,15.551745,-0.003657,0.031997,0.127986,68.81444596032362,,0.00,0.00,0.00,0.000000,97.7,,,,,,
1776547923.212649,1239,98.0,track,ekf,,620,535,-0.444694,3.891073,15.564294,-0.003657,0.031997,0.127986,68.90025024247497,,0.00,0.00,0.00,0.000000,97.6,,,,,,
1776547923.310463,1240,97.8,track,ekf,,620,535,-0.445052,3.894203,15.576812,-0.003657,0.031997,0.127986,68.98589634434998,,0.00,0.00,0.00,0.000000,123.8,,,,,,
1776547923.434572,1241,124.1,track,ekf,,620,535,-0.445506,3.898174,15.592697,-0.003657,0.031997,0.127986,69.09463061514204,,0.00,0.00,0.00,0.000000,96.6,,,,,,
1776547923.531378,1242,96.8,track,ekf,,620,535,-0.445860,3.901272,15.605086,-0.003657,0.031997,0.127986,69.17948896100154,,0.00,0.00,0.00,0.000000,99.8,,,,,,
1776547923.631475,1243,100.1,track,ekf,,620,535,-0.446226,3.904474,15.617897,-0.003657,0.031997,0.127986,69.26727664992588,,0.00,0.00,0.00,0.000000,98.1,,,,,,
1776547923.729854,1244,98.4,track,ekf,,620,536,-0.446562,3.911868,15.629428,-0.003640,0.036618,0.126831,69.35360113620418,,0.00,0.00,0.00,0.000000,97.3,,,,,,
1776547923.827341,1245,97.5,track,ekf,,620,536,-0.415627,3.645023,14.546515,-0.003229,0.036656,0.112116,68.73727941040804,,0.00,0.00,0.00,0.000000,125.7,,,,,,
1776547923.953310,1246,126.0,track,ekf,,620,536,-0.377802,3.317491,13.222558,-0.002733,0.034868,0.094608,66.45169343000441,,0.00,0.00,0.00,0.000000,97.3,,,,,,
1776547924.050862,1247,97.6,track,ekf,,620,536,-0.351136,3.086407,12.289243,-0.002383,0.033101,0.082408,62.46445709100408,,0.00,0.00,0.00,0.000000,97.5,,,,,,
1776547924.148576,1248,97.7,track,ekf,,620,536,-0.340823,2.997771,11.928363,-0.002243,0.032341,0.077651,58.40438122851822,,0.00,0.00,0.00,0.000000,97.8,,,,,,
1776547924.246748,1249,98.2,track,ekf,,620,536,-0.340636,2.997432,11.921872,-0.002234,0.032314,0.077468,55.65977428258967,,0.00,0.00,0.00,0.000000,95.3,,,,,,
1776547924.342407,1250,95.7,track,ekf,,620,536,-0.344285,3.030460,12.049641,-0.002274,0.032497,0.079038,54.1958245413775,,0.00,0.00,0.00,0.000000,127.5,,,,,,
1776547924.470264,1251,127.9,track,ekf,,620,536,-0.349510,3.077445,12.232562,-0.002335,0.032559,0.081351,53.56821330214946,,0.00,0.00,0.00,0.000000,96.5,,,,,,
1776547924.567028,1252,96.8,track,ekf,,620,536,-0.353179,3.110226,12.361023,-0.002379,0.032296,0.083052,53.401698092591836,,0.00,0.00,0.00,0.000000,97.0,,,,,,
1776547924.664244,1253,97.2,track,ekf,,620,536,-0.354933,3.126031,12.422478,-0.002400,0.031661,0.083956,53.43210478154236,,0.00,0.00,0.00,0.000000,96.5,,,,,,
1776547924.760962,1254,96.7,track,ekf,,620,536,-0.354613,3.123439,12.411362,-0.002397,0.030659,0.083990,53.493098267351996,,0.00,0.00,0.00,0.000000,96.6,,,,,,
1776547924.857770,1255,96.8,track,ekf,,620,536,-0.352319,3.103329,12.331154,-0.002370,0.029336,0.083187,53.47931959686052,,0.00,0.00,0.00,0.000000,132.7,,,,,,
1776547924.990932,1256,133.2,track,ekf,,620,536,-0.347879,3.064357,12.175832,-0.002317,0.027557,0.081470,53.31897565701869,,0.00,0.00,0.00,0.000000,97.9,,,,,,
1776547925.089182,1257,98.3,track,ekf,,620,536,-0.342252,3.014571,11.978974,-0.002251,0.025729,0.079248,52.938085029519286,,0.00,0.00,0.00,0.000000,97.8,,,,,,
1776547925.187250,1258,98.1,track,ekf,,620,536,-0.336289,2.961772,11.770290,-0.002181,0.023981,0.076848,52.38004628160973,,0.00,0.00,0.00,0.000000,96.8,,,,,,
1776547925.284335,1259,97.1,track,ekf,,620,536,-0.330618,2.911538,11.571831,-0.002115,0.022411,0.074536,51.70105213947365,,0.00,0.00,0.00,0.000000,98.3,,,,,,
1776547925.382844,1260,98.5,track,ekf,,620,536,-0.325626,2.867301,11.397130,-0.002056,0.021064,0.072481,50.97350462882613,,0.00,0.00,0.00,0.000000,125.9,,,,,,
1776547925.509072,1261,126.2,detect,ekf,,620,536,-0.321353,2.829454,11.247604,-0.002006,0.019878,0.070692,50.25665922440525,,0.00,0.00,0.00,0.000000,248.7,,,,,,
1776547925.758118,1262,249.0,track,ekf,,620,536,-0.317670,2.796850,11.118714,-0.001962,0.018670,0.069074,49.60596598097097,,0.00,0.00,0.00,0.000000,98.3,,,,,,
1776547925.856663,1263,98.5,track,ekf,,620,536,-0.315185,2.774647,11.031708,-0.001934,0.017905,0.068034,49.03939759537507,,0.00,0.00,0.00,0.000000,97.6,,,,,,
1776547925.954619,1264,98.0,track,ekf,,620,536,-0.313663,2.761024,10.978427,-0.001916,0.017396,0.067373,48.64271240674455,,0.00,0.00,0.00,0.000000,96.7,,,,,,
1776547926.051520,1265,96.9,track,ekf,,620,536,-0.312764,2.752939,10.946939,-0.001906,0.017049,0.066960,48.38354539274622,,0.00,0.00,0.00,0.000000,130.4,,,,,,
1776547926.182229,1266,130.7,track,ekf,,620,536,-0.312345,2.749105,10.932227,-0.001901,0.016796,0.066715,48.25421658393281,,0.00,0.00,0.00,0.000000,96.4,,,,,,
1776547926.278879,1267,96.7,track,ekf,,620,536,-0.312140,2.747194,10.925061,-0.001898,0.016627,0.066579,48.18340653038062,,0.00,0.00,0.00,0.000000,95.0,,,,,,
1776547926.374192,1268,95.3,track,ekf,,620,536,-0.312108,2.746818,10.923917,-0.001897,0.016515,0.066508,48.1658833812298,,0.00,0.00,0.00,0.000000,95.2,,,,,,
1776547926.469778,1269,95.6,track,ekf,,620,536,-0.312183,2.747399,10.926511,-0.001897,0.016443,0.066477,48.18402385325155,,0.00,0.00,0.00,0.000000,98.1,,,,,,
1776547926.568207,1270,98.4,track,ekf,,620,536,-0.312325,2.748584,10.931457,-0.001897,0.016399,0.066466,48.225939885360525,,0.00,0.00,0.00,0.000000,130.3,,,,,,
1776547926.698779,1271,130.6,track,ekf,,620,536,-0.312563,2.750621,10.939781,-0.001898,0.016379,0.066467,48.30093577435096,,0.00,0.00,0.00,0.000000,96.5,,,,,,
1776547926.795447,1272,96.7,track,ekf,,620,536,-0.312746,2.752194,10.946182,-0.001899,0.016374,0.066467,48.359277779182634,,0.00,0.00,0.00,0.000000,97.1,,,,,,
1776547926.892786,1273,97.3,track,ekf,,620,536,-0.312931,2.753784,10.952615,-0.001899,0.016381,0.066465,48.41810017982723,,0.00,0.00,0.00,0.000000,99.1,,,,,,
1776547926.992228,1274,99.4,track,ekf,,620,536,-0.313114,2.755369,10.959005,-0.001900,0.016394,0.066459,48.47618057968786,,0.00,0.00,0.00,0.000000,97.6,,,,,,
1776547927.090062,1275,97.8,track,ekf,,620,536,-0.313287,2.756878,10.965063,-0.001900,0.016413,0.066449,48.530542212506965,,0.00,0.00,0.00,0.000000,126.4,,,,,,
1776547927.216817,1276,126.8,track,ekf,,620,536,-0.313506,2.758786,10.972711,-0.001899,0.016437,0.066433,48.59836823781542,,0.00,0.00,0.00,0.000000,95.3,,,,,,
1776547927.312297,1277,95.5,track,ekf,,620,536,-0.313662,2.760159,10.978185,-0.001899,0.016462,0.066415,48.64558957969932,,0.00,0.00,0.00,0.000000,96.0,,,,,,
1776547927.408687,1278,96.4,track,ekf,,620,536,-0.313819,2.761539,10.983677,-0.001899,0.016486,0.066398,48.6925071822502,,0.00,0.00,0.00,0.000000,97.0,,,,,,
1776547927.506107,1279,97.4,track,ekf,,620,536,-0.313979,2.762940,10.989243,-0.001898,0.016510,0.066380,48.73985728638754,,0.00,0.00,0.00,0.000000,96.8,,,,,,
1776547927.603121,1280,97.0,track,ekf,,620,536,-0.314138,2.764348,10.994834,-0.001898,0.016532,0.066364,48.78740564335408,,0.00,0.00,0.00,0.000000,128.5,,,,,,
1776547927.731941,1281,128.8,track,ekf,,620,536,-0.314359,2.766288,11.002542,-0.001897,0.016555,0.066347,48.854400834526075,,0.00,0.00,0.00,0.000000,98.2,,,,,,
1776547927.830379,1282,98.4,track,ekf,,620,536,-0.314525,2.767761,11.008373,-0.001897,0.016576,0.066333,48.90453979619493,,0.00,0.00,0.00,0.000000,97.6,,,,,,
1776547927.928183,1283,97.8,track,ekf,,620,536,-0.314695,2.769256,11.014293,-0.001896,0.016594,0.066321,48.95604860570778,,0.00,0.00,0.00,0.000000,96.5,,,,,,
1776547928.024944,1284,96.8,track,ekf,,620,536,-0.314865,2.770763,11.020262,-0.001896,0.016610,0.066311,49.00859526711516,,0.00,0.00,0.00,0.000000,97.4,,,,,,
1776547928.122689,1285,97.7,track,ekf,,620,536,-0.315040,2.772311,11.026398,-0.001895,0.016624,0.066303,49.06325809732612,,0.00,0.00,0.00,0.000000,128.9,,,,,,
1776547928.251879,1286,129.2,track,ekf,,620,536,-0.315277,2.774403,11.034695,-0.001895,0.016637,0.066297,49.13847272025525,,0.00,0.00,0.00,0.000000,96.1,,,,,,
1776547928.348164,1287,96.3,track,ekf,,620,536,-0.315454,2.775966,11.040890,-0.001895,0.016647,0.066292,49.194722083435174,,0.00,0.00,0.00,0.000000,95.4,,,,,,
1776547928.443833,1288,95.7,track,ekf,,620,536,-0.315632,2.777534,11.047105,-0.001895,0.016655,0.066288,49.25158379680647,,0.00,0.00,0.00,0.000000,96.7,,,,,,
1776547928.540864,1289,97.0,track,ekf,,620,536,-0.315813,2.779135,11.053452,-0.001894,0.016662,0.066285,49.31004397697039,,0.00,0.00,0.00,0.000000,96.1,,,,,,
1776547928.637315,1290,96.5,track,ekf,,620,537,-0.314761,2.773483,11.016436,-0.001863,0.020973,0.064652,49.36871922674634,,0.00,0.00,0.00,0.000000,130.7,,,,,,
1776547928.768275,1291,131.0,detect,ekf,,620,536,-0.324091,2.855195,11.343046,-0.001979,0.020744,0.068937,48.7094044023971,,0.00,0.00,0.00,0.000000,258.7,,,,,,
1776547929.027196,1292,258.9,track,ekf,,620,536,-0.329213,2.899924,11.522381,-0.002039,0.019876,0.071301,48.63483549737286,,0.00,0.00,0.00,0.000000,97.6,,,,,,
1776547929.125162,1293,98.0,track,ekf,,620,536,-0.330132,2.907378,11.554599,-0.002051,0.019029,0.071849,48.68459765268166,,0.00,0.00,0.00,0.000000,98.9,,,,,,
1776547929.224353,1294,99.2,track,ekf,,620,536,-0.329760,2.903605,11.541612,-0.002046,0.018295,0.071767,48.73398069745801,,0.00,0.00,0.00,0.000000,96.6,,,,,,
1776547929.321182,1295,96.8,track,ekf,,620,536,-0.329031,2.896786,11.516130,-0.002037,0.017703,0.071487,48.74320766243069,,0.00,0.00,0.00,0.000000,127.8,,,,,,
1776547929.449284,1296,128.1,track,ekf,,620,536,-0.328393,2.890812,11.493813,-0.002028,0.017235,0.071188,48.73256714689329,,0.00,0.00,0.00,0.000000,97.7,,,,,,
1776547929.547308,1297,98.0,track,ekf,,620,536,-0.327919,2.886358,11.477230,-0.002021,0.016913,0.070957,48.68919252462039,,0.00,0.00,0.00,0.000000,96.2,,,,,,
1776547929.643723,1298,96.4,track,ekf,,620,536,-0.327682,2.884052,11.468961,-0.002017,0.016708,0.070809,48.647712372121376,,0.00,0.00,0.00,0.000000,99.2,,,,,,
1776547929.743155,1299,99.4,track,ekf,,620,536,-0.327656,2.883634,11.468032,-0.002016,0.016595,0.070732,48.62116795927959,,0.00,0.00,0.00,0.000000,97.1,,,,,,
1776547929.840641,1300,97.5,track,ekf,,620,536,-0.327772,2.884514,11.472110,-0.002016,0.016552,0.070705,48.61212373742147,,0.00,0.00,0.00,0.000000,126.8,,,,,,
1776547929.967753,1301,127.1,track,ekf,,620,536,-0.328061,2.886909,11.482202,-0.002017,0.016572,0.070715,48.63925663383064,,0.00,0.00,0.00,0.000000,95.7,,,,,,
1776547930.063800,1302,96.0,track,ekf,,620,536,-0.328323,2.889136,11.491367,-0.002018,0.016624,0.070733,48.666904580123614,,0.00,0.00,0.00,0.000000,98.1,,,,,,
1776547930.162110,1303,98.3,track,ekf,,620,536,-0.328596,2.891474,11.500902,-0.002019,0.016697,0.070749,48.70997496786759,,0.00,0.00,0.00,0.000000,99.6,,,,,,
1776547930.262068,1304,100.0,track,ekf,,620,536,-0.328858,2.893743,11.510089,-0.002020,0.016784,0.070755,48.76334580770994,,0.00,0.00,0.00,0.000000,96.2,,,,,,
1776547930.358673,1305,96.6,track,ekf,,620,536,-0.329091,2.895760,11.518207,-0.002021,0.016875,0.070750,48.81991884476961,,0.00,0.00,0.00,0.000000,127.0,,,,,,
1776547930.485923,1306,127.3,track,ekf,,620,536,-0.329357,2.898073,11.527522,-0.002021,0.016980,0.070728,48.89741062146723,,0.00,0.00,0.00,0.000000,98.3,,,,,,
1776547930.584454,1307,98.5,track,ekf,,620,536,-0.329539,2.899678,11.533887,-0.002021,0.017078,0.070696,48.95719617716404,,0.00,0.00,0.00,0.000000,97.1,,,,,,
1776547930.681754,1308,97.3,track,ekf,,620,536,-0.329700,2.901102,11.539507,-0.002020,0.017167,0.070657,49.01480973157517,,0.00,0.00,0.00,0.000000,97.8,,,,,,
1776547930.779757,1309,98.0,track,ekf,,620,536,-0.329850,2.902438,11.544759,-0.002019,0.017249,0.070615,49.071036300341675,,0.00,0.00,0.00,0.000000,96.4,,,,,,
1776547930.876521,1310,96.8,track,ekf,,620,536,-0.329992,2.903705,11.549727,-0.002018,0.017323,0.070572,49.12483876796464,,0.00,0.00,0.00,0.000000,129.3,,,,,,
1776547931.006118,1311,129.6,track,ekf,,620,536,-0.330195,2.905502,11.556821,-0.002017,0.017397,0.070527,49.196953103793305,,0.00,0.00,0.00,0.000000,97.7,,,,,,
1776547931.104139,1312,98.0,track,ekf,,620,536,-0.330339,2.906793,11.561856,-0.002016,0.017460,0.070487,49.249116611415836,,0.00,0.00,0.00,0.000000,96.2,,,,,,
1776547931.200648,1313,96.5,track,ekf,,620,536,-0.330487,2.908118,11.567026,-0.002015,0.017514,0.070453,49.30038969361305,,0.00,0.00,0.00,0.000000,96.3,,,,,,
1776547931.297170,1314,96.5,track,ekf,,620,536,-0.330642,2.909507,11.572463,-0.002014,0.017559,0.070424,49.352176908242335,,0.00,0.00,0.00,0.000000,96.3,,,,,,
1776547931.393689,1315,96.5,track,ekf,,620,536,-0.330805,2.910961,11.578163,-0.002013,0.017597,0.070400,49.404792789332134,,0.00,0.00,0.00,0.000000,127.5,,,,,,
1776547931.521477,1316,127.8,track,ekf,,620,536,-0.331037,2.913021,11.586279,-0.002012,0.017632,0.070380,49.47750916925303,,0.00,0.00,0.00,0.000000,96.3,,,,,,
1776547931.618054,1317,96.6,track,ekf,,620,536,-0.331213,2.914588,11.592438,-0.002012,0.017660,0.070364,49.53224381988717,,0.00,0.00,0.00,0.000000,97.5,,,,,,
1776547931.715751,1318,97.7,track,ekf,,620,536,-0.331397,2.916221,11.598866,-0.002011,0.017682,0.070353,49.588828668538525,,0.00,0.00,0.00,0.000000,101.7,,,,,,
1776547931.817674,1319,101.9,track,ekf,,620,536,-0.331593,2.917963,11.605738,-0.002011,0.017699,0.070345,49.649055409984584,,0.00,0.00,0.00,0.000000,98.3,,,,,,
1776547931.916246,1320,98.6,track,ekf,,620,536,-0.331786,2.919672,11.612483,-0.002010,0.017712,0.070339,49.7080959169964,,0.00,0.00,0.00,0.000000,131.3,,,,,,
1776547932.047813,1321,131.6,detect,ekf,,620,536,-0.332047,2.921984,11.621632,-0.002010,0.017721,0.070336,49.78832720163937,,0.00,0.00,0.00,0.000000,256.4,,,,,,
1776547932.304640,1322,256.8,track,ekf,,620,536,-0.332562,2.926532,11.639662,-0.002010,0.017727,0.070334,49.94711968694225,,0.00,0.00,0.00,0.000000,96.6,,,,,,
1776547932.401508,1323,96.9,track,ekf,,620,536,-0.332757,2.928249,11.646465,-0.002010,0.017729,0.070333,50.00707272742592,,0.00,0.00,0.00,0.000000,96.4,,,,,,
1776547932.498182,1324,96.7,track,ekf,,620,536,-0.332951,2.929963,11.653264,-0.002010,0.017730,0.070333,50.067130566479115,,0.00,0.00,0.00,0.000000,98.9,,,,,,
1776547932.597432,1325,99.3,track,ekf,,620,536,-0.333150,2.931722,11.660246,-0.002010,0.017728,0.070333,50.12892983205268,,0.00,0.00,0.00,0.000000,131.2,,,,,,
1776547932.728920,1326,131.5,track,ekf,,620,536,-0.333414,2.934051,11.669494,-0.002009,0.017726,0.070334,50.2109334996855,,0.00,0.00,0.00,0.000000,98.0,,,,,,
1776547932.827322,1327,98.4,track,ekf,,620,536,-0.333612,2.935792,11.676413,-0.002009,0.017723,0.070335,50.272360762201714,,0.00,0.00,0.00,0.000000,97.7,,,,,,
1776547932.925304,1328,98.0,track,ekf,,620,536,-0.333809,2.937524,11.683299,-0.002009,0.017720,0.070336,50.33356514051838,,0.00,0.00,0.00,0.000000,96.1,,,,,,
1776547933.021735,1329,96.4,track,ekf,,620,536,-0.334002,2.939228,11.690074,-0.002009,0.017716,0.070336,50.39383645685388,,0.00,0.00,0.00,0.000000,97.2,,,,,,
1776547933.119338,1330,97.6,track,ekf,,620,536,-0.334198,2.940952,11.696930,-0.002009,0.017713,0.070337,50.45488112336199,,0.00,0.00,0.00,0.000000,131.9,,,,,,
1776547933.251479,1331,132.1,track,ekf,,620,536,-0.334463,2.943287,11.706213,-0.002009,0.017709,0.070338,50.537627858555396,,0.00,0.00,0.00,0.000000,95.6,,,,,,
1776547933.347443,1332,96.0,track,ekf,,620,536,-0.334656,2.944980,11.712952,-0.002009,0.017706,0.070339,50.59775374896961,,0.00,0.00,0.00,0.000000,95.7,,,,,,
1776547933.443504,1333,96.1,track,ekf,,620,536,-0.334849,2.946676,11.719699,-0.002009,0.017702,0.070339,50.65800336740637,,0.00,0.00,0.00,0.000000,98.5,,,,,,
1776547933.542305,1334,98.8,track,ekf,,620,536,-0.335047,2.948420,11.726640,-0.002010,0.017699,0.070340,50.72004362882681,,0.00,0.00,0.00,0.000000,97.7,,,,,,
1776547933.640396,1335,98.1,track,ekf,,620,536,-0.335244,2.950153,11.733532,-0.002010,0.017697,0.070340,50.78170945501604,,0.00,0.00,0.00,0.000000,127.2,,,,,,
1776547933.767898,1336,127.5,track,ekf,,620,536,-0.335500,2.952405,11.742494,-0.002010,0.017694,0.070341,50.86199614415167,,0.00,0.00,0.00,0.000000,97.1,,,,,,
1776547933.865251,1337,97.4,track,ekf,,620,536,-0.335695,2.954125,11.749337,-0.002010,0.017692,0.070341,50.92336106515366,,0.00,0.00,0.00,0.000000,97.5,,,,,,
1776547933.963017,1338,97.8,track,ekf,,620,536,-0.335892,2.955852,11.756210,-0.002010,0.017691,0.070342,50.985063493713454,,0.00,0.00,0.00,0.000000,99.0,,,,,,
1776547934.062207,1339,99.2,track,ekf,,620,536,-0.336091,2.957605,11.763185,-0.002010,0.017689,0.070342,51.04774102388117,,0.00,0.00,0.00,0.000000,94.7,,,,,,
1776547934.157252,1340,95.0,track,ekf,,620,536,-0.336282,2.959285,11.769869,-0.002010,0.017688,0.070342,51.1078676069217,,0.00,0.00,0.00,0.000000,126.2,,,,,,
1776547934.283724,1341,126.5,track,ekf,,620,536,-0.336536,2.961521,11.778764,-0.002010,0.017687,0.070343,51.187988066976416,,0.00,0.00,0.00,0.000000,93.9,,,,,,
1776547934.377996,1342,94.3,track,ekf,,620,536,-0.336725,2.963187,11.785394,-0.002010,0.017686,0.070343,51.24777514112771,,0.00,0.00,0.00,0.000000,98.4,,,,,,
1776547934.476669,1343,98.7,track,ekf,,620,536,-0.336924,2.964932,11.792335,-0.002010,0.017686,0.070343,51.31042154073039,,0.00,0.00,0.00,0.000000,96.0,,,,,,
1776547934.572969,1344,96.3,track,ekf,,620,536,-0.337117,2.966634,11.799108,-0.002010,0.017685,0.070343,51.37162540667234,,0.00,0.00,0.00,0.000000,96.9,,,,,,
1776547934.670085,1345,97.1,track,ekf,,620,536,-0.337313,2.968351,11.805940,-0.002010,0.017685,0.070343,51.43341087949574,,0.00,0.00,0.00,0.000000,127.5,,,,,,
1776547934.797855,1346,127.8,track,ekf,,620,536,-0.337569,2.970611,11.814927,-0.002010,0.017685,0.070343,51.51479646734076,,0.00,0.00,0.00,0.000000,98.7,,,,,,
1776547934.896791,1347,98.9,track,ekf,,620,536,-0.337768,2.972360,11.821887,-0.002010,0.017685,0.070343,51.577885603922454,,0.00,0.00,0.00,0.000000,99.3,,,,,,
1776547934.996414,1348,99.6,track,ekf,,620,536,-0.337968,2.974122,11.828895,-0.002010,0.017684,0.070343,51.641476998323945,,0.00,0.00,0.00,0.000000,99.0,,,,,,
1776547935.095766,1349,99.4,track,ekf,,620,536,-0.338168,2.975879,11.835883,-0.002010,0.017684,0.070343,51.70495842589239,,0.00,0.00,0.00,0.000000,97.1,,,,,,
1776547935.193154,1350,97.4,track,ekf,,620,536,-0.338364,2.977601,11.842734,-0.002010,0.017685,0.070343,51.76724621392593,,0.00,0.00,0.00,0.000000,125.8,,,,,,
1776547935.319211,1351,126.1,detect,ekf,,620,536,-0.338617,2.979831,11.851601,-0.002010,0.017685,0.070343,51.84796178105132,,0.00,0.00,0.00,0.000000,248.4,,,,,,
1776547935.567893,1352,248.7,track,ekf,,620,536,-0.339117,2.984229,11.869094,-0.002010,0.017685,0.070343,52.00750130793738,,0.00,0.00,0.00,0.000000,96.8,,,,,,
1776547935.665056,1353,97.2,track,ekf,,620,536,-0.339312,2.985947,11.875929,-0.002010,0.017685,0.070343,52.069930813171744,,0.00,0.00,0.00,0.000000,94.5,,,,,,
1776547935.759805,1354,94.7,track,ekf,,620,536,-0.339503,2.987623,11.882594,-0.002010,0.017685,0.070343,52.130868644838856,,0.00,0.00,0.00,0.000000,96.5,,,,,,
1776547935.856720,1355,96.9,track,ekf,,620,536,-0.339697,2.989337,11.889411,-0.002010,0.017685,0.070343,52.19326036539915,,0.00,0.00,0.00,0.000000,129.6,,,,,,
1776547935.986551,1356,129.8,track,ekf,,620,536,-0.339958,2.991633,11.898543,-0.002010,0.017686,0.070343,52.276939746386745,,0.00,0.00,0.00,0.000000,95.5,,,,,,
1776547936.082321,1357,95.8,track,ekf,,620,536,-0.340151,2.993327,11.905280,-0.002010,0.017686,0.070343,52.338732187591006,,0.00,0.00,0.00,0.000000,98.3,,,,,,
1776547936.180945,1358,98.6,track,ekf,,620,536,-0.340349,2.995072,11.912218,-0.002010,0.017686,0.070343,52.40242739598965,,0.00,0.00,0.00,0.000000,96.8,,,,,,
1776547936.277994,1359,97.0,track,ekf,,620,536,-0.340544,2.996788,11.919044,-0.002010,0.017686,0.070343,52.465165799117095,,0.00,0.00,0.00,0.000000,95.4,,,,,,
1776547936.373657,1360,95.7,track,ekf,,620,536,-0.340736,2.998480,11.925773,-0.002010,0.017686,0.070343,52.52706632874645,,0.00,0.00,0.00,0.000000,126.4,,,,,,
1776547936.500393,1361,126.7,track,ekf,,620,536,-0.340991,3.000721,11.934688,-0.002010,0.017686,0.070343,52.60916604209837,,0.00,0.00,0.00,0.000000,98.5,,,,,,
1776547936.599241,1362,98.8,track,ekf,,620,536,-0.341190,3.002470,11.941642,-0.002010,0.017686,0.070343,52.67326779942206,,0.00,0.00,0.00,0.000000,96.1,,,,,,
1776547936.695649,1363,96.4,track,ekf,,620,536,-0.341384,3.004175,11.948423,-0.002010,0.017686,0.070343,52.735847307467864,,0.00,0.00,0.00,0.000000,97.4,,,,,,
1776547936.793347,1364,97.7,track,ekf,,620,536,-0.341580,3.005903,11.955295,-0.002010,0.017686,0.070343,52.79932361720059,,0.00,0.00,0.00,0.000000,96.4,,,,,,
1776547936.889933,1365,96.6,track,ekf,,620,536,-0.341774,3.007611,11.962090,-0.002010,0.017686,0.070343,52.86213695701413,,0.00,0.00,0.00,0.000000,126.5,,,,,,
1776547937.016686,1366,126.8,track,ekf,,620,536,-0.342029,3.009853,11.971006,-0.002010,0.017686,0.070343,52.94466037013081,,0.00,0.00,0.00,0.000000,97.4,,,,,,
1776547937.114316,1367,97.6,track,ekf,,620,536,-0.342225,3.011580,11.977873,-0.002010,0.017686,0.070343,53.00828990199305,,0.00,0.00,0.00,0.000000,97.4,,,,,,
1776547937.211949,1368,97.6,track,ekf,,620,536,-0.342421,3.013306,11.984741,-0.002010,0.017686,0.070343,53.07198146159503,,0.00,0.00,0.00,0.000000,96.6,,,,,,
1776547937.308789,1369,96.8,track,ekf,,620,536,-0.342616,3.015019,11.991553,-0.002010,0.017686,0.070343,53.13521483892921,,0.00,0.00,0.00,0.000000,95.0,,,,,,
1776547937.404110,1370,95.3,track,ekf,,620,536,-0.342807,3.016705,11.998258,-0.002010,0.017686,0.070343,53.19751376228646,,0.00,0.00,0.00,0.000000,127.7,,,,,,
1776547937.532066,1371,128.0,track,ekf,,620,536,-0.343065,3.018968,12.007259,-0.002010,0.017686,0.070343,53.281235323561525,,0.00,0.00,0.00,0.000000,96.7,,,,,,
1776547937.629017,1372,97.0,track,ekf,,620,536,-0.343259,3.020683,12.014079,-0.002010,0.017686,0.070343,53.344735702133356,,0.00,0.00,0.00,0.000000,97.3,,,,,,
1776547937.726614,1373,97.6,track,ekf,,620,536,-0.343456,3.022409,12.020944,-0.002010,0.017686,0.070343,53.408718887877185,,0.00,0.00,0.00,0.000000,96.6,,,,,,
1776547937.823431,1374,96.8,track,ekf,,620,536,-0.343650,3.024121,12.027754,-0.002010,0.017686,0.070343,53.472249676513115,,0.00,0.00,0.00,0.000000,96.7,,,,,,
1776547937.920433,1375,97.0,track,ekf,,620,536,-0.343845,3.025837,12.034578,-0.002010,0.017686,0.070343,53.535960860951356,,0.00,0.00,0.00,0.000000,129.8,,,,,,
1776547938.050553,1376,130.1,track,ekf,,620,536,-0.344107,3.028138,12.043731,-0.002010,0.017686,0.070343,53.62151981452854,,0.00,0.00,0.00,0.000000,97.1,,,,,,
1776547938.147856,1377,97.3,track,ekf,,620,536,-0.344302,3.029859,12.050575,-0.002010,0.017686,0.070343,53.68556659888557,,0.00,0.00,0.00,0.000000,97.1,,,,,,
1776547938.245314,1378,97.5,track,ekf,,620,536,-0.344498,3.031583,12.057431,-0.002010,0.017686,0.070343,53.74977442301969,,0.00,0.00,0.00,0.000000,95.6,,,,,,
1776547938.341204,1379,95.9,track,ekf,,620,536,-0.344691,3.033279,12.064176,-0.002010,0.017686,0.070343,53.813007506054646,,0.00,0.00,0.00,0.000000,94.8,,,,,,
1776547938.436450,1380,95.2,track,ekf,,620,536,-0.344882,3.034963,12.070876,-0.002010,0.017686,0.070343,53.875873130953124,,0.00,0.00,0.00,0.000000,128.4,,,,,,
1776547938.565102,1381,128.7,detect,ekf,,620,536,-0.345141,3.037238,12.079926,-0.002010,0.017686,0.070343,53.9608799680781,,0.00,0.00,0.00,0.000000,265.5,,,,,,
1776547938.830834,1382,265.7,track,ekf,,620,536,-0.345675,3.041938,12.098618,-0.002010,0.017686,0.070343,54.13679776129515,,0.00,0.00,0.00,0.000000,98.0,,,,,,
1776547938.929097,1383,98.3,track,ekf,,620,536,-0.345872,3.043676,12.105530,-0.002010,0.017686,0.070343,54.2019491014386,,0.00,0.00,0.00,0.000000,98.9,,,,,,
1776547939.028325,1384,99.2,track,ekf,,620,536,-0.346072,3.045431,12.112510,-0.002010,0.017686,0.070343,54.267803267816774,,0.00,0.00,0.00,0.000000,97.1,,,,,,
1776547939.125825,1385,97.5,track,ekf,,620,536,-0.346268,3.047155,12.119368,-0.002010,0.017686,0.070343,54.33257110200647,,0.00,0.00,0.00,0.000000,125.4,,,,,,
1776547939.251466,1386,125.6,track,ekf,,620,536,-0.346520,3.049378,12.128206,-0.002010,0.017686,0.070343,54.41612361510557,,0.00,0.00,0.00,0.000000,95.9,,,,,,
1776547939.347746,1387,96.3,track,ekf,,620,536,-0.346714,3.051080,12.134979,-0.002010,0.017686,0.070343,54.48021446179599,,0.00,0.00,0.00,0.000000,98.0,,,,,,
1776547939.446034,1388,98.3,track,ekf,,620,536,-0.346911,3.052819,12.141893,-0.002010,0.017686,0.070343,54.5457019791304,,0.00,0.00,0.00,0.000000,96.9,,,,,,
1776547939.543152,1389,97.1,track,ekf,,620,536,-0.347106,3.054536,12.148724,-0.002010,0.017686,0.070343,54.61046883479645,,0.00,0.00,0.00,0.000000,96.8,,,,,,
1776547939.640231,1390,97.1,track,ekf,,620,536,-0.347302,3.056253,12.155553,-0.002010,0.017686,0.070343,54.675268356686914,,0.00,0.00,0.00,0.000000,127.0,,,,,,
1776547939.767547,1391,127.3,track,ekf,,620,536,-0.347557,3.058505,12.164509,-0.002010,0.017686,0.070343,54.7603416717222,,0.00,0.00,0.00,0.000000,97.0,,,,,,
1776547939.864861,1392,97.3,track,ekf,,620,536,-0.347753,3.060226,12.171354,-0.002010,0.017686,0.070343,54.825432716236826,,0.00,0.00,0.00,0.000000,97.4,,,,,,
1776547939.962617,1393,97.8,track,ekf,,620,536,-0.347949,3.061955,12.178231,-0.002010,0.017686,0.070343,54.890878694139076,,0.00,0.00,0.00,0.000000,96.0,,,,,,
1776547940.058900,1394,96.3,track,ekf,,620,536,-0.348143,3.063658,12.185003,-0.002010,0.017686,0.070343,54.95539539965031,,0.00,0.00,0.00,0.000000,96.5,,,,,,
1776547940.155831,1395,96.9,track,ekf,,620,536,-0.348338,3.065372,12.191822,-0.002010,0.017686,0.070343,55.0204047266378,,0.00,0.00,0.00,0.000000,127.5,,,,,,
1776547940.283584,1396,127.8,track,ekf,,620,536,-0.348595,3.067632,12.200808,-0.002010,0.017686,0.070343,55.106176815160815,,0.00,0.00,0.00,0.000000,97.0,,,,,,
1776547940.380865,1397,97.3,track,ekf,,620,536,-0.348790,3.069352,12.207651,-0.002010,0.017686,0.070343,55.171555310518265,,0.00,0.00,0.00,0.000000,96.2,,,,,,
1776547940.477433,1398,96.6,track,ekf,,620,536,-0.348984,3.071060,12.214444,-0.002010,0.017686,0.070343,55.23651207865572,,0.00,0.00,0.00,0.000000,97.4,,,,,,
1776547940.575022,1399,97.6,track,ekf,,620,536,-0.349180,3.072786,12.221309,-0.002010,0.017686,0.070343,55.30221387494634,,0.00,0.00,0.00,0.000000,97.3,,,,,,
1776547940.672580,1400,97.6,track,ekf,,620,536,-0.349376,3.074512,12.228171,-0.002010,0.017686,0.070343,55.36795367963007,,0.00,0.00,0.00,0.000000,128.9,,,,,,
1776547940.801786,1401,129.2,track,ekf,,620,536,-0.349636,3.076797,12.237260,-0.002010,0.017686,0.070343,55.455111847314214,,0.00,0.00,0.00,0.000000,96.2,,,,,,
1776547940.899605,1402,97.8,track,ekf,,620,536,-0.349833,3.078527,12.244141,-0.002010,0.017686,0.070343,55.52116278713831,,0.00,0.00,0.00,0.000000,97.4,,,,,,
1776547940.997364,1403,97.8,track,ekf,,620,536,-0.350029,3.080256,12.251018,-0.002010,0.017686,0.070343,55.587231914294804,,0.00,0.00,0.00,0.000000,97.2,,,,,,
1776547941.094859,1404,97.5,track,ekf,,620,536,-0.350225,3.081980,12.257876,-0.002010,0.017686,0.070343,55.65318123178469,,0.00,0.00,0.00,0.000000,98.3,,,,,,
1776547941.193402,1405,98.5,track,ekf,,620,536,-0.350423,3.083723,12.264807,-0.002010,0.017686,0.070343,55.71989898513008,,0.00,0.00,0.00,0.000000,126.2,,,,,,
1776547941.319914,1406,126.5,track,ekf,,620,536,-0.350677,3.085961,12.273707,-0.002010,0.017686,0.070343,55.805642079908,,0.00,0.00,0.00,0.000000,96.4,,,,,,
1776547941.416604,1407,96.7,track,ekf,,620,536,-0.350872,3.087671,12.280508,-0.002010,0.017686,0.070343,55.87123669899232,,0.00,0.00,0.00,0.000000,97.8,,,,,,
1776547941.514762,1408,98.2,track,ekf,,620,536,-0.351069,3.089407,12.287413,-0.002010,0.017686,0.070343,55.93788573310447,,0.00,0.00,0.00,0.000000,100.5,,,,,,
1776547941.615710,1409,100.9,track,ekf,,620,536,-0.351272,3.091192,12.294514,-0.002010,0.017686,0.070343,56.00649099739635,,0.00,0.00,0.00,0.000000,100.0,,,,,,
1776547941.715966,1410,100.3,track,ekf,,620,536,-0.351473,3.092965,12.301566,-0.002010,0.017686,0.070343,56.074687990949656,,0.00,0.00,0.00,0.000000,132.5,,,,,,
1776547941.848701,1411,132.7,detect,ekf,,620,536,-0.351740,3.095313,12.310903,-0.002010,0.017686,0.070343,56.16507398237846,,0.00,0.00,0.00,0.000000,266.8,,,,,,
1776547942.115855,1412,267.2,track,ekf,,620,536,-0.352277,3.100038,12.329695,-0.002010,0.017686,0.070343,56.347327288738946,,0.00,0.00,0.00,0.000000,92.2,,,,,,
1776547942.208442,1413,92.6,track,ekf,,620,536,-0.352463,3.101675,12.336208,-0.002010,0.017686,0.070343,56.41058020131958,,0.00,0.00,0.00,0.000000,93.0,,,,,,
1776547942.301638,1414,93.2,track,ekf,,620,536,-0.352650,3.103323,12.342764,-0.002010,0.017686,0.070343,56.47430375782107,,0.00,0.00,0.00,0.000000,94.5,,,,,,
1776547942.396346,1415,94.7,track,ekf,,620,536,-0.352841,3.104999,12.349426,-0.002010,0.017686,0.070343,56.53911668614942,,0.00,0.00,0.00,0.000000,126.2,,,,,,
1776547942.522828,1416,126.5,track,ekf,,620,536,-0.353095,3.107235,12.358323,-0.002010,0.017686,0.070343,56.625762776385635,,0.00,0.00,0.00,0.000000,98.9,,,,,,
1776547942.622011,1417,99.2,track,ekf,,620,536,-0.353294,3.108990,12.365300,-0.002010,0.017686,0.070343,56.69377397405471,,0.00,0.00,0.00,0.000000,98.0,,,,,,
1776547942.720282,1418,98.3,track,ekf,,620,536,-0.353492,3.110728,12.372212,-0.002010,0.017686,0.070343,56.7612179652763,,0.00,0.00,0.00,0.000000,98.7,,,,,,
1776547942.819367,1419,99.1,track,ekf,,620,536,-0.353691,3.112480,12.379182,-0.002010,0.017686,0.070343,56.82928096657332,,0.00,0.00,0.00,0.000000,98.3,,,,,,
1776547942.917917,1420,98.5,track,ekf,,620,536,-0.353889,3.114223,12.386115,-0.002010,0.017686,0.070343,56.897035166814256,,0.00,0.00,0.00,0.000000,132.7,,,,,,
1776547943.050890,1421,133.0,track,ekf,,620,536,-0.354156,3.116575,12.395468,-0.002010,0.017686,0.070343,56.988552106609625,,0.00,0.00,0.00,0.000000,98.4,,,,,,
1776547943.149550,1422,98.7,track,ekf,,620,536,-0.354355,3.118320,12.402408,-0.002010,0.017686,0.070343,57.056519572255795,,0.00,0.00,0.00,0.000000,97.9,,,,,,
1776547943.247675,1423,98.1,track,ekf,,620,536,-0.354552,3.120055,12.409311,-0.002010,0.017686,0.070343,57.12417670086214,,0.00,0.00,0.00,0.000000,95.4,,,,,,
1776547943.343395,1424,95.7,track,ekf,,620,536,-0.354744,3.121748,12.416044,-0.002010,0.017686,0.070343,57.190231010748235,,0.00,0.00,0.00,0.000000,99.7,,,,,,
1776547943.443485,1425,100.1,track,ekf,,620,536,-0.354945,3.123518,12.423084,-0.002010,0.017686,0.070343,57.25936103854438,,0.00,0.00,0.00,0.000000,126.8,,,,,,
1776547943.570620,1426,127.1,track,ekf,,620,536,-0.355201,3.125767,12.432028,-0.002010,0.017686,0.070343,57.347260003940995,,0.00,0.00,0.00,0.000000,97.4,,,,,,
1776547943.668291,1427,97.7,track,ekf,,620,536,-0.355397,3.127494,12.438898,-0.002010,0.017686,0.070343,57.41485111067269,,0.00,0.00,0.00,0.000000,99.5,,,,,,
1776547943.768069,1428,99.8,track,ekf,,620,536,-0.355598,3.129259,12.445917,-0.002010,0.017686,0.070343,57.483959656602195,,0.00,0.00,0.00,0.000000,99.8,,,,,,
1776547943.868111,1429,100.0,track,ekf,,620,536,-0.355799,3.131028,12.452954,-0.002010,0.017686,0.070343,57.553311795522255,,0.00,0.00,0.00,0.000000,98.6,,,,,,
1776547943.966932,1430,98.8,track,ekf,,620,536,-0.355997,3.132776,12.459905,-0.002010,0.017686,0.070343,57.62187645607613,,0.00,0.00,0.00,0.000000,130.9,,,,,,
1776547944.098153,1431,131.2,track,ekf,,620,536,-0.356261,3.135097,12.469136,-0.002010,0.017686,0.070343,57.71301389723034,,0.00,0.00,0.00,0.000000,96.6,,,,,,
1776547944.194978,1432,96.8,track,ekf,,620,536,-0.356456,3.136809,12.475947,-0.002010,0.017686,0.070343,57.78032573691764,,0.00,0.00,0.00,0.000000,97.7,,,,,,
1776547944.292980,1433,98.0,track,ekf,,620,536,-0.356653,3.138543,12.482840,-0.002010,0.017686,0.070343,57.848512525373245,,0.00,0.00,0.00,0.000000,94.9,,,,,,
1776547944.388121,1434,95.1,track,ekf,,620,536,-0.356844,3.140225,12.489533,-0.002010,0.017686,0.070343,57.914764214263954,,0.00,0.00,0.00,0.000000,97.1,,,,,,
1776547944.485468,1435,97.3,track,ekf,,620,536,-0.357039,3.141947,12.496380,-0.002010,0.017686,0.070343,57.98260865404208,,0.00,0.00,0.00,0.000000,128.9,,,,,,
1776547944.614642,1436,129.2,track,ekf,,620,536,-0.357299,3.144232,12.505467,-0.002010,0.017686,0.070343,58.072723755042254,,0.00,0.00,0.00,0.000000,95.9,,,,,,
1776547944.710962,1437,96.3,track,ekf,,620,536,-0.357493,3.145935,12.512242,-0.002010,0.017686,0.070343,58.139981163894575,,0.00,0.00,0.00,0.000000,97.2,,,,,,
1776547944.808417,1438,97.5,track,ekf,,620,536,-0.357689,3.147659,12.519098,-0.002010,0.017686,0.070343,58.20808814506521,,0.00,0.00,0.00,0.000000,97.2,,,,,,
1776547944.905902,1439,97.5,track,ekf,,620,536,-0.357884,3.149383,12.525955,-0.002010,0.017686,0.070343,58.27627304935219,,0.00,0.00,0.00,0.000000,96.3,,,,,,
1776547945.002441,1440,96.5,track,ekf,,620,536,-0.358078,3.151090,12.532746,-0.002010,0.017686,0.070343,58.34385137971024,,0.00,0.00,0.00,0.000000,125.9,,,,,,
1776547945.128628,1441,126.2,detect,ekf,,620,536,-0.358332,3.153322,12.541622,-0.002010,0.017686,0.070343,58.432270640277366,,0.00,0.00,0.00,0.000000,265.1,,,,,,
1776547945.394023,1442,265.4,track,ekf,,620,536,-0.358865,3.158016,12.560291,-0.002010,0.017686,0.070343,58.618549195431214,,0.00,0.00,0.00,0.000000,96.2,,,,,,
1776547945.490480,1443,96.5,track,ekf,,620,536,-0.359059,3.159722,12.567076,-0.002010,0.017686,0.070343,58.68634507761756,,0.00,0.00,0.00,0.000000,97.0,,,,,,
1776547945.587956,1444,97.5,track,ekf,,620,536,-0.359255,3.161446,12.573933,-0.002010,0.017686,0.070343,58.754914675465365,,0.00,0.00,0.00,0.000000,97.7,,,,,,
1776547945.685942,1445,98.0,track,ekf,,620,536,-0.359452,3.163179,12.580825,-0.002010,0.017686,0.070343,58.82390061422013,,0.00,0.00,0.00,0.000000,129.1,,,,,,
1776547945.815284,1446,129.3,track,ekf,,620,536,-0.359712,3.165466,12.589923,-0.002010,0.017686,0.070343,58.91505379157477,,0.00,0.00,0.00,0.000000,96.2,,,,,,
1776547945.911798,1447,96.5,track,ekf,,620,536,-0.359906,3.167173,12.596712,-0.002010,0.017686,0.070343,58.98313401108796,,0.00,0.00,0.00,0.000000,98.2,,,,,,
1776547946.010334,1448,98.5,track,ekf,,620,536,-0.360104,3.168916,12.603644,-0.002010,0.017686,0.070343,59.05269728294371,,0.00,0.00,0.00,0.000000,98.4,,,,,,
1776547946.108939,1449,98.6,track,ekf,,620,536,-0.360302,3.170660,12.610580,-0.002010,0.017686,0.070343,59.12236714387486,,0.00,0.00,0.00,0.000000,98.1,,,,,,
1776547946.207408,1450,98.5,track,ekf,,620,536,-0.360500,3.172402,12.617506,-0.002010,0.017686,0.070343,59.191998829918475,,0.00,0.00,0.00,0.000000,127.1,,,,,,
1776547946.334743,1451,127.3,track,ekf,,620,536,-0.360756,3.174654,12.626464,-0.002010,0.017686,0.070343,59.28213015903297,,0.00,0.00,0.00,0.000000,95.2,,,,,,
1776547946.430113,1452,95.4,track,ekf,,620,536,-0.360948,3.176340,12.633172,-0.002010,0.017686,0.070343,59.349695387113584,,0.00,0.00,0.00,0.000000,96.9,,,,,,
1776547946.527258,1453,97.1,track,ekf,,620,536,-0.361143,3.178059,12.640006,-0.002010,0.017686,0.070343,59.41857399007736,,0.00,0.00,0.00,0.000000,98.4,,,,,,
1776547946.626050,1454,98.8,track,ekf,,620,536,-0.361342,3.179806,12.646955,-0.002010,0.017686,0.070343,59.488677793233165,,0.00,0.00,0.00,0.000000,97.3,,,,,,
1776547946.723715,1455,97.7,track,ekf,,620,536,-0.361538,3.181533,12.653825,-0.002010,0.017686,0.070343,59.55803827290697,,0.00,0.00,0.00,0.000000,126.1,,,,,,
1776547946.850096,1456,126.4,track,ekf,,620,536,-0.361792,3.183768,12.662715,-0.002010,0.017686,0.070343,59.64787799707054,,0.00,0.00,0.00,0.000000,90.9,,,,,,
1776547946.941268,1457,91.2,track,ekf,,620,536,-0.361975,3.185381,12.669128,-0.002010,0.017686,0.070343,59.71274369393442,,0.00,0.00,0.00,0.000000,89.9,,,,,,
1776547947.031445,1458,90.2,track,ekf,,620,536,-0.362156,3.186976,12.675471,-0.002010,0.017686,0.070343,59.77695024880902,,0.00,0.00,0.00,0.000000,94.2,,,,,,
1776547947.125902,1459,94.5,track,ekf,,620,536,-0.362346,3.188646,12.682116,-0.002010,0.017686,0.070343,59.8442562008978,,0.00,0.00,0.00,0.000000,96.8,,,,,,
1776547947.222942,1460,97.0,track,ekf,,620,536,-0.362541,3.190363,12.688942,-0.002010,0.017686,0.070343,59.91345712809211,,0.00,0.00,0.00,0.000000,121.9,,,,,,
1776547947.345149,1461,122.2,track,ekf,,620,536,-0.362787,3.192524,12.697538,-0.002010,0.017686,0.070343,60.00068523507921,,0.00,0.00,0.00,0.000000,93.4,,,,,,
1776547947.438750,1462,93.6,track,ekf,,620,536,-0.362975,3.194179,12.704122,-0.002010,0.017686,0.070343,60.06755217596195,,0.00,0.00,0.00,0.000000,91.8,,,,,,
1776547947.530812,1463,92.1,track,ekf,,620,536,-0.363160,3.195808,12.710598,-0.002010,0.017686,0.070343,60.133370219512805,,0.00,0.00,0.00,0.000000,94.1,,,,,,
1776547947.625165,1464,94.4,track,ekf,,620,536,-0.363350,3.197476,12.717235,-0.002010,0.017686,0.070343,60.2008775515003,,0.00,0.00,0.00,0.000000,94.1,,,,,,
1776547947.719660,1465,94.5,track,ekf,,620,536,-0.363539,3.199148,12.723882,-0.002010,0.017686,0.070343,60.26853823652127,,0.00,0.00,0.00,0.000000,123.7,,,,,,
1776547947.843682,1466,124.0,track,ekf,,620,536,-0.363789,3.201341,12.732606,-0.002010,0.017686,0.070343,60.35742271437013,,0.00,0.00,0.00,0.000000,91.3,,,,,,
1776547947.935190,1467,91.5,track,ekf,,620,536,-0.363973,3.202959,12.739043,-0.002010,0.017686,0.070343,60.42306008539836,,0.00,0.00,0.00,0.000000,91.8,,,,,,
1776547948.027254,1468,92.1,track,ekf,,620,536,-0.364158,3.204588,12.745519,-0.002010,0.017686,0.070343,60.48914559220498,,0.00,0.00,0.00,0.000000,93.2,,,,,,
1776547948.120748,1469,93.5,track,ekf,,620,536,-0.364346,3.206241,12.752096,-0.002010,0.017686,0.070343,60.55630822267271,,0.00,0.00,0.00,0.000000,92.0,,,,,,
1776547948.213023,1470,92.3,track,ekf,,620,536,-0.364531,3.207873,12.758587,-0.002010,0.017686,0.070343,60.62264534566398,,0.00,0.00,0.00,0.000000,119.6,,,,,,
1776547948.332907,1471,119.9,detect,ekf,,620,536,-0.364772,3.209994,12.767020,-0.002010,0.017686,0.070343,60.70890694217037,,0.00,0.00,0.00,0.000000,228.4,,,,,,
1776547948.561542,1472,228.6,track,ekf,,620,536,-0.365232,3.214037,12.783103,-0.002010,0.017686,0.070343,60.873657804089774,,0.00,0.00,0.00,0.000000,92.3,,,,,,
1776547948.654064,1473,92.5,track,ekf,,620,536,-0.365417,3.215674,12.789611,-0.002010,0.017686,0.070343,60.94040501153271,,0.00,0.00,0.00,0.000000,92.3,,,,,,
1776547948.746654,1474,92.6,track,ekf,,620,536,-0.365604,3.217311,12.796124,-0.002010,0.017686,0.070343,61.00725249551864,,0.00,0.00,0.00,0.000000,92.7,,,,,,
1776547948.839682,1475,93.0,track,ekf,,620,536,-0.365791,3.218956,12.802668,-0.002010,0.017686,0.070343,61.07446741424623,,0.00,0.00,0.00,0.000000,122.3,,,,,,
1776547948.962297,1476,122.6,track,ekf,,620,536,-0.366037,3.221125,12.811293,-0.002010,0.017686,0.070343,61.16313868468983,,0.00,0.00,0.00,0.000000,91.2,,,,,,
1776547949.053734,1477,91.4,track,ekf,,620,536,-0.366221,3.222742,12.817725,-0.002010,0.017686,0.070343,61.22931792042305,,0.00,0.00,0.00,0.000000,90.3,,,,,,
1776547949.144282,1478,90.5,track,ekf,,620,536,-0.366403,3.224344,12.824094,-0.002010,0.017686,0.070343,61.294901179086125,,0.00,0.00,0.00,0.000000,92.9,,,,,,
1776547949.237521,1479,93.2,track,ekf,,620,536,-0.366590,3.225993,12.830653,-0.002010,0.017686,0.070343,61.36248362864354,,0.00,0.00,0.00,0.000000,88.9,,,,,,
1776547949.326805,1480,89.3,track,ekf,,620,536,-0.366770,3.227572,12.836933,-0.002010,0.017686,0.070343,61.42724618413299,,0.00,0.00,0.00,0.000000,117.3,,,,,,
1776547949.444345,1481,117.5,track,ekf,,620,536,-0.367006,3.229651,12.845202,-0.002010,0.017686,0.070343,61.512577654242776,,0.00,0.00,0.00,0.000000,91.0,,,,,,
1776547949.535593,1482,91.2,track,ekf,,620,536,-0.367189,3.231264,12.851620,-0.002010,0.017686,0.070343,61.578874521484906,,0.00,0.00,0.00,0.000000,91.6,,,,,,
1776547949.627386,1483,91.8,track,ekf,,620,536,-0.367374,3.232888,12.858077,-0.002010,0.017686,0.070343,61.64561530269096,,0.00,0.00,0.00,0.000000,92.8,,,,,,
1776547949.720449,1484,93.1,track,ekf,,620,536,-0.367561,3.234534,12.864623,-0.002010,0.017686,0.070343,61.713329780614345,,0.00,0.00,0.00,0.000000,91.8,,,,,,
1776547949.812558,1485,92.1,track,ekf,,620,536,-0.367746,3.236163,12.871103,-0.002010,0.017686,0.070343,61.780399214888355,,0.00,0.00,0.00,0.000000,120.5,,,,,,
1776547949.933317,1486,120.8,track,ekf,,620,536,-0.367988,3.238299,12.879597,-0.002010,0.017686,0.070343,61.868406462805524,,0.00,0.00,0.00,0.000000,89.6,,,,,,
1776547950.023260,1487,89.9,track,ekf,,620,536,-0.368169,3.239889,12.885924,-0.002010,0.017686,0.070343,61.93400730031227,,0.00,0.00,0.00,0.000000,92.1,,,,,,
1776547950.115632,1488,92.4,track,ekf,,620,536,-0.368355,3.241523,12.892422,-0.002010,0.017686,0.070343,62.00142831628467,,0.00,0.00,0.00,0.000000,93.6,,,,,,
1776547950.209467,1489,93.8,track,ekf,,620,536,-0.368543,3.243183,12.899022,-0.002010,0.017686,0.070343,62.06996813502111,,0.00,0.00,0.00,0.000000,89.7,,,,,,
1776547950.299543,1490,90.1,track,ekf,,620,536,-0.368725,3.244776,12.905358,-0.002010,0.017686,0.070343,62.13580853437994,,0.00,0.00,0.00,0.000000,120.6,,,,,,
1776547950.420445,1491,120.9,track,ekf,,620,536,-0.368968,3.246914,12.913863,-0.002010,0.017686,0.070343,62.22425779500979,,0.00,0.00,0.00,0.000000,88.5,,,,,,
1776547950.509366,1492,88.9,track,ekf,,620,536,-0.369146,3.248487,12.920118,-0.002010,0.017686,0.070343,62.289361119403225,,0.00,0.00,0.00,0.000000,90.6,,,,,,
1776547950.600195,1493,90.8,track,ekf,,620,536,-0.369329,3.250093,12.926507,-0.002010,0.017686,0.070343,62.35590832146145,,0.00,0.00,0.00,0.000000,91.2,,,,,,
1776547950.691885,1494,91.7,track,ekf,,620,536,-0.369513,3.251715,12.932957,-0.002010,0.017686,0.070343,62.42313397146135,,0.00,0.00,0.00,0.000000,91.1,,,,,,
1776547950.783374,1495,91.5,track,ekf,,620,536,-0.369697,3.253333,12.939392,-0.002010,0.017686,0.070343,62.49026071161648,,0.00,0.00,0.00,0.000000,119.1,,,,,,
1776547950.902790,1496,119.4,track,ekf,,620,536,-0.369937,3.255445,12.947793,-0.002010,0.017686,0.070343,62.57795232203029,,0.00,0.00,0.00,0.000000,91.7,,,,,,
1776547950.994761,1497,92.0,track,ekf,,620,536,-0.370122,3.257072,12.954262,-0.002010,0.017686,0.070343,62.64554280119087,,0.00,0.00,0.00,0.000000,91.4,,,,,,
1776547951.086418,1498,91.7,track,ekf,,620,536,-0.370306,3.258693,12.960709,-0.002010,0.017686,0.070343,62.71295129026426,,0.00,0.00,0.00,0.000000,91.7,,,,,,
1776547951.178366,1499,91.9,track,ekf,,620,536,-0.370491,3.260319,12.967177,-0.002010,0.017686,0.070343,62.780621558222755,,0.00,0.00,0.00,0.000000,90.9,,,,,,
1776547951.269553,1500,91.2,track,ekf,,620,536,-0.370674,3.261932,12.973592,-0.002010,0.017686,0.070343,62.84777875374747,,0.00,0.00,0.00,0.000000,118.1,,,,,,
1776547951.387852,1501,118.3,detect,ekf,,620,536,-0.370912,3.264024,12.981913,-0.002010,0.017686,0.070343,62.934976746212236,,0.00,0.00,0.00,0.000000,244.3,,,,,,
1776547951.632403,1502,244.6,track,ekf,,620,536,-0.371403,3.268349,12.999116,-0.002010,0.017686,0.070343,63.11549484773172,,0.00,0.00,0.00,0.000000,91.6,,,,,,
1776547951.724302,1503,91.9,track,ekf,,620,536,-0.371588,3.269974,13.005580,-0.002010,0.017686,0.070343,63.18340945799571,,0.00,0.00,0.00,0.000000,92.2,,,,,,
1776547951.816900,1504,92.6,track,ekf,,620,536,-0.371774,3.271612,13.012094,-0.002010,0.017686,0.070343,63.251891428955325,,0.00,0.00,0.00,0.000000,93.7,,,,,,
1776547951.910931,1505,94.0,track,ekf,,620,536,-0.371963,3.273275,13.018708,-0.002010,0.017686,0.070343,63.321482623250695,,0.00,0.00,0.00,0.000000,122.8,,,,,,
1776547952.034026,1506,123.1,track,ekf,,620,536,-0.372210,3.275452,13.027367,-0.002010,0.017686,0.070343,63.41266366866075,,0.00,0.00,0.00,0.000000,93.1,,,,,,
1776547952.127326,1507,93.3,track,ekf,,620,536,-0.372398,3.277102,13.033930,-0.002010,0.017686,0.070343,63.48182966223158,,0.00,0.00,0.00,0.000000,94.5,,,,,,
1776547952.222092,1508,94.8,track,ekf,,620,536,-0.372588,3.278778,13.040596,-0.002010,0.017686,0.070343,63.552132728191964,,0.00,0.00,0.00,0.000000,95.3,,,,,,
1776547952.317662,1509,95.6,track,ekf,,620,536,-0.372781,3.280469,13.047319,-0.002010,0.017686,0.070343,63.62308431626298,,0.00,0.00,0.00,0.000000,97.4,,,,,,
1776547952.415404,1510,97.7,track,ekf,,620,536,-0.372977,3.282197,13.054194,-0.002010,0.017686,0.070343,63.695702110221234,,0.00,0.00,0.00,0.000000,128.6,,,,,,
1776547952.544309,1511,128.9,track,ekf,,620,536,-0.373236,3.284477,13.063262,-0.002010,0.017686,0.070343,63.79155735096311,,0.00,0.00,0.00,0.000000,94.0,,,,,,
1776547952.638768,1512,94.5,track,ekf,,620,536,-0.373426,3.286148,13.069906,-0.002010,0.017686,0.070343,63.86185490152091,,0.00,0.00,0.00,0.000000,97.0,,,,,,
1776547952.736202,1513,97.4,track,ekf,,620,536,-0.373622,3.287871,13.076760,-0.002010,0.017686,0.070343,63.93442015716426,,0.00,0.00,0.00,0.000000,93.7,,,,,,
1776547952.830157,1514,94.0,track,ekf,,620,536,-0.373811,3.289533,13.083369,-0.002010,0.017686,0.070343,64.00444447208183,,0.00,0.00,0.00,0.000000,91.5,,,,,,
1776547952.921954,1515,91.8,track,ekf,,620,536,-0.373995,3.291156,13.089826,-0.002010,0.017686,0.070343,64.07290842211654,,0.00,0.00,0.00,0.000000,129.9,,,,,,
1776547953.052183,1516,130.2,track,ekf,,620,536,-0.374257,3.293460,13.098987,-0.002010,0.017686,0.070343,64.17011965622301,,0.00,0.00,0.00,0.000000,95.4,,,,,,
1776547953.147841,1517,95.7,track,ekf,,620,536,-0.374449,3.295151,13.105716,-0.002010,0.017686,0.070343,64.24158367421073,,0.00,0.00,0.00,0.000000,93.3,,,,,,
1776547953.241436,1518,93.6,track,ekf,,620,536,-0.374637,3.296807,13.112299,-0.002010,0.017686,0.070343,64.31155561620244,,0.00,0.00,0.00,0.000000,94.0,,,,,,
1776547953.335658,1519,94.2,track,ekf,,620,536,-0.374826,3.298473,13.118927,-0.002010,0.017686,0.070343,64.38204618848273,,0.00,0.00,0.00,0.000000,93.4,,,,,,
1776547953.429374,1520,93.7,track,ekf,,620,536,-0.375015,3.300131,13.125519,-0.002010,0.017686,0.070343,64.45220823281619,,0.00,0.00,0.00,0.000000,124.8,,,,,,
1776547953.554426,1521,125.1,track,ekf,,620,536,-0.375266,3.302342,13.134316,-0.002010,0.017686,0.070343,64.54590873710116,,0.00,0.00,0.00,0.000000,94.5,,,,,,
1776547953.649393,1522,95.0,track,ekf,,620,536,-0.375457,3.304022,13.140996,-0.002010,0.017686,0.070343,64.61712307234279,,0.00,0.00,0.00,0.000000,97.6,,,,,,
1776547953.747237,1523,97.8,track,ekf,,620,536,-0.375654,3.305752,13.147879,-0.002010,0.017686,0.070343,64.69054833052675,,0.00,0.00,0.00,0.000000,95.8,,,,,,
1776547953.843240,1524,96.0,track,ekf,,620,536,-0.375847,3.307450,13.154632,-0.002010,0.017686,0.070343,64.7626437325136,,0.00,0.00,0.00,0.000000,96.1,,,,,,
1776547953.939552,1525,96.3,track,ekf,,620,536,-0.376040,3.309154,13.161407,-0.002010,0.017686,0.070343,64.83502264316861,,0.00,0.00,0.00,0.000000,127.8,,,,,,
1776547954.067581,1526,128.0,track,ekf,,620,536,-0.376298,3.311418,13.170413,-0.002010,0.017686,0.070343,64.9313204180105,,0.00,0.00,0.00,0.000000,94.8,,,,,,
1776547954.162765,1527,95.2,track,ekf,,620,536,-0.376489,3.313101,13.177108,-0.002010,0.017686,0.070343,65.00296962572945,,0.00,0.00,0.00,0.000000,96.5,,,,,,
1776547954.259731,1528,97.0,track,ekf,,620,536,-0.376684,3.314816,13.183929,-0.002010,0.017686,0.070343,65.07601332682908,,0.00,0.00,0.00,0.000000,93.2,,,,,,
1776547954.353312,1529,93.6,track,ekf,,620,536,-0.376872,3.316472,13.190512,-0.002010,0.017686,0.070343,65.14655603432232,,0.00,0.00,0.00,0.000000,97.6,,,,,,
1776547954.451281,1530,98.0,track,ekf,,620,536,-0.377069,3.318204,13.197403,-0.002010,0.017686,0.070343,65.22045963571557,,0.00,0.00,0.00,0.000000,126.8,,,,,,
1776547954.578355,1531,127.1,detect,ekf,,620,536,-0.377324,3.320452,13.206342,-0.002010,0.017686,0.070343,65.31640011437874,,0.00,0.00,0.00,0.000000,258.6,,,,,,
1776547954.837353,1532,259.0,track,ekf,,620,536,-0.377845,3.325032,13.224561,-0.002010,0.017686,0.070343,65.5122287137734,,0.00,0.00,0.00,0.000000,98.3,,,,,,
1776547954.935872,1533,98.5,track,ekf,,620,536,-0.378043,3.326775,13.231491,-0.002010,0.017686,0.070343,65.58680678091447,,0.00,0.00,0.00,0.000000,98.5,,,,,,
1776547955.034535,1534,98.7,track,ekf,,620,536,-0.378241,3.328520,13.238431,-0.002010,0.017686,0.070343,65.66154980628959,,0.00,0.00,0.00,0.000000,97.7,,,,,,
1776547955.132551,1535,98.0,track,ekf,,620,536,-0.378438,3.330253,13.245326,-0.002010,0.017686,0.070343,65.73585637166107,,0.00,0.00,0.00,0.000000,129.6,,,,,,
1776547955.262447,1536,129.9,track,ekf,,620,536,-0.378699,3.332551,13.254463,-0.002010,0.017686,0.070343,65.83441689908811,,0.00,0.00,0.00,0.000000,88.2,,,,,,
1776547955.350843,1537,88.4,track,ekf,,620,536,-0.378877,3.334114,13.260681,-0.002010,0.017686,0.070343,65.90153979413792,,0.00,0.00,0.00,0.000000,87.7,,,,,,
1776547955.438901,1538,88.1,track,ekf,,620,536,-0.379054,3.335671,13.266875,-0.002010,0.017686,0.070343,65.96844849309193,,0.00,0.00,0.00,0.000000,95.7,,,,,,
1776547955.534972,1539,96.1,track,ekf,,620,536,-0.379247,3.337371,13.273633,-0.002010,0.017686,0.070343,66.04149636915119,,0.00,0.00,0.00,0.000000,97.5,,,,,,
1776547955.632787,1540,97.8,track,ekf,,620,536,-0.379443,3.339101,13.280514,-0.002010,0.017686,0.070343,66.11592354253789,,0.00,0.00,0.00,0.000000,129.2,,,,,,
1776547955.762231,1541,129.4,track,ekf,,620,536,-0.379703,3.341390,13.289619,-0.002010,0.017686,0.070343,66.21449962003322,,0.00,0.00,0.00,0.000000,99.6,,,,,,
1776547955.862092,1542,99.9,track,ekf,,620,536,-0.379904,3.343156,13.296644,-0.002010,0.017686,0.070343,66.2906084248697,,0.00,0.00,0.00,0.000000,97.0,,,,,,
1776547955.959460,1543,97.4,track,ekf,,620,536,-0.380100,3.344878,13.303493,-0.002010,0.017686,0.070343,66.36486967378262,,0.00,0.00,0.00,0.000000,97.9,,,,,,
1776547956.057617,1544,98.2,track,ekf,,620,536,-0.380297,3.346614,13.310397,-0.002010,0.017686,0.070343,66.43978633995697,,0.00,0.00,0.00,0.000000,98.3,,,,,,
1776547956.156169,1545,98.6,track,ekf,,620,536,-0.380495,3.348357,13.317330,-0.002010,0.017686,0.070343,66.51505701101495,,0.00,0.00,0.00,0.000000,127.4,,,,,,
1776547956.283792,1546,127.6,track,ekf,,620,536,-0.380752,3.350614,13.326307,-0.002010,0.017686,0.070343,66.61261364352472,,0.00,0.00,0.00,0.000000,95.7,,,,,,
1776547956.379833,1547,96.0,track,ekf,,620,536,-0.380945,3.352313,13.333063,-0.002010,0.017686,0.070343,66.68608434224136,,0.00,0.00,0.00,0.000000,92.2,,,,,,
1776547956.472315,1548,92.5,track,ekf,,620,536,-0.381131,3.353949,13.339568,-0.002010,0.017686,0.070343,66.75688076683664,,0.00,0.00,0.00,0.000000,99.0,,,,,,
1776547956.571570,1549,99.3,track,ekf,,620,536,-0.381330,3.355704,13.346550,-0.002010,0.017686,0.070343,66.8329145960332,,0.00,0.00,0.00,0.000000,98.2,,,,,,
1776547956.670091,1550,98.5,track,ekf,,620,536,-0.381528,3.357447,13.353480,-0.002010,0.017686,0.070343,66.90843960199854,,0.00,0.00,0.00,0.000000,129.3,,,,,,
1776547956.799650,1551,129.6,track,ekf,,620,536,-0.381788,3.359738,13.362594,-0.002010,0.017686,0.070343,67.00784130819203,,0.00,0.00,0.00,0.000000,100.4,,,,,,
1776547956.900285,1552,100.6,track,ekf,,620,536,-0.381991,3.361518,13.369673,-0.002010,0.017686,0.070343,67.08511210027721,,0.00,0.00,0.00,0.000000,98.5,,,,,,
1776547956.999132,1553,98.8,track,ekf,,620,536,-0.382189,3.363266,13.376626,-0.002010,0.017686,0.070343,67.16106463530781,,0.00,0.00,0.00,0.000000,97.4,,,,,,
1776547957.096927,1554,97.8,track,ekf,,620,536,-0.382386,3.364996,13.383505,-0.002010,0.017686,0.070343,67.2362608934998,,0.00,0.00,0.00,0.000000,96.5,,,,,,
1776547957.193647,1555,96.7,track,ekf,,620,536,-0.382580,3.366706,13.390309,-0.002010,0.017686,0.070343,67.31068226340864,,0.00,0.00,0.00,0.000000,125.7,,,,,,
1776547957.319652,1556,126.0,track,ekf,,620,536,-0.382833,3.368935,13.399172,-0.002010,0.017686,0.070343,67.40771589437456,,0.00,0.00,0.00,0.000000,96.0,,,,,,
1776547957.415929,1557,96.3,track,ekf,,620,536,-0.383027,3.370638,13.405945,-0.002010,0.017686,0.070343,67.48191253433053,,0.00,0.00,0.00,0.000000,96.1,,,,,,
1776547957.512400,1558,96.5,track,ekf,,620,536,-0.383221,3.372344,13.412731,-0.002010,0.017686,0.070343,67.55630956166445,,0.00,0.00,0.00,0.000000,96.9,,,,,,
1776547957.609543,1559,97.1,track,ekf,,620,536,-0.383416,3.374062,13.419564,-0.002010,0.017686,0.070343,67.6312758972735,,0.00,0.00,0.00,0.000000,99.0,,,,,,
1776547957.708790,1560,99.2,track,ekf,,620,536,-0.383616,3.375817,13.426545,-0.002010,0.017686,0.070343,67.70791974984118,,0.00,0.00,0.00,0.000000,130.0,,,,,,
1776547957.839129,1561,130.3,detect,ekf,,620,536,-0.383878,3.378122,13.435714,-0.002010,0.017686,0.070343,67.80865785503823,,0.00,0.00,0.00,0.000000,262.1,,,,,,
1776547958.101510,1562,262.4,track,ekf,,620,536,-0.384405,3.382763,13.454170,-0.002010,0.017686,0.070343,68.01173652905253,,0.00,0.00,0.00,0.000000,99.0,,,,,,
1776547958.200691,1563,99.2,track,ekf,,620,536,-0.384604,3.384517,13.461147,-0.002010,0.017686,0.070343,68.08858899350899,,0.00,0.00,0.00,0.000000,97.9,,,,,,
1776547958.298803,1564,98.1,track,ekf,,620,536,-0.384801,3.386252,13.468048,-0.002010,0.017686,0.070343,68.16466631125985,,0.00,0.00,0.00,0.000000,94.1,,,,,,
1776547958.393165,1565,94.4,track,ekf,,620,536,-0.384991,3.387921,13.474686,-0.002010,0.017686,0.070343,68.23788624294363,,0.00,0.00,0.00,0.000000,127.0,,,,,,
1776547958.520454,1566,127.3,track,ekf,,620,536,-0.385247,3.390172,13.483640,-0.002010,0.017686,0.070343,68.33673534224046,,0.00,0.00,0.00,0.000000,96.5,,,,,,
1776547958.617355,1567,96.9,track,ekf,,620,536,-0.385442,3.391886,13.490456,-0.002010,0.017686,0.070343,68.41204276625997,,0.00,0.00,0.00,0.000000,98.5,,,,,,
1776547958.716101,1568,98.7,track,ekf,,620,536,-0.385640,3.393633,13.497402,-0.002010,0.017686,0.070343,68.48883658694564,,0.00,0.00,0.00,0.000000,96.6,,,,,,
1776547958.813036,1569,96.9,track,ekf,,620,536,-0.385835,3.395347,13.504221,-0.002010,0.017686,0.070343,68.56427368765064,,0.00,0.00,0.00,0.000000,98.0,,,,,,
1776547958.911449,1570,98.4,track,ekf,,620,536,-0.386033,3.397088,13.511144,-0.002010,0.017686,0.070343,68.64091316726866,,0.00,0.00,0.00,0.000000,129.0,,,,,,
1776547959.040736,1571,129.3,track,ekf,,620,536,-0.386293,3.399374,13.520238,-0.002010,0.017686,0.070343,68.74167774600373,,0.00,0.00,0.00,0.000000,98.0,,,,,,
1776547959.139007,1572,98.3,track,ekf,,620,536,-0.386490,3.401112,13.527151,-0.002010,0.017686,0.070343,68.81832644504739,,0.00,0.00,0.00,0.000000,97.7,,,,,,
1776547959.236997,1573,98.0,track,ekf,,620,536,-0.386687,3.402845,13.534044,-0.002010,0.017686,0.070343,68.8948077871696,,0.00,0.00,0.00,0.000000,96.5,,,,,,
1776547959.333859,1574,96.9,track,ekf,,620,536,-0.386882,3.404558,13.540857,-0.002010,0.017686,0.070343,68.97045990811915,,0.00,0.00,0.00,0.000000,95.3,,,,,,
1776547959.429502,1575,95.6,track,ekf,,620,536,-0.387074,3.406250,13.547585,-0.002010,0.017686,0.070343,69.0452084809075,,0.00,0.00,0.00,0.000000,128.9,,,,,,
1776547959.558692,1576,129.2,track,ekf,,620,536,-0.387334,3.408535,13.556673,-0.002010,0.017686,0.070343,69.14625771221579,,0.00,0.00,0.00,0.000000,98.1,,,,,,
1776547959.657119,1577,98.4,track,ekf,,620,536,-0.387531,3.410276,13.563596,-0.002010,0.017686,0.070343,69.22330151274282,,0.00,0.00,0.00,0.000000,96.7,,,,,,
1776547959.754116,1578,97.0,track,ekf,,620,536,-0.387726,3.411991,13.570419,-0.002010,0.017686,0.070343,69.29927770084733,,0.00,0.00,0.00,0.000000,97.5,,,,,,
1776547959.851941,1579,97.8,track,ekf,,620,536,-0.387923,3.413721,13.577300,-0.002010,0.017686,0.070343,69.3759531498042,,0.00,0.00,0.00,0.000000,98.7,,,,,,
1776547959.950929,1580,99.0,track,ekf,,620,536,-0.388122,3.415472,13.584264,-0.002010,0.017686,0.070343,69.45359267131971,,0.00,0.00,0.00,0.000000,129.9,,,,,,
1776547960.081043,1581,130.1,track,ekf,,620,536,-0.388383,3.417773,13.593416,-0.002010,0.017686,0.070343,69.55572748114271,,0.00,0.00,0.00,0.000000,96.2,,,,,,
1776547960.177512,1582,96.5,track,ekf,,620,536,-0.388577,3.419479,13.600202,-0.002010,0.017686,0.070343,69.63150791711315,,0.00,0.00,0.00,0.000000,93.5,,,,,,
1776547960.271235,1583,93.7,track,ekf,,620,536,-0.388766,3.421137,13.606795,-0.002010,0.017686,0.070343,69.7051789262917,,0.00,0.00,0.00,0.000000,91.2,,,,,,
1776547960.362804,1584,91.6,track,ekf,,620,536,-0.388950,3.422756,13.613236,-0.002010,0.017686,0.070343,69.77720219172814,,0.00,0.00,0.00,0.000000,91.8,,,,,,
1776547960.454901,1585,92.1,track,ekf,,620,536,-0.389135,3.424385,13.619714,-0.002010,0.017686,0.070343,69.84968524386709,,0.00,0.00,0.00,0.000000,129.4,,,,,,
1776547960.584553,1586,129.7,track,ekf,,620,536,-0.389395,3.426678,13.628834,-0.002010,0.017686,0.070343,69.95180595696883,,0.00,0.00,0.00,0.000000,96.9,,,,,,
1776547960.681670,1587,97.1,track,ekf,,620,536,-0.389590,3.428396,13.635666,-0.002010,0.017686,0.070343,70.02835730714239,,0.00,0.00,0.00,0.000000,98.0,,,,,,
1776547960.780011,1588,98.3,track,ekf,,620,536,-0.389788,3.430135,13.642584,-0.002010,0.017686,0.070343,70.10592391443015,,0.00,0.00,0.00,0.000000,98.5,,,,,,
1776547960.878836,1589,98.8,track,ekf,,620,536,-0.389987,3.431883,13.649535,-0.002010,0.017686,0.070343,70.18392400435987,,0.00,0.00,0.00,0.000000,95.0,,,,,,
1776547960.974233,1590,95.4,track,ekf,,620,536,-0.390178,3.433570,13.656246,-0.002010,0.017686,0.070343,70.25926785769613,,0.00,0.00,0.00,0.000000,121.4,,,,,,
1776547961.095863,1591,121.6,detect,ekf,,620,536,-0.390423,3.435721,13.664801,-0.002010,0.017686,0.070343,70.35540311181342,,0.00,0.00,0.00,0.000000,243.5,,,,,,
1776547961.339690,1592,243.8,track,ekf,,620,536,-0.390913,3.440034,13.681953,-0.002010,0.017686,0.070343,70.54836436957251,,0.00,0.00,0.00,0.000000,95.1,,,,,,
1776547961.435049,1593,95.4,track,ekf,,620,536,-0.391105,3.441720,13.688661,-0.002010,0.017686,0.070343,70.62390689542396,,0.00,0.00,0.00,0.000000,96.1,,,,,,
1776547961.531507,1594,96.5,track,ekf,,620,536,-0.391298,3.443426,13.695446,-0.002010,0.017686,0.070343,70.70037107054728,,0.00,0.00,0.00,0.000000,96.8,,,,,,
1776547961.628628,1595,97.1,track,ekf,,620,536,-0.391494,3.445144,13.702278,-0.002010,0.017686,0.070343,70.77741071574545,,0.00,0.00,0.00,0.000000,127.4,,,,,,
1776547961.756326,1596,127.7,track,ekf,,620,536,-0.391750,3.447403,13.711260,-0.002010,0.017686,0.070343,70.87878519557016,,0.00,0.00,0.00,0.000000,94.7,,,,,,
1776547961.851212,1597,94.9,track,ekf,,620,536,-0.391941,3.449081,13.717935,-0.002010,0.017686,0.070343,70.95416466744541,,0.00,0.00,0.00,0.000000,96.5,,,,,,
1776547961.948054,1598,96.8,track,ekf,,620,536,-0.392136,3.450793,13.724747,-0.002010,0.017686,0.070343,71.0311471112603,,0.00,0.00,0.00,0.000000,98.9,,,,,,
1776547962.048368,1599,100.3,track,ekf,,620,536,-0.392337,3.452568,13.731803,-0.002010,0.017686,0.070343,71.1109435366819,,0.00,0.00,0.00,0.000000,97.0,,,,,,
1776547962.145765,1600,97.4,track,ekf,,620,536,-0.392533,3.454290,13.738654,-0.002010,0.017686,0.070343,71.18846949088417,,0.00,0.00,0.00,0.000000,126.6,,,,,,
1776547962.272603,1601,126.8,track,ekf,,620,536,-0.392788,3.456534,13.747576,-0.002010,0.017686,0.070343,71.28950680822686,,0.00,0.00,0.00,0.000000,95.1,,,,,,
1776547962.367993,1602,95.4,track,ekf,,620,536,-0.392980,3.458221,13.754286,-0.002010,0.017686,0.070343,71.36554706424612,,0.00,0.00,0.00,0.000000,97.0,,,,,,
1776547962.465286,1603,97.3,track,ekf,,620,536,-0.393175,3.459941,13.761130,-0.002010,0.017686,0.070343,71.44315384292216,,0.00,0.00,0.00,0.000000,99.0,,,,,,
1776547962.564485,1604,99.2,track,ekf,,620,536,-0.393375,3.461696,13.768108,-0.002010,0.017686,0.070343,71.5223331721771,,0.00,0.00,0.00,0.000000,98.3,,,,,,
1776547962.663060,1605,98.6,track,ekf,,620,536,-0.393573,3.463439,13.775042,-0.002010,0.017686,0.070343,71.60106455900456,,0.00,0.00,0.00,0.000000,126.5,,,,,,
1776547962.789858,1606,126.8,track,ekf,,620,536,-0.393827,3.465682,13.783962,-0.002010,0.017686,0.070343,71.70241526378891,,0.00,0.00,0.00,0.000000,95.5,,,,,,
1776547962.885627,1607,95.8,track,ekf,,620,536,-0.394020,3.467376,13.790698,-0.002010,0.017686,0.070343,71.77901796595341,,0.00,0.00,0.00,0.000000,97.0,,,,,,
1776547962.982786,1608,97.2,track,ekf,,620,536,-0.394215,3.469094,13.797533,-0.002010,0.017686,0.070343,71.85678227668728,,0.00,0.00,0.00,0.000000,97.9,,,,,,
1776547963.080983,1609,98.2,track,ekf,,620,536,-0.394413,3.470831,13.804440,-0.002010,0.017686,0.070343,71.93542673248541,,0.00,0.00,0.00,0.000000,97.3,,,,,,
1776547963.178640,1610,97.7,track,ekf,,620,536,-0.394609,3.472558,13.811310,-0.002010,0.017686,0.070343,72.01368992634258,,0.00,0.00,0.00,0.000000,126.4,,,,,,
1776547963.305321,1611,126.7,track,ekf,,620,536,-0.394863,3.474798,13.820221,-0.002010,0.017686,0.070343,72.11528916894027,,0.00,0.00,0.00,0.000000,94.8,,,,,,
1776547963.400414,1612,95.1,track,ekf,,620,536,-0.395055,3.476480,13.826910,-0.002010,0.017686,0.070343,72.19160650656376,,0.00,0.00,0.00,0.000000,96.9,,,,,,
1776547963.497595,1613,97.2,track,ekf,,620,536,-0.395250,3.478199,13.833746,-0.002010,0.017686,0.070343,72.26964996199496,,0.00,0.00,0.00,0.000000,97.1,,,,,,
1776547963.595027,1614,97.4,track,ekf,,620,536,-0.395446,3.479922,13.840599,-0.002010,0.017686,0.070343,72.34794388159968,,0.00,0.00,0.00,0.000000,96.2,,,,,,
1776547963.691470,1615,96.4,track,ekf,,620,536,-0.395640,3.481628,13.847384,-0.002010,0.017686,0.070343,72.42549224829229,,0.00,0.00,0.00,0.000000,127.7,,,,,,
1776547963.819424,1616,128.0,track,ekf,,620,536,-0.395897,3.483891,13.856384,-0.002010,0.017686,0.070343,72.52845545205267,,0.00,0.00,0.00,0.000000,97.1,,,,,,
1776547963.916787,1617,97.4,track,ekf,,620,536,-0.396092,3.485613,13.863233,-0.002010,0.017686,0.070343,72.60685727995322,,0.00,0.00,0.00,0.000000,97.0,,,,,,
1776547964.014074,1618,97.3,track,ekf,,620,536,-0.396288,3.487333,13.870076,-0.002010,0.017686,0.070343,72.68524670563681,,0.00,0.00,0.00,0.000000,96.8,,,,,,
1776547964.111148,1619,97.1,track,ekf,,620,536,-0.396483,3.489050,13.876905,-0.002010,0.017686,0.070343,72.76351451245858,,0.00,0.00,0.00,0.000000,98.7,,,,,,
1776547964.210206,1620,99.1,track,ekf,,620,536,-0.396682,3.490802,13.883873,-0.002010,0.017686,0.070343,72.84343201152338,,0.00,0.00,0.00,0.000000,125.5,,,,,,
1776547964.336015,1621,125.8,detect,ekf,,620,536,-0.396935,3.493027,13.892723,-0.002010,0.017686,0.070343,72.94500713378946,,0.00,0.00,0.00,0.000000,255.0,,,,,,
1776547964.591257,1622,255.2,track,ekf,,620,536,-0.397448,3.497542,13.910677,-0.002010,0.017686,0.070343,73.15134388331354,,0.00,0.00,0.00,0.000000,96.6,,,,,,
1776547964.688136,1623,96.9,track,ekf,,620,536,-0.397643,3.499255,13.917492,-0.002010,0.017686,0.070343,73.22973975712459,,0.00,0.00,0.00,0.000000,97.5,,,,,,
1776547964.786028,1624,97.9,track,ekf,,620,536,-0.397839,3.500986,13.924378,-0.002010,0.017686,0.070343,73.30900586063602,,0.00,0.00,0.00,0.000000,94.8,,,,,,
1776547964.881183,1625,95.2,track,ekf,,620,536,-0.398031,3.502669,13.931071,-0.002010,0.017686,0.070343,73.38610438965479,,0.00,0.00,0.00,0.000000,128.6,,,,,,
1776547965.010109,1626,128.9,track,ekf,,620,536,-0.398290,3.504950,13.940140,-0.002010,0.017686,0.070343,73.49064433797035,,0.00,0.00,0.00,0.000000,98.2,,,,,,
1776547965.108772,1627,98.7,track,ekf,,620,536,-0.398488,3.506695,13.947080,-0.002010,0.017686,0.070343,73.57070062574313,,0.00,0.00,0.00,0.000000,98.4,,,,,,
1776547965.207391,1628,98.6,track,ekf,,620,536,-0.398686,3.508439,13.954018,-0.002010,0.017686,0.070343,73.6507721596778,,0.00,0.00,0.00,0.000000,99.3,,,,,,
1776547965.306872,1629,99.5,track,ekf,,620,536,-0.398886,3.510198,13.961015,-0.002010,0.017686,0.070343,73.73159469736906,,0.00,0.00,0.00,0.000000,94.8,,,,,,
1776547965.401865,1630,95.0,track,ekf,,620,536,-0.399077,3.511878,13.967697,-0.002010,0.017686,0.070343,73.80881847357021,,0.00,0.00,0.00,0.000000,127.3,,,,,,
1776547965.529411,1631,127.5,track,ekf,,620,536,-0.399333,3.514134,13.976669,-0.002010,0.017686,0.070343,73.912582479587,,0.00,0.00,0.00,0.000000,97.5,,,,,,
1776547965.627315,1632,97.9,track,ekf,,620,536,-0.399530,3.515866,13.983556,-0.002010,0.017686,0.070343,73.99228573696956,,0.00,0.00,0.00,0.000000,96.8,,,,,,
1776547965.724374,1633,97.1,track,ekf,,620,536,-0.399725,3.517582,13.990384,-0.002010,0.017686,0.070343,74.07134952036749,,0.00,0.00,0.00,0.000000,99.2,,,,,,
1776547965.823839,1634,99.5,track,ekf,,620,536,-0.399925,3.519341,13.997380,-0.002010,0.017686,0.070343,74.15242430221531,,0.00,0.00,0.00,0.000000,99.2,,,,,,
1776547965.923306,1635,99.5,track,ekf,,620,536,-0.400125,3.521101,14.004377,-0.002010,0.017686,0.070343,74.23355114634123,,0.00,0.00,0.00,0.000000,128.7,,,,,,
1776547966.052391,1636,129.1,track,ekf,,620,536,-0.400384,3.523384,14.013457,-0.002010,0.017686,0.070343,74.33891378397412,,0.00,0.00,0.00,0.000000,96.4,,,,,,
1776547966.149031,1637,96.6,track,ekf,,620,536,-0.400579,3.525093,14.020255,-0.002010,0.017686,0.070343,74.41784725020288,,0.00,0.00,0.00,0.000000,97.3,,,,,,
1776547966.246605,1638,97.6,track,ekf,,620,536,-0.400775,3.526818,14.027119,-0.002010,0.017686,0.070343,74.49759232964058,,0.00,0.00,0.00,0.000000,91.9,,,,,,
1776547966.338766,1639,92.2,track,ekf,,620,536,-0.400960,3.528448,14.033602,-0.002010,0.017686,0.070343,74.57295813528233,,0.00,0.00,0.00,0.000000,89.0,,,,,,
1776547966.428011,1640,89.2,track,ekf,,620,536,-0.401139,3.530027,14.039879,-0.002010,0.017686,0.070343,74.64598068400561,,0.00,0.00,0.00,0.000000,126.2,,,,,,
1776547966.554459,1641,126.4,track,ekf,,620,536,-0.401394,3.532263,14.048774,-0.002010,0.017686,0.070343,74.74951648555808,,0.00,0.00,0.00,0.000000,94.4,,,,,,
1776547966.649049,1642,94.6,track,ekf,,620,536,-0.401584,3.533936,14.055428,-0.002010,0.017686,0.070343,74.8270178878988,,0.00,0.00,0.00,0.000000,93.9,,,,,,
1776547966.743323,1643,94.3,track,ekf,,620,536,-0.401773,3.535603,14.062059,-0.002010,0.017686,0.070343,74.9043062716912,,0.00,0.00,0.00,0.000000,94.9,,,,,,
1776547966.838485,1644,95.2,track,ekf,,620,536,-0.401964,3.537287,14.068753,-0.002010,0.017686,0.070343,74.98236877797356,,0.00,0.00,0.00,0.000000,96.9,,,,,,
1776547966.935679,1645,97.2,track,ekf,,620,536,-0.402160,3.539006,14.075590,-0.002010,0.017686,0.070343,75.06214632504407,,0.00,0.00,0.00,0.000000,128.8,,,,,,
1776547967.064795,1646,129.1,track,ekf,,620,536,-0.402419,3.541289,14.084673,-0.002010,0.017686,0.070343,75.16820217451968,,0.00,0.00,0.00,0.000000,96.9,,,,,,
1776547967.161972,1647,97.2,track,ekf,,620,536,-0.402615,3.543008,14.091508,-0.002010,0.017686,0.070343,75.24807736135064,,0.00,0.00,0.00,0.000000,96.9,,,,,,
1776547967.259122,1648,97.2,track,ekf,,620,536,-0.402810,3.544726,14.098342,-0.002010,0.017686,0.070343,75.32797839480855,,0.00,0.00,0.00,0.000000,96.6,,,,,,
1776547967.356002,1649,96.9,track,ekf,,620,536,-0.403004,3.546439,14.105157,-0.002010,0.017686,0.070343,75.40770497179592,,0.00,0.00,0.00,0.000000,96.2,,,,,,
1776547967.452425,1650,96.4,track,ekf,,620,536,-0.403198,3.548145,14.111939,-0.002010,0.017686,0.070343,75.48710306146674,,0.00,0.00,0.00,0.000000,127.1,,,,,,
1776547967.579811,1651,127.4,detect,ekf,,620,536,-0.403454,3.550398,14.120900,-0.002010,0.017686,0.070343,75.59207197552819,,0.00,0.00,0.00,0.000000,261.2,,,,,,
1776547967.841255,1652,261.4,track,ekf,,620,536,-0.403980,3.555022,14.139291,-0.002010,0.017686,0.070343,75.80777373540504,,0.00,0.00,0.00,0.000000,98.6,,,,,,
1776547967.940148,1653,98.9,track,ekf,,620,536,-0.404178,3.556771,14.146247,-0.002010,0.017686,0.070343,75.88944510328122,,0.00,0.00,0.00,0.000000,97.5,,,,,,
1776547968.037919,1654,97.8,track,ekf,,620,536,-0.404375,3.558500,14.153125,-0.002010,0.017686,0.070343,75.97024035785523,,0.00,0.00,0.00,0.000000,98.6,,,,,,
1776547968.136765,1655,98.8,track,ekf,,620,536,-0.404574,3.560248,14.160078,-0.002010,0.017686,0.070343,76.05197459888858,,0.00,0.00,0.00,0.000000,128.1,,,,,,
1776547968.265197,1656,128.4,track,ekf,,620,536,-0.404832,3.562520,14.169112,-0.002010,0.017686,0.070343,76.15824873508433,,0.00,0.00,0.00,0.000000,95.4,,,,,,
1776547968.360881,1657,95.7,track,ekf,,620,536,-0.405024,3.564212,14.175843,-0.002010,0.017686,0.070343,76.23747742735324,,0.00,0.00,0.00,0.000000,96.6,,,,,,
1776547968.457764,1658,96.9,track,ekf,,620,536,-0.405219,3.565925,14.182658,-0.002010,0.017686,0.070343,76.31774646708604,,0.00,0.00,0.00,0.000000,98.6,,,,,,
1776547968.556680,1659,98.9,track,ekf,,620,536,-0.405418,3.567675,14.189616,-0.002010,0.017686,0.070343,76.39974946907678,,0.00,0.00,0.00,0.000000,98.4,,,,,,
1776547968.655328,1660,98.6,track,ekf,,620,536,-0.405616,3.569420,14.196555,-0.002010,0.017686,0.070343,76.481578869055,,0.00,0.00,0.00,0.000000,130.3,,,,,,
1776547968.785909,1661,130.6,track,ekf,,620,536,-0.405878,3.571729,14.205740,-0.002010,0.017686,0.070343,76.58997583262988,,0.00,0.00,0.00,0.000000,98.8,,,,,,
1776547968.884928,1662,99.0,track,ekf,,620,536,-0.406077,3.573480,14.212706,-0.002010,0.017686,0.070343,76.67222830108462,,0.00,0.00,0.00,0.000000,97.9,,,,,,
1776547968.983207,1663,98.3,track,ekf,,620,536,-0.406275,3.575218,14.219619,-0.002010,0.017686,0.070343,76.75391436404233,,0.00,0.00,0.00,0.000000,98.9,,,,,,
1776547969.082309,1664,99.1,track,ekf,,620,536,-0.406474,3.576971,14.226590,-0.002010,0.017686,0.070343,76.83633390552328,,0.00,0.00,0.00,0.000000,98.3,,,,,,
1776547969.180866,1665,98.6,track,ekf,,620,536,-0.406672,3.578714,14.233523,-0.002010,0.017686,0.070343,76.91834839685005,,0.00,0.00,0.00,0.000000,130.1,,,,,,
1776547969.311269,1666,130.4,track,ekf,,620,536,-0.406934,3.581021,14.242696,-0.002010,0.017686,0.070343,77.02694256657995,,0.00,0.00,0.00,0.000000,95.4,,,,,,
1776547969.406929,1667,95.7,track,ekf,,620,536,-0.407126,3.582712,14.249425,-0.002010,0.017686,0.070343,77.10665585956215,,0.00,0.00,0.00,0.000000,95.7,,,,,,
1776547969.503129,1668,96.2,track,ekf,,620,536,-0.407320,3.584414,14.256192,-0.002010,0.017686,0.070343,77.1868649080858,,0.00,0.00,0.00,0.000000,102.1,,,,,,
1776547969.605444,1669,102.3,track,ekf,,620,536,-0.407525,3.586223,14.263389,-0.002010,0.017686,0.070343,77.27222502813605,,0.00,0.00,0.00,0.000000,96.7,,,,,,
1776547969.702420,1670,97.0,track,ekf,,620,536,-0.407720,3.587939,14.270210,-0.002010,0.017686,0.070343,77.35317863038298,,0.00,0.00,0.00,0.000000,128.4,,,,,,
1776547969.831047,1671,128.6,track,ekf,,620,536,-0.407979,3.590214,14.279258,-0.002010,0.017686,0.070343,77.4606289769022,,0.00,0.00,0.00,0.000000,96.2,,,,,,
1776547969.927615,1672,96.6,track,ekf,,620,536,-0.408173,3.591921,14.286051,-0.002010,0.017686,0.070343,77.54135032612736,,0.00,0.00,0.00,0.000000,93.2,,,,,,
1776547970.021025,1673,93.4,track,ekf,,620,536,-0.408361,3.593574,14.292622,-0.002010,0.017686,0.070343,77.61947671177673,,0.00,0.00,0.00,0.000000,93.7,,,,,,
1776547970.115006,1674,94.0,track,ekf,,620,536,-0.408550,3.595236,14.299233,-0.002010,0.017686,0.070343,77.69812452573281,,0.00,0.00,0.00,0.000000,95.4,,,,,,
1776547970.210645,1675,95.6,track,ekf,,620,536,-0.408742,3.596927,14.305960,-0.002010,0.017686,0.070343,77.77820515252786,,0.00,0.00,0.00,0.000000,124.5,,,,,,
1776547970.335461,1676,124.8,track,ekf,,620,536,-0.408993,3.599135,14.314740,-0.002010,0.017686,0.070343,77.88278742250121,,0.00,0.00,0.00,0.000000,94.3,,,,,,
1776547970.429954,1677,94.5,track,ekf,,620,536,-0.409182,3.600806,14.321387,-0.002010,0.017686,0.070343,77.9620119825822,,0.00,0.00,0.00,0.000000,97.1,,,,,,
1776547970.527326,1678,97.4,track,ekf,,620,536,-0.409378,3.602528,14.328236,-0.002010,0.017686,0.070343,78.04369680044442,,0.00,0.00,0.00,0.000000,96.7,,,,,,
1776547970.624279,1679,97.0,track,ekf,,620,536,-0.409573,3.604243,14.335056,-0.002010,0.017686,0.070343,78.12507756378811,,0.00,0.00,0.00,0.000000,97.6,,,,,,
1776547970.722154,1680,97.9,track,ekf,,620,536,-0.409770,3.605974,14.341941,-0.002010,0.017686,0.070343,78.20727939309975,,0.00,0.00,0.00,0.000000,128.1,,,,,,
1776547970.850522,1681,128.4,detect,ekf,,620,536,-0.410028,3.608244,14.350971,-0.002010,0.017686,0.070343,78.31516619783945,,0.00,0.00,0.00,0.000000,259.2,,,,,,
1776547971.110063,1682,259.5,track,ekf,,620,536,-0.410549,3.612834,14.369228,-0.002010,0.017686,0.070343,78.5335547099757,,0.00,0.00,0.00,0.000000,99.2,,,,,,
1776547971.209461,1683,99.4,track,ekf,,620,536,-0.410749,3.614592,14.376220,-0.002010,0.017686,0.070343,78.61727192921691,,0.00,0.00,0.00,0.000000,96.3,,,,,,
1776547971.306160,1684,96.7,track,ekf,,620,536,-0.410943,3.616303,14.383022,-0.002010,0.017686,0.070343,78.69876359164326,,0.00,0.00,0.00,0.000000,95.0,,,,,,
1776547971.401432,1685,95.3,track,ekf,,620,536,-0.411135,3.617988,14.389724,-0.002010,0.017686,0.070343,78.77909879898593,,0.00,0.00,0.00,0.000000,127.2,,,,,,
1776547971.528929,1686,127.5,track,ekf,,620,536,-0.411391,3.620243,14.398692,-0.002010,0.017686,0.070343,78.88668070926236,,0.00,0.00,0.00,0.000000,97.2,,,,,,
1776547971.626533,1687,97.6,track,ekf,,620,536,-0.411587,3.621969,14.405558,-0.002010,0.017686,0.070343,78.96909179244003,,0.00,0.00,0.00,0.000000,98.2,,,,,,
1776547971.725010,1688,98.5,track,ekf,,620,536,-0.411785,3.623710,14.412485,-0.002010,0.017686,0.070343,79.05228770642755,,0.00,0.00,0.00,0.000000,96.9,,,,,,
1776547971.822159,1689,97.1,track,ekf,,620,536,-0.411981,3.625429,14.419319,-0.002010,0.017686,0.070343,79.13440905081958,,0.00,0.00,0.00,0.000000,97.5,,,,,,
1776547971.919938,1690,97.8,track,ekf,,620,536,-0.412177,3.627158,14.426197,-0.002010,0.017686,0.070343,79.2171102092141,,0.00,0.00,0.00,0.000000,128.6,,,,,,
1776547972.048799,1691,128.9,track,ekf,,620,536,-0.412436,3.629437,14.435261,-0.002010,0.017686,0.070343,79.32617429606111,,0.00,0.00,0.00,0.000000,95.3,,,,,,
1776547972.144512,1692,95.7,track,ekf,,620,536,-0.412628,3.631130,14.441994,-0.002010,0.017686,0.070343,79.4072345961514,,0.00,0.00,0.00,0.000000,96.5,,,,,,
1776547972.241290,1693,96.8,track,ekf,,620,536,-0.412823,3.632841,14.448801,-0.002010,0.017686,0.070343,79.48924206462874,,0.00,0.00,0.00,0.000000,94.6,,,,,,
1776547972.336230,1694,94.9,track,ekf,,620,536,-0.413014,3.634521,14.455480,-0.002010,0.017686,0.070343,79.5697377124206,,0.00,0.00,0.00,0.000000,95.5,,,,,,
1776547972.432104,1695,95.9,track,ekf,,620,536,-0.413206,3.636216,14.462224,-0.002010,0.017686,0.070343,79.65107039432732,,0.00,0.00,0.00,0.000000,126.4,,,,,,
1776547972.558790,1696,126.7,track,ekf,,620,536,-0.413461,3.638457,14.471135,-0.002010,0.017686,0.070343,79.75861301390788,,0.00,0.00,0.00,0.000000,96.7,,,,,,
1776547972.655833,1697,97.0,track,ekf,,620,536,-0.413656,3.640173,14.477962,-0.002010,0.017686,0.070343,79.84104331275574,,0.00,0.00,0.00,0.000000,96.6,,,,,,
1776547972.752692,1698,96.9,track,ekf,,620,536,-0.413851,3.641886,14.484775,-0.002010,0.017686,0.070343,79.92336351156429,,0.00,0.00,0.00,0.000000,100.4,,,,,,
1776547972.853393,1699,100.7,track,ekf,,620,536,-0.414053,3.643667,14.491858,-0.002010,0.017686,0.070343,80.00899833644695,,0.00,0.00,0.00,0.000000,96.5,,,,,,
1776547972.950164,1700,96.8,track,ekf,,620,536,-0.414248,3.645379,14.498666,-0.002010,0.017686,0.070343,80.09133747435446,,0.00,0.00,0.00,0.000000,127.0,,,,,,
1776547973.077468,1701,127.3,track,ekf,,620,536,-0.414503,3.647630,14.507621,-0.002010,0.017686,0.070343,80.19972887020973,,0.00,0.00,0.00,0.000000,92.6,,,,,,
1776547973.170321,1702,92.9,track,ekf,,620,536,-0.414690,3.649273,14.514152,-0.002010,0.017686,0.070343,80.2788343204834,,0.00,0.00,0.00,0.000000,91.6,,,,,,
1776547973.262168,1703,91.8,track,ekf,,620,536,-0.414875,3.650897,14.520613,-0.002010,0.017686,0.070343,80.35712488660994,,0.00,0.00,0.00,0.000000,90.9,,,,,,
1776547973.353486,1704,91.3,track,ekf,,620,536,-0.415058,3.652512,14.527036,-0.002010,0.017686,0.070343,80.43500556420774,,0.00,0.00,0.00,0.000000,94.2,,,,,,
1776547973.448108,1705,94.6,track,ekf,,620,536,-0.415248,3.654185,14.533692,-0.002010,0.017686,0.070343,80.5157477003017,,0.00,0.00,0.00,0.000000,121.4,,,,,,
1776547973.569771,1706,121.7,track,ekf,,620,536,-0.415493,3.656337,14.542250,-0.002010,0.017686,0.070343,80.61963028744674,,0.00,0.00,0.00,0.000000,91.9,,,,,,
1776547973.661902,1707,92.1,track,ekf,,620,536,-0.415678,3.657967,14.548731,-0.002010,0.017686,0.070343,80.69834308531227,,0.00,0.00,0.00,0.000000,94.7,,,,,,
1776547973.756798,1708,94.9,track,ekf,,620,536,-0.415869,3.659645,14.555406,-0.002010,0.017686,0.070343,80.77946222234205,,0.00,0.00,0.00,0.000000,94.5,,,,,,
1776547973.851545,1709,94.7,track,ekf,,620,536,-0.416059,3.661321,14.562071,-0.002010,0.017686,0.070343,80.86049726356588,,0.00,0.00,0.00,0.000000,96.8,,,,,,
1776547973.948701,1710,97.2,track,ekf,,620,536,-0.416254,3.663039,14.568905,-0.002010,0.017686,0.070343,80.94363854190203,,0.00,0.00,0.00,0.000000,119.9,,,,,,
1776547974.068860,1711,120.2,detect,ekf,,620,536,-0.416496,3.665164,14.577358,-0.002010,0.017686,0.070343,81.04652972469647,,0.00,0.00,0.00,0.000000,259.0,,,,,,
1776547974.328224,1712,259.4,track,ekf,,620,536,-0.417017,3.669751,14.595602,-0.002010,0.017686,0.070343,81.26886837132712,,0.00,0.00,0.00,0.000000,88.0,,,,,,
1776547974.416446,1713,88.2,track,ekf,,620,536,-0.417195,3.671312,14.601808,-0.002010,0.017686,0.070343,81.3445621855531,,0.00,0.00,0.00,0.000000,89.9,,,,,,
1776547974.506664,1714,90.2,track,ekf,,620,536,-0.417376,3.672907,14.608154,-0.002010,0.017686,0.070343,81.42200954544062,,0.00,0.00,0.00,0.000000,96.3,,,,,,
1776547974.603177,1715,96.5,track,ekf,,620,536,-0.417570,3.674614,14.614943,-0.002010,0.017686,0.070343,81.5049060557211,,0.00,0.00,0.00,0.000000,129.2,,,,,,
1776547974.732685,1716,129.5,track,ekf,,620,536,-0.417830,3.676905,14.624053,-0.002010,0.017686,0.070343,81.61621634407639,,0.00,0.00,0.00,0.000000,97.3,,,,,,
1776547974.830234,1717,97.5,track,ekf,,620,536,-0.418026,3.678630,14.630915,-0.002010,0.017686,0.070343,81.7001095033012,,0.00,0.00,0.00,0.000000,96.5,,,,,,
1776547974.927022,1718,96.8,track,ekf,,620,536,-0.418221,3.680342,14.637723,-0.002010,0.017686,0.070343,81.7833946582494,,0.00,0.00,0.00,0.000000,96.9,,,,,,
1776547975.024241,1719,97.2,track,ekf,,620,536,-0.418416,3.682061,14.644562,-0.002010,0.017686,0.070343,81.86709671995067,,0.00,0.00,0.00,0.000000,97.5,,,,,,
1776547975.121984,1720,97.7,track,ekf,,620,536,-0.418612,3.683790,14.651437,-0.002010,0.017686,0.070343,81.95129610405203,,0.00,0.00,0.00,0.000000,129.4,,,,,,
1776547975.251624,1721,129.6,track,ekf,,620,536,-0.418873,3.686083,14.660557,-0.002010,0.017686,0.070343,82.06304611463605,,0.00,0.00,0.00,0.000000,95.8,,,,,,
1776547975.347724,1722,96.1,track,ekf,,620,536,-0.419066,3.687782,14.667317,-0.002010,0.017686,0.070343,82.14593539615467,,0.00,0.00,0.00,0.000000,94.4,,,,,,
1776547975.442355,1723,94.6,track,ekf,,620,536,-0.419256,3.689456,14.673973,-0.002010,0.017686,0.070343,82.22760035499549,,0.00,0.00,0.00,0.000000,96.9,,,,,,
1776547975.539472,1724,97.1,track,ekf,,620,536,-0.419452,3.691174,14.680805,-0.002010,0.017686,0.070343,82.31145640839428,,0.00,0.00,0.00,0.000000,99.4,,,,,,
1776547975.639100,1725,99.6,track,ekf,,620,536,-0.419652,3.692936,14.687813,-0.002010,0.017686,0.070343,82.39752877719701,,0.00,0.00,0.00,0.000000,128.3,,,,,,
1776547975.767650,1726,128.5,track,ekf,,620,536,-0.419910,3.695209,14.696855,-0.002010,0.017686,0.070343,82.508659551824,,0.00,0.00,0.00,0.000000,97.6,,,,,,
1776547975.865536,1727,97.9,track,ekf,,620,536,-0.420107,3.696941,14.703741,-0.002010,0.017686,0.070343,82.59333302543047,,0.00,0.00,0.00,0.000000,97.0,,,,,,
1776547975.962737,1728,97.2,track,ekf,,620,536,-0.420302,3.698660,14.710578,-0.002010,0.017686,0.070343,82.67745969765198,,0.00,0.00,0.00,0.000000,97.4,,,,,,
1776547976.060442,1729,97.7,track,ekf,,620,536,-0.420499,3.700388,14.717451,-0.002010,0.017686,0.070343,82.76206834192398,,0.00,0.00,0.00,0.000000,97.2,,,,,,
1776547976.157907,1730,97.5,track,ekf,,620,536,-0.420694,3.702111,14.724307,-0.002010,0.017686,0.070343,82.8465148680313,,0.00,0.00,0.00,0.000000,128.1,,,,,,
1776547976.286288,1731,128.4,track,ekf,,620,536,-0.420953,3.704382,14.733338,-0.002010,0.017686,0.070343,82.95782071043328,,0.00,0.00,0.00,0.000000,97.9,,,,,,
1776547976.384524,1732,98.2,track,ekf,,620,536,-0.421150,3.706119,14.740248,-0.002010,0.017686,0.070343,83.04304164141861,,0.00,0.00,0.00,0.000000,95.1,,,,,,
1776547976.479959,1733,95.4,track,ekf,,620,536,-0.421342,3.707807,14.746961,-0.002010,0.017686,0.070343,83.125876353809,,0.00,0.00,0.00,0.000000,97.8,,,,,,
1776547976.578092,1734,98.1,track,ekf,,620,536,-0.421539,3.709543,14.753864,-0.002010,0.017686,0.070343,83.21109974918319,,0.00,0.00,0.00,0.000000,96.4,,,,,,
1776547976.674722,1735,96.6,track,ekf,,620,536,-0.421733,3.711252,14.760661,-0.002010,0.017686,0.070343,83.29506252297335,,0.00,0.00,0.00,0.000000,127.8,,,,,,
1776547976.802890,1736,128.2,track,ekf,,620,536,-0.421991,3.713519,14.769677,-0.002010,0.017686,0.070343,83.4065003569504,,0.00,0.00,0.00,0.000000,97.4,,,,,,
1776547976.900647,1737,97.8,track,ekf,,620,536,-0.422187,3.715248,14.776553,-0.002010,0.017686,0.070343,83.49154814273403,,0.00,0.00,0.00,0.000000,98.7,,,,,,
1776547976.999696,1738,99.0,track,ekf,,620,536,-0.422386,3.717000,14.783521,-0.002010,0.017686,0.070343,83.5777661588735,,0.00,0.00,0.00,0.000000,98.8,,,,,,
1776547977.098775,1739,99.1,track,ekf,,620,536,-0.422585,3.718752,14.790490,-0.002010,0.017686,0.070343,83.6640575248021,,0.00,0.00,0.00,0.000000,97.7,,,,,,
1776547977.196796,1740,98.0,track,ekf,,620,536,-0.422782,3.720485,14.797385,-0.002010,0.017686,0.070343,83.7494732737125,,0.00,0.00,0.00,0.000000,128.3,,,,,,
1776547977.325303,1741,128.5,detect,ekf,,620,536,-0.423041,3.722758,14.806425,-0.002010,0.017686,0.070343,83.86152624966076,,0.00,0.00,0.00,0.000000,246.9,,,,,,
1776547977.572613,1742,247.3,track,ekf,,620,536,-0.423538,3.727132,14.823821,-0.002010,0.017686,0.070343,84.07739998856843,,0.00,0.00,0.00,0.000000,95.8,,,,,,
1776547977.668740,1743,96.1,track,ekf,,620,536,-0.423731,3.728832,14.830583,-0.002010,0.017686,0.070343,84.16137784586626,,0.00,0.00,0.00,0.000000,96.7,,,,,,
1776547977.765776,1744,97.0,track,ekf,,620,536,-0.423926,3.730549,14.837409,-0.002010,0.017686,0.070343,84.24619599100106,,0.00,0.00,0.00,0.000000,98.0,,,,,,
1776547977.864130,1745,98.4,track,ekf,,620,536,-0.424124,3.732288,14.844328,-0.002010,0.017686,0.070343,84.33221319149423,,0.00,0.00,0.00,0.000000,128.8,,,,,,
1776547977.993224,1746,129.1,track,ekf,,620,536,-0.424383,3.734571,14.853408,-0.002010,0.017686,0.070343,84.44518686443939,,0.00,0.00,0.00,0.000000,97.1,,,,,,
1776547978.090568,1747,97.3,track,ekf,,620,536,-0.424579,3.736293,14.860256,-0.002010,0.017686,0.070343,84.5304255959221,,0.00,0.00,0.00,0.000000,96.2,,,,,,
1776547978.187003,1748,96.4,track,ekf,,620,536,-0.424773,3.737998,14.867039,-0.002010,0.017686,0.070343,84.61491361607118,,0.00,0.00,0.00,0.000000,97.0,,,,,,
1776547978.284265,1749,97.3,track,ekf,,620,536,-0.424968,3.739719,14.873881,-0.002010,0.017686,0.070343,84.70017006729854,,0.00,0.00,0.00,0.000000,93.9,,,,,,
1776547978.378392,1750,94.1,track,ekf,,620,536,-0.425157,3.741383,14.880502,-0.002010,0.017686,0.070343,84.78272181804145,,0.00,0.00,0.00,0.000000,123.3,,,,,,
1776547978.501956,1751,123.6,track,ekf,,620,536,-0.425406,3.743569,14.889194,-0.002010,0.017686,0.070343,84.89115678475652,,0.00,0.00,0.00,0.000000,96.2,,,,,,
1776547978.598419,1752,96.5,track,ekf,,620,536,-0.425599,3.745275,14.895979,-0.002010,0.017686,0.070343,84.97585774640454,,0.00,0.00,0.00,0.000000,98.5,,,,,,
1776547978.697103,1753,98.7,track,ekf,,620,536,-0.425798,3.747020,14.902921,-0.002010,0.017686,0.070343,85.06255466874985,,0.00,0.00,0.00,0.000000,99.7,,,,,,
1776547978.797038,1754,99.9,track,ekf,,620,536,-0.425999,3.748788,14.909951,-0.002010,0.017686,0.070343,85.15039709672553,,0.00,0.00,0.00,0.000000,100.4,,,,,,
1776547978.897704,1755,100.7,track,ekf,,620,536,-0.426201,3.750568,14.917032,-0.002010,0.017686,0.070343,85.23893050713002,,0.00,0.00,0.00,0.000000,130.7,,,,,,
1776547979.028732,1756,131.0,track,ekf,,620,536,-0.426464,3.752885,14.926249,-0.002010,0.017686,0.070343,85.3542395906317,,0.00,0.00,0.00,0.000000,96.5,,,,,,
1776547979.125517,1757,96.8,track,ekf,,620,536,-0.426659,3.754597,14.933057,-0.002010,0.017686,0.070343,85.4394639791764,,0.00,0.00,0.00,0.000000,97.3,,,,,,
1776547979.223134,1758,97.6,track,ekf,,620,536,-0.426855,3.756324,14.939924,-0.002010,0.017686,0.070343,85.52546604951183,,0.00,0.00,0.00,0.000000,94.3,,,,,,
1776547979.317699,1759,94.6,track,ekf,,620,536,-0.427045,3.757996,14.946576,-0.002010,0.017686,0.070343,85.60882117084854,,0.00,0.00,0.00,0.000000,96.5,,,,,,
1776547979.414545,1760,96.8,track,ekf,,620,536,-0.427240,3.759709,14.953388,-0.002010,0.017686,0.070343,85.69423169139364,,0.00,0.00,0.00,0.000000,123.4,,,,,,
1776547979.538199,1761,123.7,track,ekf,,620,536,-0.427488,3.761896,14.962086,-0.002010,0.017686,0.070343,85.80335042616886,,0.00,0.00,0.00,0.000000,97.0,,,,,,
1776547979.635640,1762,97.4,track,ekf,,620,536,-0.427684,3.763619,14.968940,-0.002010,0.017686,0.070343,85.88938633114087,,0.00,0.00,0.00,0.000000,98.0,,,,,,
1776547979.733973,1763,98.3,track,ekf,,620,536,-0.427882,3.765358,14.975857,-0.002010,0.017686,0.070343,85.97625499906268,,0.00,0.00,0.00,0.000000,97.3,,,,,,
1776547979.831612,1764,97.6,track,ekf,,620,536,-0.428078,3.767085,14.982726,-0.002010,0.017686,0.070343,86.06255658889468,,0.00,0.00,0.00,0.000000,101.3,,,,,,
1776547979.933287,1765,101.7,track,ekf,,620,536,-0.428282,3.768884,14.989878,-0.002010,0.017686,0.070343,86.15247277562571,,0.00,0.00,0.00,0.000000,129.0,,,,,,
1776547980.062554,1766,129.3,track,ekf,,620,536,-0.428542,3.771170,14.998971,-0.002010,0.017686,0.070343,86.26686176907734,,0.00,0.00,0.00,0.000000,96.3,,,,,,
1776547980.159123,1767,96.6,track,ekf,,620,536,-0.428736,3.772878,15.005764,-0.002010,0.017686,0.070343,86.35236449336317,,0.00,0.00,0.00,0.000000,97.4,,,,,,
1776547980.256736,1768,97.6,track,ekf,,620,536,-0.428932,3.774604,15.012630,-0.002010,0.017686,0.070343,86.43883713293654,,0.00,0.00,0.00,0.000000,95.3,,,,,,
1776547980.352596,1769,95.9,track,ekf,,620,536,-0.429125,3.776300,15.019373,-0.002010,0.017686,0.070343,86.52380019386385,,0.00,0.00,0.00,0.000000,95.3,,,,,,
1776547980.448120,1770,95.5,track,ekf,,620,536,-0.429317,3.777989,15.026092,-0.002010,0.017686,0.070343,86.6085081929538,,0.00,0.00,0.00,0.000000,128.5,,,,,,
1776547980.576836,1771,128.7,detect,ekf,,620,536,-0.429576,3.780265,15.035147,-0.002010,0.017686,0.070343,86.72271960389033,,0.00,0.00,0.00,0.000000,263.0,,,,,,
1776547980.840048,1772,263.2,track,ekf,,620,536,-0.430105,3.784921,15.053662,-0.002010,0.017686,0.070343,86.95651948848416,,0.00,0.00,0.00,0.000000,98.3,,,,,,
1776547980.938602,1773,98.6,track,ekf,,620,536,-0.430303,3.786664,15.060594,-0.002010,0.017686,0.070343,87.04413613554196,,0.00,0.00,0.00,0.000000,97.3,,,,,,
1776547981.036345,1774,97.7,track,ekf,,620,536,-0.430499,3.788392,15.067470,-0.002010,0.017686,0.070343,87.13107673930197,,0.00,0.00,0.00,0.000000,96.9,,,,,,
1776547981.133581,1775,97.2,track,ekf,,620,536,-0.430695,3.790112,15.074310,-0.002010,0.017686,0.070343,87.2176121061943,,0.00,0.00,0.00,0.000000,128.6,,,,,,
1776547981.262441,1776,128.9,track,ekf,,620,536,-0.430954,3.792391,15.083374,-0.002010,0.017686,0.070343,87.33236168493018,,0.00,0.00,0.00,0.000000,93.7,,,,,,
1776547981.356400,1777,94.0,track,ekf,,620,536,-0.431142,3.794053,15.089983,-0.002010,0.017686,0.070343,87.4160792375021,,0.00,0.00,0.00,0.000000,96.0,,,,,,
1776547981.452788,1778,96.4,track,ekf,,620,536,-0.431336,3.795758,15.096764,-0.002010,0.017686,0.070343,87.50200357749256,,0.00,0.00,0.00,0.000000,99.2,,,,,,
1776547981.552266,1779,99.5,track,ekf,,620,536,-0.431536,3.797517,15.103761,-0.002010,0.017686,0.070343,87.59072869866182,,0.00,0.00,0.00,0.000000,96.9,,,,,,
1776547981.649420,1780,97.2,track,ekf,,620,536,-0.431731,3.799235,15.110595,-0.002010,0.017686,0.070343,87.67742535156759,,0.00,0.00,0.00,0.000000,127.9,,,,,,
1776547981.777549,1781,128.1,track,ekf,,620,536,-0.431989,3.801501,15.119608,-0.002010,0.017686,0.070343,87.79183252613929,,0.00,0.00,0.00,0.000000,97.6,,,,,,
1776547981.875362,1782,97.8,track,ekf,,620,536,-0.432185,3.803231,15.126489,-0.002010,0.017686,0.070343,87.8792199414568,,0.00,0.00,0.00,0.000000,98.7,,,,,,
1776547981.974363,1783,99.0,track,ekf,,620,536,-0.432384,3.804982,15.133453,-0.002010,0.017686,0.070343,87.96771357943929,,0.00,0.00,0.00,0.000000,100.4,,,,,,
1776547982.075103,1784,100.7,track,ekf,,620,536,-0.432587,3.806764,15.140539,-0.002010,0.017686,0.070343,88.05780855652922,,0.00,0.00,0.00,0.000000,99.0,,,,,,
1776547982.174309,1785,99.2,track,ekf,,620,536,-0.432786,3.808519,15.147517,-0.002010,0.017686,0.070343,88.146577966509,,0.00,0.00,0.00,0.000000,128.0,,,,,,
1776547982.302617,1786,128.3,track,ekf,,620,536,-0.433044,3.810788,15.156543,-0.002010,0.017686,0.070343,88.26145750946343,,0.00,0.00,0.00,0.000000,95.6,,,,,,
1776547982.398509,1787,95.9,track,ekf,,620,536,-0.433237,3.812484,15.163288,-0.002010,0.017686,0.070343,88.34736031347947,,0.00,0.00,0.00,0.000000,97.4,,,,,,
1776547982.496179,1788,97.7,track,ekf,,620,536,-0.433433,3.814211,15.170159,-0.002010,0.017686,0.070343,88.43490091478063,,0.00,0.00,0.00,0.000000,97.9,,,,,,
1776547982.594308,1789,98.1,track,ekf,,620,536,-0.433630,3.815947,15.177061,-0.002010,0.017686,0.070343,88.52289699524506,,0.00,0.00,0.00,0.000000,97.7,,,,,,
1776547982.692352,1790,98.0,track,ekf,,620,536,-0.433827,3.817681,15.183958,-0.002010,0.017686,0.070343,88.61086189043503,,0.00,0.00,0.00,0.000000,128.7,,,,,,
1776547982.821292,1791,128.9,track,ekf,,620,536,-0.434087,3.819961,15.193028,-0.002010,0.017686,0.070343,88.72661622633336,,0.00,0.00,0.00,0.000000,97.8,,,,,,
1776547982.919367,1792,98.1,track,ekf,,620,536,-0.434284,3.821696,15.199927,-0.002010,0.017686,0.070343,88.81471082767348,,0.00,0.00,0.00,0.000000,97.9,,,,,,
1776547983.017522,1793,98.2,track,ekf,,620,536,-0.434481,3.823432,15.206831,-0.002010,0.017686,0.070343,88.90292171396638,,0.00,0.00,0.00,0.000000,99.2,,,,,,
1776547983.116923,1794,99.4,track,ekf,,620,536,-0.434681,3.825190,15.213823,-0.002010,0.017686,0.070343,88.9922977857626,,0.00,0.00,0.00,0.000000,100.3,,,,,,
1776547983.217585,1795,100.7,track,ekf,,620,536,-0.434883,3.826970,15.220904,-0.002010,0.017686,0.070343,89.08285420112949,,0.00,0.00,0.00,0.000000,131.9,,,,,,
1776547983.349749,1796,132.2,track,ekf,,620,536,-0.435149,3.829308,15.230201,-0.002010,0.017686,0.070343,89.20182357201168,,0.00,0.00,0.00,0.000000,96.6,,,,,,
1776547983.446624,1797,96.9,track,ekf,,620,536,-0.435343,3.831021,15.237015,-0.002010,0.017686,0.070343,89.28907529098402,,0.00,0.00,0.00,0.000000,97.4,,,,,,
1776547983.544248,1798,97.6,track,ekf,,620,536,-0.435540,3.832748,15.243883,-0.002010,0.017686,0.070343,89.3770457985395,,0.00,0.00,0.00,0.000000,97.4,,,,,,
1776547983.641904,1799,97.7,track,ekf,,620,536,-0.435736,3.834475,15.250752,-0.002010,0.017686,0.070343,89.46508946032979,,0.00,0.00,0.00,0.000000,97.5,,,,,,
1776547983.739716,1800,97.8,track,ekf,,620,536,-0.435932,3.836205,15.257632,-0.002010,0.017686,0.070343,89.5533168409153,,0.00,0.00,0.00,0.000000,131.1,,,,,,
1776547983.871163,1801,131.4,detect,ekf,,620,536,-0.436197,3.838530,15.266879,-0.002010,0.017686,0.070343,89.6719558007449,,0.00,0.00,0.00,0.000000,266.4,,,,,,
1776547984.137783,1802,266.6,track,ekf,,620,536,-0.436732,3.843245,15.285634,-0.002010,0.017686,0.070343,89.91284663328794,,0.00,0.00,0.00,0.000000,95.6,,,,,,
1776547984.233569,1803,95.8,track,ekf,,620,536,-0.436925,3.844939,15.292371,-0.002010,0.017686,0.070343,89.9994595236912,,0.00,0.00,0.00,0.000000,92.4,,,,,,
1776547984.326209,1804,92.6,track,ekf,,620,536,-0.437111,3.846578,15.298888,-0.002010,0.017686,0.070343,90.08326930079133,,0.00,0.00,0.00,0.000000,95.3,,,,,,
1776547984.421793,1805,95.6,track,ekf,,620,536,-0.437303,3.848268,15.305612,-0.002010,0.017686,0.070343,90.16978417803045,,0.00,0.00,0.00,0.000000,126.2,,,,,,
1776547984.548321,1806,126.5,track,ekf,,620,536,-0.437557,3.850506,15.314512,-0.002010,0.017686,0.070343,90.28437498649764,,0.00,0.00,0.00,0.000000,96.0,,,,,,
1776547984.644672,1807,96.4,track,ekf,,620,536,-0.437751,3.852210,15.321290,-0.002010,0.017686,0.070343,90.37168322058373,,0.00,0.00,0.00,0.000000,96.7,,,,,,
1776547984.741578,1808,96.9,track,ekf,,620,536,-0.437946,3.853924,15.328106,-0.002010,0.017686,0.070343,90.4595365252729,,0.00,0.00,0.00,0.000000,96.0,,,,,,
1776547984.837821,1809,96.2,track,ekf,,620,536,-0.438139,3.855626,15.334876,-0.002010,0.017686,0.070343,90.54683244995849,,0.00,0.00,0.00,0.000000,95.9,,,,,,
1776547984.933912,1810,96.1,track,ekf,,620,536,-0.438332,3.857325,15.341635,-0.002010,0.017686,0.070343,90.634032749719,,0.00,0.00,0.00,0.000000,129.0,,,,,,
1776547985.063177,1811,129.3,track,ekf,,620,536,-0.438592,3.859612,15.350728,-0.002010,0.017686,0.070343,90.75140607929609,,0.00,0.00,0.00,0.000000,96.0,,,,,,
1776547985.159390,1812,96.2,track,ekf,,620,536,-0.438786,3.861313,15.357496,-0.002010,0.017686,0.070343,90.83881502829357,,0.00,0.00,0.00,0.000000,98.1,,,,,,
1776547985.257699,1813,98.3,track,ekf,,620,536,-0.438983,3.863052,15.364412,-0.002010,0.017686,0.070343,90.9281730634475,,0.00,0.00,0.00,0.000000,92.2,,,,,,
1776547985.350167,1814,92.5,track,ekf,,620,536,-0.439169,3.864687,15.370916,-0.002010,0.017686,0.070343,91.0122606712647,,0.00,0.00,0.00,0.000000,90.4,,,,,,
1776547985.440845,1815,90.7,track,ekf,,620,536,-0.439351,3.866291,15.377295,-0.002010,0.017686,0.070343,91.09475910998326,,0.00,0.00,0.00,0.000000,124.2,,,,,,
1776547985.565290,1816,124.4,track,ekf,,620,536,-0.439601,3.868492,15.386048,-0.002010,0.017686,0.070343,91.20804141787843,,0.00,0.00,0.00,0.000000,100.4,,,,,,
1776547985.665908,1817,100.6,track,ekf,,620,536,-0.439804,3.870272,15.393126,-0.002010,0.017686,0.070343,91.29968303193739,,0.00,0.00,0.00,0.000000,99.8,,,,,,
1776547985.765911,1818,100.0,track,ekf,,620,536,-0.440005,3.872040,15.400161,-0.002010,0.017686,0.070343,91.39081098554665,,0.00,0.00,0.00,0.000000,99.0,,,,,,
1776547985.865290,1819,99.4,track,ekf,,620,536,-0.440204,3.873798,15.407151,-0.002010,0.017686,0.070343,91.48141550534949,,0.00,0.00,0.00,0.000000,99.0,,,,,,
1776547985.964587,1820,99.3,track,ekf,,620,536,-0.440404,3.875554,15.414136,-0.002010,0.017686,0.070343,91.57198911334733,,0.00,0.00,0.00,0.000000,129.5,,,,,,
1776547986.094550,1821,130.0,track,ekf,,620,536,-0.440665,3.877853,15.423278,-0.002010,0.017686,0.070343,91.6906051138025,,0.00,0.00,0.00,0.000000,96.8,,,,,,
1776547986.191668,1822,97.1,track,ekf,,620,536,-0.440860,3.879570,15.430109,-0.002010,0.017686,0.070343,91.7792909365675,,0.00,0.00,0.00,0.000000,96.1,,,,,,
1776547986.288169,1823,96.5,track,ekf,,620,536,-0.441054,3.881277,15.436898,-0.002010,0.017686,0.070343,91.86745588503358,,0.00,0.00,0.00,0.000000,95.5,,,,,,
1776547986.383976,1824,95.8,track,ekf,,620,536,-0.441247,3.882972,15.443637,-0.002010,0.017686,0.070343,91.9550291330708,,0.00,0.00,0.00,0.000000,97.5,,,,,,
1776547986.481812,1825,97.8,track,ekf,,620,536,-0.441443,3.884702,15.450519,-0.002010,0.017686,0.070343,92.04449912915914,,0.00,0.00,0.00,0.000000,128.2,,,,,,
1776547986.610343,1826,128.5,track,ekf,,620,536,-0.441702,3.886975,15.459560,-0.002010,0.017686,0.070343,92.16210730667909,,0.00,0.00,0.00,0.000000,98.1,,,,,,
1776547986.708722,1827,98.4,track,ekf,,620,536,-0.441899,3.888715,15.466480,-0.002010,0.017686,0.070343,92.25217491652273,,0.00,0.00,0.00,0.000000,96.3,,,,,,
1776547986.805242,1828,96.5,track,ekf,,620,536,-0.442093,3.890422,15.473270,-0.002010,0.017686,0.070343,92.34058304010141,,0.00,0.00,0.00,0.000000,96.7,,,,,,
1776547986.902252,1829,97.0,track,ekf,,620,536,-0.442288,3.892138,15.480094,-0.002010,0.017686,0.070343,92.42948218852322,,0.00,0.00,0.00,0.000000,97.4,,,,,,
1776547986.999904,1830,97.7,track,ekf,,620,536,-0.442485,3.893865,15.486963,-0.002010,0.017686,0.070343,92.51901223078372,,0.00,0.00,0.00,0.000000,130.7,,,,,,
1776547987.130832,1831,130.9,detect,ekf,,620,536,-0.442748,3.896181,15.496173,-0.002010,0.017686,0.070343,92.6391209068638,,0.00,0.00,0.00,0.000000,243.3,,,,,,
1776547987.374392,1832,243.6,track,ekf,,620,536,-0.443237,3.900488,15.513306,-0.002010,0.017686,0.070343,92.86276382084985,,0.00,0.00,0.00,0.000000,97.4,,,,,,
1776547987.472012,1833,97.6,track,ekf,,620,536,-0.443433,3.902215,15.520172,-0.002010,0.017686,0.070343,92.95246877071463,,0.00,0.00,0.00,0.000000,96.9,,,,,,
1776547987.569399,1834,97.4,track,ekf,,620,536,-0.443629,3.903937,15.527023,-0.002010,0.017686,0.070343,93.04200329507825,,0.00,0.00,0.00,0.000000,97.9,,,,,,
1776547987.667650,1835,98.3,track,ekf,,620,536,-0.443827,3.905675,15.533934,-0.002010,0.017686,0.070343,93.13237499070856,,0.00,0.00,0.00,0.000000,129.0,,,,,,
1776547987.796899,1836,129.2,track,ekf,,620,536,-0.444086,3.907961,15.543026,-0.002010,0.017686,0.070343,93.25132888880786,,0.00,0.00,0.00,0.000000,95.3,,,,,,
1776547987.892560,1837,95.7,track,ekf,,620,536,-0.444279,3.909653,15.549755,-0.002010,0.017686,0.070343,93.33941696044839,,0.00,0.00,0.00,0.000000,98.1,,,,,,
1776547987.990896,1838,98.3,track,ekf,,620,536,-0.444476,3.911392,15.556672,-0.002010,0.017686,0.070343,93.43001035113164,,0.00,0.00,0.00,0.000000,96.2,,,,,,
1776547988.087360,1839,96.5,track,ekf,,620,536,-0.444670,3.913098,15.563458,-0.002010,0.017686,0.070343,93.51892170547625,,0.00,0.00,0.00,0.000000,95.9,,,,,,
1776547988.183468,1840,96.1,track,ekf,,620,536,-0.444863,3.914798,15.570218,-0.002010,0.017686,0.070343,93.60754657949039,,0.00,0.00,0.00,0.000000,128.6,,,,,,
1776547988.312312,1841,128.8,track,ekf,,620,536,-0.445122,3.917076,15.579281,-0.002010,0.017686,0.070343,93.72642571904463,,0.00,0.00,0.00,0.000000,93.3,,,,,,
1776547988.405843,1842,93.5,track,ekf,,620,536,-0.445310,3.918731,15.585861,-0.002010,0.017686,0.070343,93.81276772373734,,0.00,0.00,0.00,0.000000,96.1,,,,,,
1776547988.502417,1843,96.6,track,ekf,,620,536,-0.445504,3.920439,15.592654,-0.002010,0.017686,0.070343,93.9019600072697,,0.00,0.00,0.00,0.000000,95.8,,,,,,
1776547988.598422,1844,96.0,track,ekf,,620,536,-0.445697,3.922137,15.599407,-0.002010,0.017686,0.070343,93.99066782222036,,0.00,0.00,0.00,0.000000,100.3,,,,,,
1776547988.699009,1845,100.6,track,ekf,,620,536,-0.445900,3.923916,15.606483,-0.002010,0.017686,0.070343,94.08365450494027,,0.00,0.00,0.00,0.000000,126.4,,,,,,
1776547988.825669,1846,126.7,track,ekf,,620,536,-0.446154,3.926156,15.615392,-0.002010,0.017686,0.070343,94.20080900552031,,0.00,0.00,0.00,0.000000,97.1,,,,,,
1776547988.923151,1847,97.5,track,ekf,,620,536,-0.446350,3.927880,15.622249,-0.002010,0.017686,0.070343,94.29102260875463,,0.00,0.00,0.00,0.000000,97.6,,,,,,
1776547989.021189,1848,98.0,track,ekf,,620,536,-0.446547,3.929614,15.629146,-0.002010,0.017686,0.070343,94.38179381101966,,0.00,0.00,0.00,0.000000,97.6,,,,,,
1776547989.119190,1849,98.0,track,ekf,,620,536,-0.446744,3.931347,15.636039,-0.002010,0.017686,0.070343,94.47257319732766,,0.00,0.00,0.00,0.000000,97.3,,,,,,
1776547989.216667,1850,97.5,track,ekf,,620,536,-0.446940,3.933071,15.642896,-0.002010,0.017686,0.070343,94.56290957264969,,0.00,0.00,0.00,0.000000,127.9,,,,,,
1776547989.344819,1851,128.2,track,ekf,,620,536,-0.447197,3.935338,15.651911,-0.002010,0.017686,0.070343,94.68174000458164,,0.00,0.00,0.00,0.000000,93.4,,,,,,
1776547989.438416,1852,93.6,track,ekf,,620,536,-0.447386,3.936993,15.658495,-0.002010,0.017686,0.070343,94.76857364783955,,0.00,0.00,0.00,0.000000,97.0,,,,,,
1776547989.535699,1853,97.3,track,ekf,,620,536,-0.447581,3.938714,15.665338,-0.002010,0.017686,0.070343,94.85886768014427,,0.00,0.00,0.00,0.000000,97.9,,,,,,
1776547989.633989,1854,98.3,track,ekf,,620,536,-0.447779,3.940452,15.672252,-0.002010,0.017686,0.070343,94.95013970982458,,0.00,0.00,0.00,0.000000,98.4,,,,,,
1776547989.732615,1855,98.6,track,ekf,,620,536,-0.447977,3.942196,15.679189,-0.002010,0.017686,0.070343,95.04176639710651,,0.00,0.00,0.00,0.000000,129.0,,,,,,
1776547989.861935,1856,129.3,track,ekf,,620,536,-0.448237,3.944483,15.688286,-0.002010,0.017686,0.070343,95.16197630181347,,0.00,0.00,0.00,0.000000,96.7,,,,,,
1776547989.958959,1857,97.0,track,ekf,,620,536,-0.448432,3.946199,15.695111,-0.002010,0.017686,0.070343,95.25221209068697,,0.00,0.00,0.00,0.000000,97.1,,,,,,
1776547990.056261,1858,97.3,track,ekf,,620,536,-0.448627,3.947920,15.701956,-0.002010,0.017686,0.070343,95.34274911152208,,0.00,0.00,0.00,0.000000,97.0,,,,,,
1776547990.153500,1859,97.2,track,ekf,,620,536,-0.448823,3.949640,15.708796,-0.002010,0.017686,0.070343,95.43326819538474,,0.00,0.00,0.00,0.000000,97.2,,,,,,
1776547990.251019,1860,97.5,track,ekf,,620,536,-0.449019,3.951365,15.715655,-0.002010,0.017686,0.070343,95.52409127999756,,0.00,0.00,0.00,0.000000,126.7,,,,,,
1776547990.377994,1861,127.0,detect,ekf,,620,536,-0.449274,3.953610,15.724587,-0.002010,0.017686,0.070343,95.642411707791,,0.00,0.00,0.00,0.000000,253.7,,,,,,
1776547990.631902,1862,253.9,track,ekf,,620,536,-0.449784,3.958101,15.742448,-0.002010,0.017686,0.070343,95.8792342170903,,0.00,0.00,0.00,0.000000,99.0,,,,,,
1776547990.731147,1863,99.2,track,ekf,,620,536,-0.449984,3.959856,15.749429,-0.002010,0.017686,0.070343,95.97187121134084,,0.00,0.00,0.00,0.000000,98.6,,,,,,
1776547990.829948,1864,98.8,track,ekf,,620,536,-0.450182,3.961604,15.756379,-0.002010,0.017686,0.070343,96.06413704042245,,0.00,0.00,0.00,0.000000,96.6,,,,,,
1776547990.926749,1865,96.8,track,ekf,,620,536,-0.450377,3.963316,15.763188,-0.002010,0.017686,0.070343,96.15457730713824,,0.00,0.00,0.00,0.000000,126.6,,,,,,
1776547991.053620,1866,126.9,track,ekf,,620,536,-0.450632,3.965560,15.772113,-0.002010,0.017686,0.070343,96.27317810139402,,0.00,0.00,0.00,0.000000,95.5,,,,,,
1776547991.149308,1867,95.7,track,ekf,,620,536,-0.450824,3.967252,15.778843,-0.002010,0.017686,0.070343,96.36267308959813,,0.00,0.00,0.00,0.000000,98.0,,,,,,
1776547991.247656,1868,98.3,track,ekf,,620,536,-0.451022,3.968991,15.785762,-0.002010,0.017686,0.070343,96.45469878453049,,0.00,0.00,0.00,0.000000,93.2,,,,,,
1776547991.341140,1869,93.5,track,ekf,,620,536,-0.451210,3.970645,15.792338,-0.002010,0.017686,0.070343,96.54221252413465,,0.00,0.00,0.00,0.000000,92.4,,,,,,
1776547991.433787,1870,92.6,track,ekf,,620,536,-0.451396,3.972283,15.798855,-0.002010,0.017686,0.070343,96.62898028641617,,0.00,0.00,0.00,0.000000,127.0,,,,,,
1776547991.561217,1871,127.4,track,ekf,,620,536,-0.451652,3.974537,15.807818,-0.002010,0.017686,0.070343,96.74838897537606,,0.00,0.00,0.00,0.000000,96.1,,,,,,
1776547991.657603,1872,96.4,track,ekf,,620,536,-0.451846,3.976242,15.814598,-0.002010,0.017686,0.070343,96.83875260345984,,0.00,0.00,0.00,0.000000,95.5,,,,,,
1776547991.753518,1873,95.9,track,ekf,,620,536,-0.452038,3.977938,15.821345,-0.002010,0.017686,0.070343,96.92871535138967,,0.00,0.00,0.00,0.000000,93.8,,,,,,
1776547991.847722,1874,94.2,track,ekf,,620,536,-0.452228,3.979604,15.827972,-0.002010,0.017686,0.070343,97.01711264684049,,0.00,0.00,0.00,0.000000,92.2,,,,,,
1776547991.940158,1875,92.4,track,ekf,,620,536,-0.452414,3.981239,15.834474,-0.002010,0.017686,0.070343,97.1038892847051,,0.00,0.00,0.00,0.000000,123.8,,,,,,
1776547992.064275,1876,124.1,track,ekf,,620,536,-0.452663,3.983434,15.843205,-0.002010,0.017686,0.070343,97.2204671634369,,0.00,0.00,0.00,0.000000,93.0,,,,,,
1776547992.157516,1877,93.2,track,ekf,,620,536,-0.452850,3.985083,15.849764,-0.002010,0.017686,0.070343,97.30808775201085,,0.00,0.00,0.00,0.000000,94.4,,,,,,
1776547992.252179,1878,94.7,track,ekf,,620,536,-0.453041,3.986758,15.856422,-0.002010,0.017686,0.070343,97.39708325148413,,0.00,0.00,0.00,0.000000,90.0,,,,,,
1776547992.342546,1879,90.4,track,ekf,,620,536,-0.453222,3.988356,15.862779,-0.002010,0.017686,0.070343,97.48207602039943,,0.00,0.00,0.00,0.000000,92.4,,,,,,
1776547992.435319,1880,92.8,track,ekf,,620,536,-0.453409,3.989997,15.869305,-0.002010,0.017686,0.070343,97.56936992277248,,0.00,0.00,0.00,0.000000,121.0,,,,,,
1776547992.556592,1881,121.3,track,ekf,,620,536,-0.453652,3.992142,15.877836,-0.002010,0.017686,0.070343,97.68353833410313,,0.00,0.00,0.00,0.000000,91.1,,,,,,
1776547992.647968,1882,91.4,track,ekf,,620,536,-0.453836,3.993758,15.884263,-0.002010,0.017686,0.070343,97.76960234595454,,0.00,0.00,0.00,0.000000,91.5,,,,,,
1776547992.739880,1883,91.9,track,ekf,,620,536,-0.454021,3.995383,15.890729,-0.002010,0.017686,0.070343,97.85620808888348,,0.00,0.00,0.00,0.000000,93.1,,,,,,
1776547992.833328,1884,93.4,track,ekf,,620,536,-0.454209,3.997036,15.897302,-0.002010,0.017686,0.070343,97.94429902280088,,0.00,0.00,0.00,0.000000,95.4,,,,,,
1776547992.929164,1885,95.8,track,ekf,,620,536,-0.454401,3.998731,15.904043,-0.002010,0.017686,0.070343,98.03468012774755,,0.00,0.00,0.00,0.000000,127.6,,,,,,
1776547993.057032,1886,127.9,track,ekf,,620,536,-0.454658,4.000992,15.913038,-0.002010,0.017686,0.070343,98.15533521154727,,0.00,0.00,0.00,0.000000,95.8,,,,,,
1776547993.153057,1887,96.0,track,ekf,,620,536,-0.454851,4.002691,15.919793,-0.002010,0.017686,0.070343,98.24598818817653,,0.00,0.00,0.00,0.000000,96.9,,,,,,
1776547993.250206,1888,97.1,track,ekf,,620,536,-0.455046,4.004409,15.926626,-0.002010,0.017686,0.070343,98.33774363169323,,0.00,0.00,0.00,0.000000,95.0,,,,,,
1776547993.345463,1889,95.3,track,ekf,,620,536,-0.455238,4.006094,15.933327,-0.002010,0.017686,0.070343,98.42775136678085,,0.00,0.00,0.00,0.000000,93.8,,,,,,
1776547993.439512,1890,94.0,track,ekf,,620,536,-0.455427,4.007757,15.939943,-0.002010,0.017686,0.070343,98.51665606259571,,0.00,0.00,0.00,0.000000,126.4,,,,,,
1776547993.566189,1891,126.7,detect,ekf,,620,536,-0.455682,4.009997,15.948854,-0.002010,0.017686,0.070343,98.63646816662562,,0.00,0.00,0.00,0.000000,257.6,,,,,,
1776547993.824019,1892,257.8,track,ekf,,620,536,-0.456200,4.014557,15.966990,-0.002010,0.017686,0.070343,98.8805461542986,,0.00,0.00,0.00,0.000000,91.1,,,,,,
1776547993.915329,1893,91.3,track,ekf,,620,536,-0.456383,4.016172,15.973413,-0.002010,0.017686,0.070343,98.96704779646822,,0.00,0.00,0.00,0.000000,94.9,,,,,,
1776547994.010597,1894,95.3,track,ekf,,620,536,-0.456575,4.017857,15.980114,-0.002010,0.017686,0.070343,99.05733793840572,,0.00,0.00,0.00,0.000000,91.5,,,,,,
1776547994.102516,1895,91.9,track,ekf,,620,536,-0.456759,4.019483,15.986580,-0.002010,0.017686,0.070343,99.14449300069641,,0.00,0.00,0.00,0.000000,120.6,,,,,,
1776547994.223420,1896,120.9,track,ekf,,620,536,-0.457002,4.021621,15.995085,-0.002010,0.017686,0.070343,99.25918846453408,,0.00,0.00,0.00,0.000000,89.1,,,,,,
1776547994.312740,1897,89.3,track,ekf,,620,536,-0.457182,4.023201,16.001368,-0.002010,0.017686,0.070343,99.34396082266835,,0.00,0.00,0.00,0.000000,88.5,,,,,,
1776547994.401608,1898,88.9,track,ekf,,620,536,-0.457361,4.024773,16.007619,-0.002010,0.017686,0.070343,99.42833879981725,,0.00,0.00,0.00,0.000000,89.3,,,,,,
1776547994.491157,1899,89.5,track,ekf,,620,536,-0.457541,4.026357,16.013918,-0.002010,0.017686,0.070343,99.51339752646452,,0.00,0.00,0.00,0.000000,93.1,,,,,,
1776547994.584491,1900,93.3,track,ekf,,620,536,-0.457728,4.028007,16.020484,-0.002010,0.017686,0.070343,99.60209011776959,,0.00,0.00,0.00,0.000000,120.3,,,,,,
1776547994.705032,1901,120.5,track,ekf,,620,536,-0.457970,4.030139,16.028963,-0.002010,0.017686,0.070343,99.71669311331092,,0.00,0.00,0.00,0.000000,89.7,,,,,,
1776547994.794997,1902,90.0,track,ekf,,620,536,-0.458151,4.031730,16.035291,-0.002010,0.017686,0.070343,99.80226547998919,,0.00,0.00,0.00,0.000000,94.4,,,,,,
1776547994.889749,1903,94.8,track,ekf,,620,536,-0.458342,4.033406,16.041956,-0.002010,0.017686,0.070343,99.89242979944467,,0.00,0.00,0.00,0.000000,92.6,,,,,,
1776547994.982703,1904,93.0,track,ekf,,620,536,-0.458528,4.035050,16.048495,-0.002010,0.017686,0.070343,99.9809201336414,,0.00,0.00,0.00,0.000000,92.4,,,,,,
1776547995.075408,1905,92.7,track,ekf,,620,536,-0.458715,4.036690,16.055016,-0.002010,0.017686,0.070343,100.06921064155202,,0.00,0.00,0.00,0.000000,121.8,,,,,,
1776547995.197456,1906,122.0,track,ekf,,620,536,-0.458960,4.038848,16.063601,-0.002010,0.017686,0.070343,100.18550590818639,,0.00,0.00,0.00,0.000000,89.5,,,,,,
1776547995.287259,1907,89.8,track,ekf,,620,536,-0.459141,4.040437,16.069918,-0.002010,0.017686,0.070343,100.27111517781934,,0.00,0.00,0.00,0.000000,89.4,,,,,,
1776547995.376899,1908,89.6,track,ekf,,620,536,-0.459321,4.042022,16.076224,-0.002010,0.017686,0.070343,100.35660303541317,,0.00,0.00,0.00,0.000000,89.3,,,,,,
1776547995.466417,1909,89.5,track,ekf,,620,536,-0.459501,4.043605,16.082521,-0.002010,0.017686,0.070343,100.44200951989941,,0.00,0.00,0.00,0.000000,92.5,,,,,,
1776547995.559160,1910,92.7,track,ekf,,620,536,-0.459687,4.045246,16.089045,-0.002010,0.017686,0.070343,100.5305289101162,,0.00,0.00,0.00,0.000000,121.3,,,,,,
1776547995.680720,1911,121.6,track,ekf,,620,536,-0.459931,4.047395,16.097596,-0.002010,0.017686,0.070343,100.64661199390025,,0.00,0.00,0.00,0.000000,90.1,,,,,,
1776547995.771093,1912,90.4,track,ekf,,620,536,-0.460113,4.048994,16.103953,-0.002010,0.017686,0.070343,100.73295182213714,,0.00,0.00,0.00,0.000000,90.7,,,,,,
1776547995.862158,1913,91.1,track,ekf,,620,536,-0.460296,4.050604,16.110358,-0.002010,0.017686,0.070343,100.81998850737945,,0.00,0.00,0.00,0.000000,95.4,,,,,,
1776547995.957787,1914,95.6,track,ekf,,620,536,-0.460488,4.052296,16.117085,-0.002010,0.017686,0.070343,100.91142624889133,,0.00,0.00,0.00,0.000000,95.9,,,,,,
1776547996.054088,1915,96.3,track,ekf,,620,536,-0.460682,4.053999,16.123859,-0.002010,0.017686,0.070343,101.00354606450678,,0.00,0.00,0.00,0.000000,124.8,,,,,,
1776547996.179182,1916,125.1,track,ekf,,620,536,-0.460933,4.056211,16.132659,-0.002010,0.017686,0.070343,101.12326969444315,,0.00,0.00,0.00,0.000000,93.9,,,,,,
1776547996.273300,1917,94.1,track,ekf,,620,536,-0.461122,4.057876,16.139279,-0.002010,0.017686,0.070343,101.21338931448241,,0.00,0.00,0.00,0.000000,94.8,,,,,,
1776547996.368476,1918,95.2,track,ekf,,620,536,-0.461314,4.059559,16.145974,-0.002010,0.017686,0.070343,101.3045610314106,,0.00,0.00,0.00,0.000000,93.4,,,,,,
1776547996.462189,1919,93.7,track,ekf,,620,536,-0.461502,4.061217,16.152566,-0.002010,0.017686,0.070343,101.39436850247041,,0.00,0.00,0.00,0.000000,96.4,,,,,,
1776547996.558924,1920,96.7,track,ekf,,620,536,-0.461696,4.062928,16.159371,-0.002010,0.017686,0.070343,101.48711233469763,,0.00,0.00,0.00,0.000000,127.6,,,,,,
1776547996.686954,1921,128.0,detect,ekf,,620,536,-0.461954,4.065192,16.168377,-0.002010,0.017686,0.070343,101.60992319192691,,0.00,0.00,0.00,0.000000,246.8,,,,,,
1776547996.934138,1922,247.2,track,ekf,,620,536,-0.462450,4.069564,16.185764,-0.002010,0.017686,0.070343,101.84723429233665,,0.00,0.00,0.00,0.000000,98.7,,,,,,
1776547997.033073,1923,98.9,track,ekf,,620,536,-0.462649,4.071313,16.192724,-0.002010,0.017686,0.070343,101.94228369879941,,0.00,0.00,0.00,0.000000,95.5,,,,,,
1776547997.128836,1924,95.8,track,ekf,,620,536,-0.462842,4.073007,16.199460,-0.002010,0.017686,0.070343,102.03432605270697,,0.00,0.00,0.00,0.000000,95.3,,,,,,
1776547997.224345,1925,95.5,track,ekf,,620,536,-0.463034,4.074696,16.206178,-0.002010,0.017686,0.070343,102.12616367960607,,0.00,0.00,0.00,0.000000,123.2,,,,,,
1776547997.347877,1926,123.5,track,ekf,,620,536,-0.463282,4.076881,16.214868,-0.002010,0.017686,0.070343,102.24500697886744,,0.00,0.00,0.00,0.000000,95.0,,,,,,
1776547997.443135,1927,95.3,track,ekf,,620,536,-0.463473,4.078566,16.221569,-0.002010,0.017686,0.070343,102.33669208795803,,0.00,0.00,0.00,0.000000,95.4,,,,,,
1776547997.538829,1928,95.7,track,ekf,,620,536,-0.463666,4.080258,16.228300,-0.002010,0.017686,0.070343,102.4288368523486,,0.00,0.00,0.00,0.000000,96.2,,,,,,
1776547997.635578,1929,96.7,track,ekf,,620,536,-0.463860,4.081969,16.235106,-0.002010,0.017686,0.070343,102.52203693368797,,0.00,0.00,0.00,0.000000,98.7,,,,,,
1776547997.734519,1930,98.9,track,ekf,,620,536,-0.464059,4.083719,16.242065,-0.002010,0.017686,0.070343,102.61738962321881,,0.00,0.00,0.00,0.000000,123.8,,,,,,
1776547997.858618,1931,124.1,track,ekf,,620,536,-0.464308,4.085914,16.250795,-0.002010,0.017686,0.070343,102.7370488861646,,0.00,0.00,0.00,0.000000,91.4,,,,,,
1776547997.950255,1932,91.6,track,ekf,,620,536,-0.464493,4.087535,16.257241,-0.002010,0.017686,0.070343,102.82544736928281,,0.00,0.00,0.00,0.000000,94.2,,,,,,
1776547998.044826,1933,94.6,track,ekf,,620,536,-0.464683,4.089207,16.263893,-0.002010,0.017686,0.070343,102.91671415330624,,0.00,0.00,0.00,0.000000,95.4,,,,,,
1776547998.140624,1934,95.8,track,ekf,,620,536,-0.464875,4.090902,16.270632,-0.002010,0.017686,0.070343,103.00920383550034,,0.00,0.00,0.00,0.000000,96.2,,,,,,
1776547998.237018,1935,96.4,track,ekf,,620,536,-0.465069,4.092607,16.277413,-0.002010,0.017686,0.070343,103.10230788410975,,0.00,0.00,0.00,0.000000,123.6,,,,,,
1776547998.360836,1936,123.8,track,ekf,,620,536,-0.465318,4.094796,16.286122,-0.002010,0.017686,0.070343,103.221960602936,,0.00,0.00,0.00,0.000000,87.0,,,,,,
1776547998.448099,1937,87.3,track,ekf,,620,536,-0.465493,4.096340,16.292261,-0.002010,0.017686,0.070343,103.30632452026165,,0.00,0.00,0.00,0.000000,94.1,,,,,,
1776547998.542592,1938,94.5,track,ekf,,620,536,-0.465683,4.098011,16.298907,-0.002010,0.017686,0.070343,103.3977144385134,,0.00,0.00,0.00,0.000000,95.8,,,,,,
1776547998.638607,1939,96.0,track,ekf,,620,536,-0.465876,4.099709,16.305661,-0.002010,0.017686,0.070343,103.49061598807022,,0.00,0.00,0.00,0.000000,96.9,,,,,,
1776547998.735748,1940,97.1,track,ekf,,620,536,-0.466071,4.101427,16.312495,-0.002010,0.017686,0.070343,103.58464752373035,,0.00,0.00,0.00,0.000000,127.6,,,,,,
1776547998.863634,1941,127.9,track,ekf,,620,536,-0.466328,4.103689,16.321490,-0.002010,0.017686,0.070343,103.70850150027742,,0.00,0.00,0.00,0.000000,96.9,,,,,,
1776547998.960716,1942,97.1,track,ekf,,620,536,-0.466523,4.105406,16.328319,-0.002010,0.017686,0.070343,103.80256643142037,,0.00,0.00,0.00,0.000000,96.5,,,,,,
1776547999.057544,1943,96.8,track,ekf,,620,536,-0.466718,4.107119,16.335131,-0.002010,0.017686,0.070343,103.89642547245245,,0.00,0.00,0.00,0.000000,97.6,,,,,,
1776547999.155447,1944,97.9,track,ekf,,620,536,-0.466915,4.108850,16.342017,-0.002010,0.017686,0.070343,103.99136784501326,,0.00,0.00,0.00,0.000000,101.1,,,,,,
1776547999.256822,1945,101.4,track,ekf,,620,536,-0.467119,4.110643,16.349148,-0.002010,0.017686,0.070343,104.08971872545024,,0.00,0.00,0.00,0.000000,126.1,,,,,,
1776547999.383250,1946,126.4,track,ekf,,620,536,-0.467373,4.112879,16.358042,-0.002010,0.017686,0.070343,104.21243801060898,,0.00,0.00,0.00,0.000000,94.5,,,,,,
1776547999.478020,1947,94.8,track,ekf,,620,536,-0.467563,4.114555,16.364708,-0.002010,0.017686,0.070343,104.30447022849685,,0.00,0.00,0.00,0.000000,97.8,,,,,,
1776547999.576121,1948,98.1,track,ekf,,620,536,-0.467760,4.116290,16.371609,-0.002010,0.017686,0.070343,104.39977665705794,,0.00,0.00,0.00,0.000000,98.0,,,,,,
1776547999.674367,1949,98.2,track,ekf,,620,536,-0.467958,4.118028,16.378520,-0.002010,0.017686,0.070343,104.49526549085166,,0.00,0.00,0.00,0.000000,96.8,,,,,,
1776547999.771450,1950,97.1,track,ekf,,620,536,-0.468153,4.119745,16.385349,-0.002010,0.017686,0.070343,104.5896633376054,,0.00,0.00,0.00,0.000000,124.7,,,,,,
1776547999.896621,1951,125.2,detect,ekf,,620,536,-0.468404,4.121959,16.394154,-0.002010,0.017686,0.070343,104.71143275216176,,0.00,0.00,0.00,0.000000,262.5,,,,,,
1776548000.159279,1952,262.7,track,ekf,,620,536,-0.468932,4.126604,16.412630,-0.002010,0.017686,0.070343,104.96717340877066,,0.00,0.00,0.00,0.000000,95.9,,,,,,
1776548000.255414,1953,96.1,track,ekf,,620,536,-0.469125,4.128304,16.419392,-0.002010,0.017686,0.070343,105.06084224669758,,0.00,0.00,0.00,0.000000,93.3,,,,,,
1776548000.349077,1954,93.7,track,ekf,,620,536,-0.469314,4.129961,16.425981,-0.002010,0.017686,0.070343,105.15213926093134,,0.00,0.00,0.00,0.000000,95.4,,,,,,
1776548000.444677,1955,95.6,track,ekf,,620,536,-0.469506,4.131652,16.432705,-0.002010,0.017686,0.070343,105.24536404337525,,0.00,0.00,0.00,0.000000,125.8,,,,,,
1776548000.570782,1956,126.1,track,ekf,,620,536,-0.469759,4.133882,16.441576,-0.002010,0.017686,0.070343,105.36839655396325,,0.00,0.00,0.00,0.000000,96.8,,,,,,
1776548000.667793,1957,97.0,track,ekf,,620,536,-0.469954,4.135598,16.448400,-0.002010,0.017686,0.070343,105.4630875919136,,0.00,0.00,0.00,0.000000,97.6,,,,,,
1776548000.765749,1958,98.0,track,ekf,,620,536,-0.470151,4.137330,16.455291,-0.002010,0.017686,0.070343,105.55874218694863,,0.00,0.00,0.00,0.000000,97.7,,,,,,
1776548000.863840,1959,98.1,track,ekf,,620,536,-0.470348,4.139065,16.462190,-0.002010,0.017686,0.070343,105.6545680780654,,0.00,0.00,0.00,0.000000,96.7,,,,,,
1776548000.960837,1960,97.0,track,ekf,,620,536,-0.470543,4.140781,16.469014,-0.002010,0.017686,0.070343,105.74936546670241,,0.00,0.00,0.00,0.000000,127.7,,,,,,
1776548001.088805,1961,128.0,track,ekf,,620,536,-0.470800,4.143044,16.478015,-0.002010,0.017686,0.070343,105.87449357048408,,0.00,0.00,0.00,0.000000,97.2,,,,,,
1776548001.186272,1962,97.5,track,ekf,,620,536,-0.470996,4.144768,16.484871,-0.002010,0.017686,0.070343,105.96984074561281,,0.00,0.00,0.00,0.000000,95.9,,,,,,
1776548001.282613,1963,96.3,track,ekf,,620,536,-0.471190,4.146472,16.491648,-0.002010,0.017686,0.070343,106.06412676989338,,0.00,0.00,0.00,0.000000,94.9,,,,,,
1776548001.377749,1964,95.1,track,ekf,,620,536,-0.471381,4.148154,16.498340,-0.002010,0.017686,0.070343,106.15727039604748,,0.00,0.00,0.00,0.000000,96.1,,,,,,
1776548001.474207,1965,96.5,track,ekf,,620,536,-0.471575,4.149860,16.505125,-0.002010,0.017686,0.070343,106.25174825259039,,0.00,0.00,0.00,0.000000,126.7,,,,,,
1776548001.601178,1966,127.0,track,ekf,,620,536,-0.471830,4.152106,16.514057,-0.002010,0.017686,0.070343,106.37617296311076,,0.00,0.00,0.00,0.000000,97.7,,,,,,
1776548001.699303,1967,98.1,track,ekf,,620,536,-0.472027,4.153841,16.520959,-0.002010,0.017686,0.070343,106.47237360921523,,0.00,0.00,0.00,0.000000,98.1,,,,,,
1776548001.797653,1968,98.4,track,ekf,,620,536,-0.472225,4.155581,16.527877,-0.002010,0.017686,0.070343,106.56883638207886,,0.00,0.00,0.00,0.000000,91.4,,,,,,
1776548001.889475,1969,91.8,track,ekf,,620,536,-0.472410,4.157205,16.534336,-0.002010,0.017686,0.070343,106.65893157369082,,0.00,0.00,0.00,0.000000,92.5,,,,,,
1776548001.982312,1970,92.8,track,ekf,,620,536,-0.472596,4.158847,16.540867,-0.002010,0.017686,0.070343,106.75005941104597,,0.00,0.00,0.00,0.000000,128.8,,,,,,
1776548002.111366,1971,129.1,track,ekf,,620,536,-0.472856,4.161129,16.549945,-0.002010,0.017686,0.070343,106.87679802317348,,0.00,0.00,0.00,0.000000,98.9,,,,,,
1776548002.210663,1972,99.3,track,ekf,,620,536,-0.473055,4.162885,16.556930,-0.002010,0.017686,0.070343,106.97435928915546,,0.00,0.00,0.00,0.000000,97.4,,,,,,
1776548002.308217,1973,97.6,track,ekf,,620,536,-0.473251,4.164611,16.563792,-0.002010,0.017686,0.070343,107.0702475076652,,0.00,0.00,0.00,0.000000,98.5,,,,,,
1776548002.407162,1974,98.9,track,ekf,,620,536,-0.473450,4.166361,16.570752,-0.002010,0.017686,0.070343,107.16754433851325,,0.00,0.00,0.00,0.000000,98.5,,,,,,
1776548002.505871,1975,98.7,track,ekf,,620,536,-0.473648,4.168106,16.577695,-0.002010,0.017686,0.070343,107.26464883267383,,0.00,0.00,0.00,0.000000,127.5,,,,,,
1776548002.633674,1976,127.8,track,ekf,,620,536,-0.473905,4.170367,16.586685,-0.002010,0.017686,0.070343,107.39043673014862,,0.00,0.00,0.00,0.000000,97.2,,,,,,
1776548002.731112,1977,97.4,track,ekf,,620,536,-0.474101,4.172090,16.593540,-0.002010,0.017686,0.070343,107.48638111735964,,0.00,0.00,0.00,0.000000,99.9,,,,,,
1776548002.831416,1978,100.3,track,ekf,,620,536,-0.474303,4.173864,16.600595,-0.002010,0.017686,0.070343,107.58518944273945,,0.00,0.00,0.00,0.000000,97.1,,,,,,
1776548002.928842,1979,97.4,track,ekf,,620,536,-0.474499,4.175587,16.607448,-0.002010,0.017686,0.070343,107.68120244520507,,0.00,0.00,0.00,0.000000,93.7,,,,,,
1776548003.022737,1980,93.9,track,ekf,,620,536,-0.474687,4.177248,16.614053,-0.002010,0.017686,0.070343,107.77377290946583,,0.00,0.00,0.00,0.000000,123.8,,,,,,
1776548003.146777,1981,124.0,detect,ekf,,620,536,-0.474937,4.179441,16.622779,-0.002010,0.017686,0.070343,107.8961214268171,,0.00,0.00,0.00,0.000000,255.9,,,,,,
1776548003.402913,1982,256.1,track,ekf,,620,536,-0.475451,4.183972,16.640796,-0.002010,0.017686,0.070343,108.14897030410133,,0.00,0.00,0.00,0.000000,96.6,,,,,,
1776548003.499719,1983,96.8,track,ekf,,620,536,-0.475646,4.185684,16.647605,-0.002010,0.017686,0.070343,108.24459776084935,,0.00,0.00,0.00,0.000000,97.8,,,,,,
1776548003.597758,1984,98.0,track,ekf,,620,536,-0.475843,4.187418,16.654502,-0.002010,0.017686,0.070343,108.34148351486495,,0.00,0.00,0.00,0.000000,96.9,,,,,,
1776548003.695067,1985,97.3,track,ekf,,620,536,-0.476038,4.189139,16.661347,-0.002010,0.017686,0.070343,108.43768732483605,,0.00,0.00,0.00,0.000000,127.0,,,,,,
1776548003.822378,1986,127.3,track,ekf,,620,536,-0.476294,4.191390,16.670302,-0.002010,0.017686,0.070343,108.56361449610596,,0.00,0.00,0.00,0.000000,96.0,,,,,,
1776548003.918656,1987,96.3,track,ekf,,620,536,-0.476488,4.193093,16.677075,-0.002010,0.017686,0.070343,108.65888819404184,,0.00,0.00,0.00,0.000000,98.2,,,,,,
1776548004.017258,1988,98.6,track,ekf,,620,536,-0.476686,4.194837,16.684011,-0.002010,0.017686,0.070343,108.7565018350841,,0.00,0.00,0.00,0.000000,97.8,,,,,,
1776548004.115412,1989,98.2,track,ekf,,620,536,-0.476883,4.196573,16.690915,-0.002010,0.017686,0.070343,108.85371143029218,,0.00,0.00,0.00,0.000000,97.3,,,,,,
1776548004.213048,1990,97.6,track,ekf,,620,536,-0.477080,4.198300,16.697783,-0.002010,0.017686,0.070343,108.95044807383184,,0.00,0.00,0.00,0.000000,131.5,,,,,,
1776548004.344835,1991,131.8,track,ekf,,620,536,-0.477344,4.200631,16.707053,-0.002010,0.017686,0.070343,109.08108539482835,,0.00,0.00,0.00,0.000000,95.4,,,,,,
1776548004.440421,1992,95.6,track,ekf,,620,536,-0.477536,4.202321,16.713777,-0.002010,0.017686,0.070343,109.17588004004557,,0.00,0.00,0.00,0.000000,97.8,,,,,,
1776548004.538472,1993,98.1,track,ekf,,620,536,-0.477734,4.204055,16.720674,-0.002010,0.017686,0.070343,109.27315837660228,,0.00,0.00,0.00,0.000000,97.4,,,,,,
1776548004.636118,1994,97.6,track,ekf,,620,536,-0.477930,4.205782,16.727543,-0.002010,0.017686,0.070343,109.3700745861476,,0.00,0.00,0.00,0.000000,98.7,,,,,,
1776548004.735087,1995,99.0,track,ekf,,620,536,-0.478129,4.207533,16.734505,-0.002010,0.017686,0.070343,109.46834348310247,,0.00,0.00,0.00,0.000000,128.0,,,,,,
1776548004.863523,1996,128.4,track,ekf,,620,536,-0.478387,4.209804,16.743539,-0.002010,0.017686,0.070343,109.5959333232565,,0.00,0.00,0.00,0.000000,98.1,,,,,,
1776548004.962184,1997,98.7,track,ekf,,620,536,-0.478585,4.211549,16.750479,-0.002010,0.017686,0.070343,109.693988078354,,0.00,0.00,0.00,0.000000,96.9,,,,,,
1776548005.059427,1998,97.2,track,ekf,,620,536,-0.478781,4.213269,16.757320,-0.002010,0.017686,0.070343,109.7906721978108,,0.00,0.00,0.00,0.000000,97.6,,,,,,
1776548005.157363,1999,97.9,track,ekf,,620,536,-0.478977,4.215001,16.764209,-0.002010,0.017686,0.070343,109.88808562206414,,0.00,0.00,0.00,0.000000,96.7,,,,,,
1776548005.254349,2000,97.0,track,ekf,,620,536,-0.479172,4.216716,16.771031,-0.002010,0.017686,0.070343,109.9845912685227,,0.00,0.00,0.00,0.000000,126.9,,,,,,
1776548005.381599,2001,127.3,track,ekf,,620,536,-0.479428,4.218967,16.779982,-0.002010,0.017686,0.070343,110.11127316792967,,0.00,0.00,0.00,0.000000,93.7,,,,,,
1776548005.476582,2002,95.0,track,ekf,,620,536,-0.479619,4.220647,16.786663,-0.002010,0.017686,0.070343,110.20587290700513,,0.00,0.00,0.00,0.000000,98.2,,,,,,
1776548005.575127,2003,98.5,track,ekf,,620,536,-0.479817,4.222390,16.793595,-0.002010,0.017686,0.070343,110.30405933110146,,0.00,0.00,0.00,0.000000,99.6,,,,,,
1776548005.674974,2004,99.8,track,ekf,,620,536,-0.480018,4.224156,16.800619,-0.002010,0.017686,0.070343,110.40358359584962,,0.00,0.00,0.00,0.000000,99.4,,,,,,
1776548005.774596,2005,99.6,track,ekf,,620,536,-0.480218,4.225918,16.807627,-0.002010,0.017686,0.070343,110.5029247852453,,0.00,0.00,0.00,0.000000,128.1,,,,,,
1776548005.902996,2006,128.4,track,ekf,,620,536,-0.480476,4.228188,16.816659,-0.002010,0.017686,0.070343,110.63102332775769,,0.00,0.00,0.00,0.000000,97.8,,,,,,
1776548006.001080,2007,98.1,track,ekf,,620,536,-0.480673,4.229923,16.823558,-0.002010,0.017686,0.070343,110.72892096857107,,0.00,0.00,0.00,0.000000,96.1,,,,,,
1776548006.097454,2008,96.4,track,ekf,,620,536,-0.480867,4.231628,16.830337,-0.002010,0.017686,0.070343,110.82514913502804,,0.00,0.00,0.00,0.000000,99.7,,,,,,
1776548006.197363,2009,99.9,track,ekf,,620,536,-0.481068,4.233395,16.837365,-0.002010,0.017686,0.070343,110.92494869949587,,0.00,0.00,0.00,0.000000,96.8,,,,,,
1776548006.294417,2010,97.1,track,ekf,,620,536,-0.481263,4.235111,16.844192,-0.002010,0.017686,0.070343,111.02193367948578,,0.00,0.00,0.00,0.000000,124.9,,,,,,
1776548006.419580,2011,125.2,detect,ekf,,620,536,-0.481514,4.237325,16.852997,-0.002010,0.017686,0.070343,111.14706777837017,,0.00,0.00,0.00,0.000000,262.3,,,,,,
1776548006.682187,2012,262.6,track,ekf,,620,536,-0.482042,4.241969,16.871469,-0.002010,0.017686,0.070343,111.40982582911762,,0.00,0.00,0.00,0.000000,99.1,,,,,,
1776548006.781534,2013,99.3,track,ekf,,620,536,-0.482242,4.243726,16.878457,-0.002010,0.017686,0.070343,111.50929565161155,,0.00,0.00,0.00,0.000000,94.8,,,,,,
1776548006.876628,2014,95.1,track,ekf,,620,536,-0.482433,4.245408,16.885147,-0.002010,0.017686,0.070343,111.60454511014083,,0.00,0.00,0.00,0.000000,96.3,,,,,,
1776548006.973159,2015,96.5,track,ekf,,620,536,-0.482627,4.247116,16.891937,-0.002010,0.017686,0.070343,111.70127295545215,,0.00,0.00,0.00,0.000000,121.9,,,,,,
1776548007.095577,2016,122.4,track,ekf,,620,536,-0.482873,4.249281,16.900548,-0.002010,0.017686,0.070343,111.82399639905908,,0.00,0.00,0.00,0.000000,98.1,,,,,,
1776548007.194100,2017,98.5,track,ekf,,620,536,-0.483071,4.251023,16.907478,-0.002010,0.017686,0.070343,111.92280847876243,,0.00,0.00,0.00,0.000000,97.1,,,,,,
1776548007.291455,2018,97.4,track,ekf,,620,536,-0.483266,4.252745,16.914327,-0.002010,0.017686,0.070343,112.02048773194059,,0.00,0.00,0.00,0.000000,97.9,,,,,,
1776548007.389740,2019,98.3,track,ekf,,620,536,-0.483464,4.254483,16.921240,-0.002010,0.017686,0.070343,112.1191393883428,,0.00,0.00,0.00,0.000000,99.1,,,,,,
1776548007.489101,2020,99.4,track,ekf,,620,536,-0.483664,4.256241,16.928230,-0.002010,0.017686,0.070343,112.21891197058295,,0.00,0.00,0.00,0.000000,122.2,,,,,,
1776548007.611581,2021,122.5,track,ekf,,620,536,-0.483910,4.258407,16.936845,-0.002010,0.017686,0.070343,112.34195415350268,,0.00,0.00,0.00,0.000000,96.8,,,,,,
1776548007.708606,2022,97.0,track,ekf,,620,536,-0.484105,4.260123,16.943670,-0.002010,0.017686,0.070343,112.43946636452945,,0.00,0.00,0.00,0.000000,99.9,,,,,,
1776548007.808857,2023,100.3,track,ekf,,620,536,-0.484306,4.261896,16.950722,-0.002010,0.017686,0.070343,112.54026159830201,,0.00,0.00,0.00,0.000000,98.7,,,,,,
1776548007.907845,2024,99.0,track,ekf,,620,536,-0.484505,4.263647,16.957685,-0.002010,0.017686,0.070343,112.63982615784452,,0.00,0.00,0.00,0.000000,99.0,,,,,,
1776548008.007148,2025,99.3,track,ekf,,620,536,-0.484705,4.265403,16.964670,-0.002010,0.017686,0.070343,112.73974755572581,,0.00,0.00,0.00,0.000000,125.1,,,,,,
1776548008.132505,2026,125.4,track,ekf,,620,536,-0.484957,4.267620,16.973488,-0.002010,0.017686,0.070343,112.86594402374632,,0.00,0.00,0.00,0.000000,91.0,,,,,,
1776548008.223898,2027,91.4,track,ekf,,620,536,-0.485140,4.269236,16.979917,-0.002010,0.017686,0.070343,112.9579866925399,,0.00,0.00,0.00,0.000000,93.1,,,,,,
1776548008.317362,2028,93.5,track,ekf,,620,536,-0.485328,4.270889,16.986492,-0.002010,0.017686,0.070343,113.05214989870909,,0.00,0.00,0.00,0.000000,96.7,,,,,,
1776548008.414235,2029,96.9,track,ekf,,620,536,-0.485523,4.272603,16.993306,-0.002010,0.017686,0.070343,113.1497854898257,,0.00,0.00,0.00,0.000000,98.2,,,,,,
1776548008.512654,2030,98.4,track,ekf,,620,536,-0.485721,4.274343,17.000229,-0.002010,0.017686,0.070343,113.24901799286023,,0.00,0.00,0.00,0.000000,130.0,,,,,,
1776548008.642941,2031,130.3,track,ekf,,620,536,-0.485983,4.276648,17.009394,-0.002010,0.017686,0.070343,113.38044355472552,,0.00,0.00,0.00,0.000000,97.9,,,,,,
1776548008.741181,2032,98.2,track,ekf,,620,536,-0.486180,4.278385,17.016304,-0.002010,0.017686,0.070343,113.47958591532198,,0.00,0.00,0.00,0.000000,98.2,,,,,,
1776548008.839535,2033,98.4,track,ekf,,620,536,-0.486378,4.280125,17.023223,-0.002010,0.017686,0.070343,113.57888127888555,,0.00,0.00,0.00,0.000000,96.6,,,,,,
1776548008.936485,2034,97.0,track,ekf,,620,536,-0.486573,4.281839,17.030043,-0.002010,0.017686,0.070343,113.67679837068954,,0.00,0.00,0.00,0.000000,97.2,,,,,,
1776548009.033930,2035,97.4,track,ekf,,620,536,-0.486768,4.283563,17.036897,-0.002010,0.017686,0.070343,113.77525277366387,,0.00,0.00,0.00,0.000000,128.3,,,,,,
1776548009.162625,2036,128.7,track,ekf,,620,536,-0.487027,4.285839,17.045950,-0.002010,0.017686,0.070343,113.90534159298913,,0.00,0.00,0.00,0.000000,97.1,,,,,,
1776548009.259996,2037,97.4,track,ekf,,620,536,-0.487223,4.287561,17.052799,-0.002010,0.017686,0.070343,114.00380954743721,,0.00,0.00,0.00,0.000000,94.6,,,,,,
1776548009.354770,2038,94.8,track,ekf,,620,536,-0.487413,4.289237,17.059466,-0.002010,0.017686,0.070343,114.09968760596239,,0.00,0.00,0.00,0.000000,95.2,,,,,,
1776548009.450178,2039,95.4,track,ekf,,620,536,-0.487605,4.290925,17.066177,-0.002010,0.017686,0.070343,114.19624353472099,,0.00,0.00,0.00,0.000000,98.9,,,,,,
1776548009.549271,2040,99.1,track,ekf,,620,536,-0.487804,4.292677,17.073148,-0.002010,0.017686,0.070343,114.29656821167323,,0.00,0.00,0.00,0.000000,128.6,,,,,,
1776548009.678171,2041,128.9,detect,ekf,,620,536,-0.488063,4.294957,17.082215,-0.002010,0.017686,0.070343,114.42713025913076,,0.00,0.00,0.00,0.000000,259.7,,,,,,
1776548009.938030,2042,259.9,track,ekf,,620,536,-0.488586,4.299553,17.100494,-0.002010,0.017686,0.070343,114.69054835619154,,0.00,0.00,0.00,0.000000,96.4,,,,,,
1776548010.034908,2043,96.9,track,ekf,,620,536,-0.488780,4.301266,17.107309,-0.002010,0.017686,0.070343,114.78881495943943,,0.00,0.00,0.00,0.000000,97.5,,,,,,
1776548010.132757,2044,97.8,track,ekf,,620,536,-0.488977,4.302997,17.114192,-0.002010,0.017686,0.070343,114.88810591252664,,0.00,0.00,0.00,0.000000,97.6,,,,,,
1776548010.230728,2045,98.0,track,ekf,,620,536,-0.489174,4.304729,17.121083,-0.002010,0.017686,0.070343,114.98755920740216,,0.00,0.00,0.00,0.000000,121.2,,,,,,
1776548010.352236,2046,121.5,track,ekf,,620,536,-0.489418,4.306878,17.129630,-0.002010,0.017686,0.070343,115.11096132784347,,0.00,0.00,0.00,0.000000,90.4,,,,,,
1776548010.443032,2047,90.8,track,ekf,,620,536,-0.489600,4.308484,17.136017,-0.002010,0.017686,0.070343,115.2032096746063,,0.00,0.00,0.00,0.000000,94.7,,,,,,
1776548010.537961,2048,94.9,track,ekf,,620,536,-0.489791,4.310163,17.142695,-0.002010,0.017686,0.070343,115.29969300804783,,0.00,0.00,0.00,0.000000,96.8,,,,,,
1776548010.635044,2049,97.1,track,ekf,,620,536,-0.489986,4.311880,17.149524,-0.002010,0.017686,0.070343,115.39840327808867,,0.00,0.00,0.00,0.000000,95.9,,,,,,
1776548010.731211,2050,96.2,track,ekf,,620,536,-0.490180,4.313581,17.156289,-0.002010,0.017686,0.070343,115.49621835090468,,0.00,0.00,0.00,0.000000,127.3,,,,,,
1776548010.858783,2051,127.6,track,ekf,,620,536,-0.490436,4.315837,17.165262,-0.002010,0.017686,0.070343,115.62603672603038,,0.00,0.00,0.00,0.000000,96.8,,,,,,
1776548010.955796,2052,97.0,track,ekf,,620,536,-0.490631,4.317553,17.172086,-0.002010,0.017686,0.070343,115.72479911248809,,0.00,0.00,0.00,0.000000,96.0,,,,,,
1776548011.052022,2053,96.2,track,ekf,,620,536,-0.490824,4.319255,17.178855,-0.002010,0.017686,0.070343,115.82279807789456,,0.00,0.00,0.00,0.000000,95.1,,,,,,
1776548011.147368,2054,95.3,track,ekf,,620,536,-0.491016,4.320941,17.185562,-0.002010,0.017686,0.070343,115.9199369558539,,0.00,0.00,0.00,0.000000,92.3,,,,,,
1776548011.239990,2055,92.6,track,ekf,,620,536,-0.491202,4.322579,17.192077,-0.002010,0.017686,0.070343,116.01433472391456,,0.00,0.00,0.00,0.000000,120.0,,,,,,
1776548011.360244,2056,120.3,track,ekf,,620,536,-0.491444,4.324706,17.200536,-0.002010,0.017686,0.070343,116.13694726115135,,0.00,0.00,0.00,0.000000,96.8,,,,,,
1776548011.457291,2057,97.0,track,ekf,,620,536,-0.491639,4.326423,17.207363,-0.002010,0.017686,0.070343,116.23593791892893,,0.00,0.00,0.00,0.000000,98.1,,,,,,
1776548011.555590,2058,98.3,track,ekf,,620,536,-0.491837,4.328161,17.214278,-0.002010,0.017686,0.070343,116.33624359191575,,0.00,0.00,0.00,0.000000,98.1,,,,,,
1776548011.653955,2059,98.4,track,ekf,,620,536,-0.492034,4.329901,17.221197,-0.002010,0.017686,0.070343,116.43665530571312,,0.00,0.00,0.00,0.000000,97.2,,,,,,
1776548011.751453,2060,97.5,track,ekf,,620,536,-0.492230,4.331625,17.228055,-0.002010,0.017686,0.070343,116.53622016526987,,0.00,0.00,0.00,0.000000,129.8,,,,,,
1776548011.881562,2061,130.1,track,ekf,,620,536,-0.492492,4.333926,17.237207,-0.002010,0.017686,0.070343,116.66914761195216,,0.00,0.00,0.00,0.000000,97.6,,,,,,
1776548011.979562,2062,98.0,track,ekf,,620,536,-0.492689,4.335660,17.244101,-0.002010,0.017686,0.070343,116.76931307282732,,0.00,0.00,0.00,0.000000,98.7,,,,,,
1776548012.078522,2063,99.0,track,ekf,,620,536,-0.492887,4.337410,17.251062,-0.002010,0.017686,0.070343,116.87049908101595,,0.00,0.00,0.00,0.000000,97.0,,,,,,
1776548012.175880,2064,97.4,track,ekf,,620,536,-0.493083,4.339132,17.257911,-0.002010,0.017686,0.070343,116.9700841789222,,0.00,0.00,0.00,0.000000,95.3,,,,,,
1776548012.271476,2065,95.6,track,ekf,,620,536,-0.493275,4.340823,17.264635,-0.002010,0.017686,0.070343,117.06790325796074,,0.00,0.00,0.00,0.000000,125.0,,,,,,
1776548012.396912,2066,125.4,track,ekf,,620,536,-0.493527,4.343041,17.273459,-0.002010,0.017686,0.070343,117.19631329605,,0.00,0.00,0.00,0.000000,95.9,,,,,,
1776548012.493173,2067,96.3,track,ekf,,620,536,-0.493721,4.344743,17.280230,-0.002010,0.017686,0.070343,117.29489678357731,,0.00,0.00,0.00,0.000000,98.0,,,,,,
1776548012.591382,2068,98.2,track,ekf,,620,536,-0.493918,4.346480,17.287138,-0.002010,0.017686,0.070343,117.39551359570288,,0.00,0.00,0.00,0.000000,97.2,,,,,,
1776548012.688798,2069,97.4,track,ekf,,620,536,-0.494114,4.348203,17.293991,-0.002010,0.017686,0.070343,117.49535562149458,,0.00,0.00,0.00,0.000000,96.9,,,,,,
1776548012.785916,2070,97.1,track,ekf,,620,536,-0.494309,4.349921,17.300822,-0.002010,0.017686,0.070343,117.59492878992471,,0.00,0.00,0.00,0.000000,127.3,,,,,,
1776548012.913495,2071,127.6,detect,ekf,,620,536,-0.494566,4.352177,17.309796,-0.002010,0.017686,0.070343,117.72579269128595,,0.00,0.00,0.00,0.000000,245.0,,,,,,
1776548013.158812,2072,245.3,track,ekf,,620,536,-0.495059,4.356516,17.327053,-0.002010,0.017686,0.070343,117.97761043828054,,0.00,0.00,0.00,0.000000,97.8,,,,,,
1776548013.256835,2073,98.0,track,ekf,,620,536,-0.495256,4.358250,17.333948,-0.002010,0.017686,0.070343,118.07829133558899,,0.00,0.00,0.00,0.000000,95.3,,,,,,
1776548013.352504,2074,95.7,track,ekf,,620,536,-0.495448,4.359942,17.340678,-0.002010,0.017686,0.070343,118.17659106261404,,0.00,0.00,0.00,0.000000,94.5,,,,,,
1776548013.447274,2075,94.8,track,ekf,,620,536,-0.495638,4.361618,17.347344,-0.002010,0.017686,0.070343,118.27400350718723,,0.00,0.00,0.00,0.000000,130.8,,,,,,
1776548013.578380,2076,131.1,track,ekf,,620,536,-0.495902,4.363937,17.356566,-0.002010,0.017686,0.070343,118.40882583194669,,0.00,0.00,0.00,0.000000,96.3,,,,,,
1776548013.675051,2077,96.7,track,ekf,,620,536,-0.496096,4.365646,17.363366,-0.002010,0.017686,0.070343,118.5082777843833,,0.00,0.00,0.00,0.000000,96.1,,,,,,
1776548013.771353,2078,96.3,track,ekf,,620,536,-0.496290,4.367350,17.370140,-0.002010,0.017686,0.070343,118.60738784124845,,0.00,0.00,0.00,0.000000,97.3,,,,,,
1776548013.869089,2079,97.7,track,ekf,,620,536,-0.496486,4.369078,17.377015,-0.002010,0.017686,0.070343,118.7080106506579,,0.00,0.00,0.00,0.000000,98.7,,,,,,
1776548013.968024,2080,98.9,track,ekf,,620,536,-0.496685,4.370828,17.383975,-0.002010,0.017686,0.070343,118.80990656692171,,0.00,0.00,0.00,0.000000,126.2,,,,,,
1776548014.094523,2081,126.5,track,ekf,,620,537,-0.496913,4.377752,17.391695,-0.001992,0.022465,0.069142,118.94024974307624,,0.00,0.00,0.00,0.000000,96.7,,,,,,
1776548014.191433,2082,96.9,track,ekf,,620,536,-0.519714,4.577879,18.189787,-0.002190,0.023199,0.076242,116.30213576127329,,0.00,0.00,0.00,0.000000,96.0,,,,,,
1776548014.287686,2083,96.3,track,ekf,,620,536,-0.531455,4.680767,18.600755,-0.002291,0.023274,0.079937,115.43492160254485,,0.00,0.00,0.00,0.000000,96.9,,,,,,
1776548014.385011,2084,97.3,track,ekf,,620,536,-0.537602,4.734463,18.815970,-0.002344,0.023021,0.081909,115.2024800217121,,0.00,0.00,0.00,0.000000,95.3,,,,,,
1776548014.480525,2085,95.5,track,ekf,,620,536,-0.540331,4.758076,18.911524,-0.002368,0.022586,0.082825,115.22142447960567,,0.00,0.00,0.00,0.000000,128.4,,,,,,
1776548014.609137,2086,128.6,track,ekf,,620,536,-0.540941,4.763063,18.932916,-0.002372,0.022016,0.083068,115.34819439981591,,0.00,0.00,0.00,0.000000,95.6,,,,,,
1776548014.704978,2087,95.8,track,ekf,,620,536,-0.540107,4.755308,18.903753,-0.002365,0.021430,0.082876,115.41920155979774,,0.00,0.00,0.00,0.000000,97.2,,,,,,
1776548014.802577,2088,97.6,track,ekf,,620,536,-0.538612,4.741768,18.851467,-0.002352,0.020874,0.082463,115.42410904582385,,0.00,0.00,0.00,0.000000,96.9,,,,,,
1776548014.899737,2089,97.2,track,ekf,,620,537,-0.562871,4.959895,19.700279,-0.002542,0.027087,0.088600,115.35288956803446,,0.00,0.00,0.00,0.000000,98.0,,,,,,
1776548014.998084,2090,98.3,track,ekf,,620,536,-0.576227,5.076801,20.167794,-0.002658,0.026993,0.092839,114.79120671487331,,0.00,0.00,0.00,0.000000,128.3,,,,,,
1776548015.126640,2091,128.6,track,ekf,,620,536,-0.582361,5.130185,20.382541,-0.002711,0.026405,0.094852,114.75582352602247,,0.00,0.00,0.00,0.000000,97.6,,,,,,
1776548015.224504,2092,97.9,track,ekf,,620,536,-0.583576,5.140180,20.425134,-0.002723,0.025579,0.095371,114.84690125283863,,0.00,0.00,0.00,0.000000,94.3,,,,,,
1776548015.319016,2093,94.5,track,ekf,,620,536,-0.581985,5.125500,20.369522,-0.002710,0.024663,0.095015,114.91010493261972,,0.00,0.00,0.00,0.000000,92.9,,,,,,
1776548015.412200,2094,93.2,track,ekf,,620,536,-0.578964,5.098267,20.263832,-0.002684,0.023758,0.094198,114.86814032399919,,0.00,0.00,0.00,0.000000,91.1,,,,,,
1776548015.503695,2095,91.5,track,ekf,,620,536,-0.575461,5.066842,20.141258,-0.002655,0.022930,0.093210,114.70053753662131,,0.00,0.00,0.00,0.000000,126.6,,,,,,
1776548015.630676,2096,127.0,track,ekf,,620,536,-0.572144,5.037075,20.025202,-0.002626,0.022198,0.092227,114.43981271017734,,0.00,0.00,0.00,0.000000,98.0,,,,,,
1776548015.728845,2097,98.2,track,ekf,,620,536,-0.569331,5.011825,19.926763,-0.002602,0.021617,0.091393,114.07927236883327,,0.00,0.00,0.00,0.000000,96.6,,,,,,
1776548015.825754,2098,96.9,track,ekf,,620,536,-0.567247,4.993059,19.853832,-0.002584,0.021186,0.090756,113.69635020954891,,0.00,0.00,0.00,0.000000,99.9,,,,,,
1776548015.925928,2099,100.2,track,ekf,,620,536,-0.565902,4.980855,19.806762,-0.002572,0.020888,0.090319,113.33646327373448,,0.00,0.00,0.00,0.000000,97.2,,,,,,
1776548016.023425,2100,97.5,track,ekf,,620,536,-0.565181,4.974204,19.781538,-0.002565,0.020702,0.090056,113.02639102974608,,0.00,0.00,0.00,0.000000,128.5,,,,,,
1776548016.152251,2101,128.8,detect,ekf,,620,536,-0.565112,4.973285,19.779117,-0.002563,0.020619,0.089949,112.80772233798449,,0.00,0.00,0.00,0.000000,239.9,,,,,,
1776548016.392390,2102,240.1,track,ekf,,620,536,-0.565989,4.980571,19.809791,-0.002567,0.020683,0.090015,112.76260954033695,,0.00,0.00,0.00,0.000000,90.6,,,,,,
1776548016.483232,2103,90.8,track,ekf,,620,536,-0.566533,4.985256,19.828823,-0.002570,0.020771,0.090092,112.68562408181096,,0.00,0.00,0.00,0.000000,92.1,,,,,,
1776548016.575545,2104,92.3,track,ekf,,620,536,-0.567071,4.989897,19.847611,-0.002573,0.020870,0.090162,112.68190249996466,,0.00,0.00,0.00,0.000000,90.5,,,,,,
1776548016.666299,2105,90.8,track,ekf,,620,536,-0.567555,4.994087,19.864524,-0.002576,0.020975,0.090216,112.72199186868671,,0.00,0.00,0.00,0.000000,118.8,,,,,,
1776548016.785422,2106,119.1,track,ekf,,620,536,-0.568052,4.998372,19.881893,-0.002578,0.021095,0.090246,112.81783743969184,,0.00,0.00,0.00,0.000000,90.7,,,,,,
1776548016.876408,2107,91.0,track,ekf,,620,536,-0.568385,5.001280,19.893556,-0.002578,0.021208,0.090250,112.90090762542849,,0.00,0.00,0.00,0.000000,92.3,,,,,,
1776548016.969068,2108,92.7,track,ekf,,620,536,-0.568639,5.003492,19.902419,-0.002578,0.021317,0.090227,112.99036379939687,,0.00,0.00,0.00,0.000000,90.8,,,,,,
1776548017.060089,2109,91.0,track,ekf,,620,536,-0.568814,5.005021,19.908520,-0.002578,0.021419,0.090183,113.07676236462291,,0.00,0.00,0.00,0.000000,90.7,,,,,,
1776548017.151076,2110,91.0,track,ekf,,620,536,-0.568926,5.006004,19.912420,-0.002576,0.021516,0.090121,113.15788548851546,,0.00,0.00,0.00,0.000000,119.5,,,,,,
1776548017.270886,2111,119.8,track,ekf,,620,536,-0.569043,5.007020,19.916512,-0.002575,0.021614,0.090036,113.25792687117084,,0.00,0.00,0.00,0.000000,86.6,,,,,,
1776548017.357743,2112,86.9,track,ekf,,620,536,-0.569043,5.007046,19.916512,-0.002572,0.021703,0.089944,113.31804502137706,,0.00,0.00,0.00,0.000000,91.2,,,,,,
1776548017.449298,2113,91.6,track,ekf,,620,536,-0.569034,5.006989,19.916185,-0.002570,0.021784,0.089847,113.37500060578546,,0.00,0.00,0.00,0.000000,91.7,,,,,,
1776548017.541368,2114,92.1,track,ekf,,620,536,-0.569017,5.006861,19.915567,-0.002567,0.021859,0.089749,113.4259317364064,,0.00,0.00,0.00,0.000000,88.6,,,,,,
1776548017.630213,2115,88.8,track,ekf,,620,536,-0.568994,5.006685,19.914744,-0.002564,0.021927,0.089653,113.4691159383877,,0.00,0.00,0.00,0.000000,123.1,,,,,,
1776548017.753600,2116,123.4,track,ekf,,620,536,-0.569052,5.007214,19.916773,-0.002562,0.021996,0.089555,113.53980691832699,,0.00,0.00,0.00,0.000000,88.1,,,,,,
1776548017.842094,2117,88.5,track,ekf,,620,536,-0.569043,5.007169,19.916440,-0.002559,0.022057,0.089465,113.57612562364241,,0.00,0.00,0.00,0.000000,93.5,,,,,,
1776548017.935804,2118,93.7,track,ekf,,620,536,-0.569069,5.007437,19.917363,-0.002557,0.022111,0.089385,113.61812776138879,,0.00,0.00,0.00,0.000000,92.1,,,,,,
1776548018.028174,2119,92.4,track,ekf,,620,536,-0.569117,5.007893,19.919041,-0.002555,0.022160,0.089314,113.66099142394165,,0.00,0.00,0.00,0.000000,92.8,,,,,,
1776548018.121192,2120,93.0,track,ekf,,620,536,-0.569192,5.008585,19.921660,-0.002553,0.022205,0.089252,113.70768515485561,,0.00,0.00,0.00,0.000000,123.1,,,,,,
1776548018.244614,2121,123.4,track,ekf,,620,536,-0.569364,5.010130,19.927691,-0.002551,0.022247,0.089197,113.78658131843247,,0.00,0.00,0.00,0.000000,86.8,,,,,,
1776548018.331691,2122,87.1,track,ekf,,620,536,-0.569471,5.011100,19.931412,-0.002550,0.022284,0.089151,113.83552579055666,,0.00,0.00,0.00,0.000000,89.3,,,,,,
1776548018.421205,2123,89.5,track,ekf,,620,536,-0.569606,5.012320,19.936148,-0.002548,0.022315,0.089115,113.89191946224847,,0.00,0.00,0.00,0.000000,89.4,,,,,,
1776548018.511009,2124,89.8,track,ekf,,620,536,-0.569761,5.013716,19.941593,-0.002547,0.022342,0.089085,113.95346615057132,,0.00,0.00,0.00,0.000000,91.9,,,,,,
1776548018.603298,2125,92.3,track,ekf,,620,536,-0.569940,5.015310,19.947833,-0.002546,0.022366,0.089061,114.02193753481419,,0.00,0.00,0.00,0.000000,123.3,,,,,,
1776548018.727069,2126,123.8,track,ekf,,620,536,-0.570212,5.017728,19.957355,-0.002546,0.022387,0.089043,114.12496877861335,,0.00,0.00,0.00,0.000000,92.7,,,,,,
1776548018.819946,2127,92.9,track,ekf,,620,536,-0.570417,5.019556,19.964540,-0.002545,0.022405,0.089029,114.20194036392733,,0.00,0.00,0.00,0.000000,91.1,,,,,,
1776548018.911272,2128,91.3,track,ekf,,620,536,-0.570627,5.021428,19.971910,-0.002545,0.022419,0.089018,114.28068512409766,,0.00,0.00,0.00,0.000000,92.9,,,,,,
1776548019.004408,2129,93.1,track,ekf,,620,536,-0.570849,5.023400,19.979687,-0.002544,0.022430,0.089011,114.36388983767414,,0.00,0.00,0.00,0.000000,92.2,,,,,,
1776548019.096805,2130,92.4,track,ekf,,620,536,-0.571075,5.025400,19.987582,-0.002544,0.022439,0.089006,114.44854817910992,,0.00,0.00,0.00,0.000000,120.3,,,,,,
1776548019.217395,2131,120.6,detect,ekf,,620,536,-0.571376,5.028067,19.998129,-0.002544,0.022445,0.089003,114.56241923736209,,0.00,0.00,0.00,0.000000,243.3,,,,,,
1776548019.460994,2132,243.6,track,ekf,,620,536,-0.571994,5.033526,20.019759,-0.002543,0.022449,0.089001,114.79773942640811,,0.00,0.00,0.00,0.000000,92.1,,,,,,
1776548019.553434,2133,92.4,track,ekf,,620,536,-0.572229,5.035599,20.027972,-0.002543,0.022450,0.089001,114.88695901899688,,0.00,0.00,0.00,0.000000,91.4,,,,,,
1776548019.645191,2134,91.8,track,ekf,,620,536,-0.572462,5.037659,20.036139,-0.002543,0.022450,0.089001,114.97595235433052,,0.00,0.00,0.00,0.000000,92.4,,,,,,
1776548019.737915,2135,92.7,track,ekf,,620,536,-0.572698,5.039740,20.044396,-0.002543,0.022449,0.089001,115.0661192019676,,0.00,0.00,0.00,0.000000,120.2,,,,,,
1776548019.858382,2136,120.5,track,ekf,,620,536,-0.573004,5.042441,20.055118,-0.002543,0.022446,0.089002,115.18339673211388,,0.00,0.00,0.00,0.000000,95.2,,,,,,
1776548019.953787,2137,95.4,track,ekf,,620,536,-0.573246,5.044577,20.063600,-0.002543,0.022443,0.089003,115.27627018306832,,0.00,0.00,0.00,0.000000,91.7,,,,,,
1776548020.045740,2138,92.0,track,ekf,,620,536,-0.573479,5.046633,20.071766,-0.002543,0.022440,0.089003,115.3657304210622,,0.00,0.00,0.00,0.000000,91.6,,,,,,
1776548020.137534,2139,91.8,track,ekf,,620,536,-0.573712,5.048682,20.079910,-0.002543,0.022436,0.089004,115.45496487351768,,0.00,0.00,0.00,0.000000,89.9,,,,,,
1776548020.227654,2140,90.1,track,ekf,,620,536,-0.573940,5.050691,20.087897,-0.002543,0.022432,0.089005,115.54249650920504,,0.00,0.00,0.00,0.000000,117.6,,,,,,
1776548020.345497,2141,117.8,track,ekf,,620,536,-0.574238,5.053319,20.098342,-0.002543,0.022428,0.089005,115.65696095348947,,0.00,0.00,0.00,0.000000,89.0,,,,,,
1776548020.434724,2142,89.2,track,ekf,,620,536,-0.574464,5.055304,20.106237,-0.002543,0.022424,0.089006,115.74347724336182,,0.00,0.00,0.00,0.000000,90.8,,,,,,
1776548020.525855,2143,91.1,track,ekf,,620,536,-0.574694,5.057331,20.114300,-0.002543,0.022420,0.089007,115.83183436131395,,0.00,0.00,0.00,0.000000,91.3,,,,,,
1776548020.617394,2144,91.5,track,ekf,,620,536,-0.574926,5.059367,20.122400,-0.002543,0.022416,0.089007,115.92059171318031,,0.00,0.00,0.00,0.000000,90.2,,,,,,
1776548020.707969,2145,90.6,track,ekf,,620,536,-0.575155,5.061381,20.130415,-0.002543,0.022412,0.089008,116.00843212144028,,0.00,0.00,0.00,0.000000,122.7,,,,,,
1776548020.831131,2146,123.2,track,ekf,,620,536,-0.575466,5.064125,20.141330,-0.002543,0.022408,0.089008,116.12812274583843,,0.00,0.00,0.00,0.000000,92.3,,,,,,
1776548020.923623,2147,92.5,track,ekf,,620,536,-0.575700,5.066183,20.149519,-0.002543,0.022404,0.089009,116.21790934649732,,0.00,0.00,0.00,0.000000,91.3,,,,,,
1776548021.015174,2148,91.6,track,ekf,,620,536,-0.575932,5.068221,20.157629,-0.002543,0.022401,0.089009,116.30686173413662,,0.00,0.00,0.00,0.000000,90.3,,,,,,
1776548021.105747,2149,90.6,track,ekf,,620,536,-0.576161,5.070238,20.165657,-0.002543,0.022398,0.089010,116.39494719531328,,0.00,0.00,0.00,0.000000,91.9,,,,,,
1776548021.197900,2150,92.2,track,ekf,,620,536,-0.576395,5.072292,20.173830,-0.002543,0.022395,0.089010,116.48467151114117,,0.00,0.00,0.00,0.000000,118.2,,,,,,
1776548021.316395,2151,118.5,track,ekf,,620,536,-0.576696,5.074936,20.184351,-0.002543,0.022392,0.089011,116.60028146879378,,0.00,0.00,0.00,0.000000,85.9,,,,,,
1776548021.402544,2152,86.1,track,ekf,,620,536,-0.576914,5.076857,20.191998,-0.002543,0.022390,0.089011,116.68431339035293,,0.00,0.00,0.00,0.000000,89.1,,,,,,
1776548021.491862,2153,89.3,track,ekf,,620,536,-0.577141,5.078850,20.199931,-0.002543,0.022388,0.089011,116.77154424684133,,0.00,0.00,0.00,0.000000,93.4,,,,,,
1776548021.585571,2154,93.7,track,ekf,,620,536,-0.577379,5.080943,20.208258,-0.002543,0.022386,0.089012,116.86316884985374,,0.00,0.00,0.00,0.000000,90.2,,,,,,
1776548021.676208,2155,90.6,track,ekf,,620,536,-0.577609,5.082967,20.216315,-0.002543,0.022385,0.089012,116.95186632374006,,0.00,0.00,0.00,0.000000,121.6,,,,,,
1776548021.798100,2156,121.9,track,ekf,,620,536,-0.577919,5.085692,20.227156,-0.002543,0.022383,0.089012,117.07131981564923,,0.00,0.00,0.00,0.000000,92.4,,,,,,
1776548021.890868,2157,92.8,track,ekf,,620,536,-0.578154,5.087766,20.235407,-0.002543,0.022382,0.089012,117.162269090052,,0.00,0.00,0.00,0.000000,92.0,,,,,,
1776548021.984839,2158,94.0,track,ekf,,620,536,-0.578393,5.089867,20.243767,-0.002543,0.022381,0.089013,117.25446884579193,,0.00,0.00,0.00,0.000000,92.6,,,,,,
1776548022.077706,2159,92.9,track,ekf,,620,536,-0.578629,5.091943,20.252030,-0.002543,0.022380,0.089013,117.34564671647328,,0.00,0.00,0.00,0.000000,92.1,,,,,,
1776548022.170070,2160,92.4,track,ekf,,620,536,-0.578864,5.094009,20.260249,-0.002543,0.022379,0.089013,117.43638741453003,,0.00,0.00,0.00,0.000000,122.2,,,,,,
1776548022.292545,2161,122.5,detect,ekf,,620,536,-0.579176,5.096749,20.271149,-0.002543,0.022379,0.089013,117.5568031794876,,0.00,0.00,0.00,0.000000,247.1,,,,,,
1776548022.539989,2162,247.4,track,ekf,,620,536,-0.579805,5.102286,20.293174,-0.002543,0.022378,0.089013,117.80033747047679,,0.00,0.00,0.00,0.000000,91.2,,,,,,
1776548022.631486,2163,91.5,track,ekf,,620,536,-0.580038,5.104333,20.301318,-0.002543,0.022378,0.089013,117.8904414265969,,0.00,0.00,0.00,0.000000,91.5,,,,,,
1776548022.723402,2164,91.9,track,ekf,,620,536,-0.580271,5.106389,20.309500,-0.002543,0.022378,0.089013,117.98099814820824,,0.00,0.00,0.00,0.000000,90.7,,,,,,
1776548022.814312,2165,90.9,track,ekf,,620,536,-0.580503,5.108424,20.317592,-0.002543,0.022378,0.089013,118.07060264999248,,0.00,0.00,0.00,0.000000,121.5,,,,,,
1776548022.936103,2166,121.8,track,ekf,,620,536,-0.580812,5.111149,20.328433,-0.002543,0.022378,0.089013,118.1907029214724,,0.00,0.00,0.00,0.000000,89.8,,,,,,
1776548023.026072,2167,90.0,track,ekf,,620,536,-0.581041,5.113162,20.336441,-0.002543,0.022378,0.089013,118.27945991588737,,0.00,0.00,0.00,0.000000,91.6,,,,,,
1776548023.117974,2168,91.9,track,ekf,,620,536,-0.581275,5.115219,20.344622,-0.002543,0.022378,0.089013,118.37015928983753,,0.00,0.00,0.00,0.000000,89.8,,,,,,
1776548023.208073,2169,90.1,track,ekf,,620,536,-0.581504,5.117235,20.352642,-0.002543,0.022378,0.089013,118.45911318823144,,0.00,0.00,0.00,0.000000,87.9,,,,,,
1776548023.296257,2170,88.2,track,ekf,,620,536,-0.581728,5.119209,20.360491,-0.002543,0.022378,0.089013,118.54620704318846,,0.00,0.00,0.00,0.000000,118.3,,,,,,
1776548023.414837,2171,118.6,track,ekf,,620,536,-0.582030,5.121862,20.371046,-0.002543,0.022378,0.089013,118.66337435461939,,0.00,0.00,0.00,0.000000,87.4,,,,,,
1776548023.502475,2172,87.6,track,ekf,,620,536,-0.582253,5.123824,20.378847,-0.002543,0.022378,0.089013,118.75000219242865,,0.00,0.00,0.00,0.000000,90.7,,,,,,
1776548023.593379,2173,90.9,track,ekf,,620,536,-0.582484,5.125858,20.386939,-0.002543,0.022378,0.089013,118.83989191496104,,0.00,0.00,0.00,0.000000,92.9,,,,,,
1776548023.686728,2174,93.3,track,ekf,,620,536,-0.582721,5.127947,20.395248,-0.002543,0.022379,0.089013,118.93223391567484,,0.00,0.00,0.00,0.000000,89.7,,,,,,
1776548023.776914,2175,90.2,track,ekf,,620,536,-0.582951,5.129966,20.403275,-0.002543,0.022379,0.089013,119.02148019197114,,0.00,0.00,0.00,0.000000,122.4,,,,,,
1776548023.899601,2176,122.7,track,ekf,,620,536,-0.583263,5.132711,20.414196,-0.002543,0.022379,0.089013,119.14294511714348,,0.00,0.00,0.00,0.000000,91.6,,,,,,
1776548023.991548,2177,91.9,track,ekf,,620,536,-0.583497,5.134769,20.422380,-0.002543,0.022379,0.089013,119.23401331286962,,0.00,0.00,0.00,0.000000,90.4,,,,,,
1776548024.082140,2178,90.6,track,ekf,,620,536,-0.583727,5.136797,20.430444,-0.002543,0.022379,0.089013,119.32377398583398,,0.00,0.00,0.00,0.000000,96.1,,,,,,
1776548024.178516,2179,96.4,track,ekf,,620,536,-0.583972,5.138953,20.439023,-0.002543,0.022379,0.089013,119.41930220539972,,0.00,0.00,0.00,0.000000,94.4,,,,,,
1776548024.273122,2180,94.6,track,ekf,,620,536,-0.584213,5.141071,20.447444,-0.002543,0.022379,0.089013,119.5131137125267,,0.00,0.00,0.00,0.000000,128.9,,,,,,
1776548024.402322,2181,129.2,track,ekf,,620,536,-0.584541,5.143962,20.458944,-0.002543,0.022380,0.089013,119.64129029670686,,0.00,0.00,0.00,0.000000,96.0,,,,,,
1776548024.498573,2182,96.3,track,ekf,,620,536,-0.584786,5.146117,20.467511,-0.002543,0.022380,0.089013,119.73682109839832,,0.00,0.00,0.00,0.000000,96.0,,,,,,
1776548024.594833,2183,96.3,track,ekf,,620,536,-0.585031,5.148271,20.476080,-0.002543,0.022380,0.089013,119.83239776086324,,0.00,0.00,0.00,0.000000,97.3,,,,,,
1776548024.692413,2184,97.6,track,ekf,,620,536,-0.585279,5.150455,20.484765,-0.002543,0.022380,0.089013,119.92932527363372,,0.00,0.00,0.00,0.000000,98.1,,,,,,
1776548024.790740,2185,98.3,track,ekf,,620,536,-0.585529,5.152655,20.493518,-0.002543,0.022380,0.089013,120.02703328820745,,0.00,0.00,0.00,0.000000,127.1,,,,,,
1776548024.918171,2186,127.4,track,ekf,,620,536,-0.585853,5.155507,20.504861,-0.002543,0.022380,0.089013,120.15372374513123,,0.00,0.00,0.00,0.000000,96.4,,,,,,
1776548025.015049,2187,96.9,track,ekf,,620,536,-0.586100,5.157676,20.513484,-0.002543,0.022380,0.089013,120.25008062499447,,0.00,0.00,0.00,0.000000,97.9,,,,,,
1776548025.113344,2188,98.3,track,ekf,,620,536,-0.586350,5.159876,20.522233,-0.002543,0.022380,0.089013,120.34788612520987,,0.00,0.00,0.00,0.000000,98.2,,,,,,
1776548025.211812,2189,98.5,track,ekf,,620,536,-0.586600,5.162079,20.530998,-0.002543,0.022380,0.089013,120.44590360182596,,0.00,0.00,0.00,0.000000,95.3,,,,,,
1776548025.307528,2190,95.7,track,ekf,,620,536,-0.586843,5.164221,20.539518,-0.002543,0.022380,0.089013,120.54121899928995,,0.00,0.00,0.00,0.000000,125.5,,,,,,
1776548025.433388,2191,125.9,detect,ekf,,620,536,-0.587163,5.167038,20.550721,-0.002543,0.022380,0.089013,120.6666102551719,,0.00,0.00,0.00,0.000000,270.8,,,,,,
1776548025.704379,2192,271.0,track,ekf,,620,536,-0.587853,5.173103,20.574843,-0.002543,0.022380,0.089013,120.93682104155216,,0.00,0.00,0.00,0.000000,95.0,,,,,,
1776548025.799629,2193,95.3,track,ekf,,620,536,-0.588095,5.175235,20.583321,-0.002543,0.022380,0.089013,121.03185890521657,,0.00,0.00,0.00,0.000000,98.2,,,,,,
1776548025.898044,2194,98.4,track,ekf,,620,536,-0.588345,5.177438,20.592082,-0.002543,0.022380,0.089013,121.13009418992743,,0.00,0.00,0.00,0.000000,96.3,,,,,,
1776548025.994572,2195,96.5,track,ekf,,620,536,-0.588591,5.179598,20.600674,-0.002543,0.022380,0.089013,121.22648411138938,,0.00,0.00,0.00,0.000000,127.6,,,,,,
1776548026.122450,2196,127.9,track,ekf,,620,536,-0.588916,5.182460,20.612057,-0.002543,0.022380,0.089013,121.35424155458693,,0.00,0.00,0.00,0.000000,96.7,,,,,,
1776548026.219416,2197,97.0,track,ekf,,620,536,-0.589163,5.184630,20.620688,-0.002543,0.022380,0.089013,121.45115720885693,,0.00,0.00,0.00,0.000000,91.1,,,,,,
1776548026.310730,2198,91.3,track,ekf,,620,536,-0.589395,5.186674,20.628816,-0.002543,0.022380,0.089013,121.5424584145129,,0.00,0.00,0.00,0.000000,94.2,,,,,,
1776548026.405237,2199,94.5,track,ekf,,620,536,-0.589635,5.188789,20.637228,-0.002543,0.022380,0.089013,121.63698959106512,,0.00,0.00,0.00,0.000000,97.5,,,,,,
1776548026.503103,2200,97.9,track,ekf,,620,536,-0.589884,5.190979,20.645939,-0.002543,0.022380,0.089013,121.7349179331493,,0.00,0.00,0.00,0.000000,125.5,,,,,,
1776548026.628919,2201,125.8,track,ekf,,620,536,-0.590204,5.193795,20.657139,-0.002543,0.022380,0.089013,121.86087283121647,,0.00,0.00,0.00,0.000000,94.5,,,,,,
1776548026.723699,2202,94.8,track,ekf,,620,536,-0.590445,5.195916,20.665575,-0.002543,0.022380,0.089013,121.95579774766854,,0.00,0.00,0.00,0.000000,96.2,,,,,,
1776548026.820193,2203,96.5,track,ekf,,620,536,-0.590690,5.198076,20.674164,-0.002543,0.022380,0.089013,122.05247673440068,,0.00,0.00,0.00,0.000000,96.5,,,,,,
1776548026.917048,2204,96.9,track,ekf,,620,536,-0.590937,5.200243,20.682786,-0.002543,0.022380,0.089013,122.14955519126636,,0.00,0.00,0.00,0.000000,97.3,,,,,,
1776548027.014668,2205,97.6,track,ekf,,620,536,-0.591185,5.202428,20.691475,-0.002543,0.022380,0.089013,122.24743880850039,,0.00,0.00,0.00,0.000000,127.5,,,,,,
1776548027.142470,2206,127.8,track,ekf,,620,536,-0.591510,5.205288,20.702851,-0.002543,0.022380,0.089013,122.37564591311461,,0.00,0.00,0.00,0.000000,96.6,,,,,,
1776548027.239320,2207,96.9,track,ekf,,620,536,-0.591756,5.207456,20.711472,-0.002543,0.022380,0.089013,122.4728452374271,,0.00,0.00,0.00,0.000000,93.2,,,,,,
1776548027.332906,2208,93.6,track,ekf,,620,536,-0.591994,5.209550,20.719802,-0.002543,0.022380,0.089013,122.56680330794879,,0.00,0.00,0.00,0.000000,95.6,,,,,,
1776548027.428767,2209,95.9,track,ekf,,620,536,-0.592238,5.211696,20.728335,-0.002543,0.022380,0.089013,122.66308313828073,,0.00,0.00,0.00,0.000000,95.0,,,,,,
1776548027.523998,2210,95.2,track,ekf,,620,536,-0.592480,5.213827,20.736812,-0.002543,0.022380,0.089013,122.75876661613681,,0.00,0.00,0.00,0.000000,127.6,,,,,,
1776548027.651864,2211,127.9,track,ekf,,620,536,-0.592806,5.216689,20.748194,-0.002543,0.022380,0.089013,122.88729846235145,,0.00,0.00,0.00,0.000000,96.6,,,,,,
1776548027.748748,2212,96.9,track,ekf,,620,536,-0.593052,5.218857,20.756818,-0.002543,0.022380,0.089013,122.98472972900733,,0.00,0.00,0.00,0.000000,95.7,,,,,,
1776548027.844677,2213,95.9,track,ekf,,620,536,-0.593296,5.221004,20.765357,-0.002543,0.022380,0.089013,123.08123733966154,,0.00,0.00,0.00,0.000000,96.7,,,,,,
1776548027.941750,2214,97.1,track,ekf,,620,536,-0.593543,5.223176,20.773997,-0.002543,0.022380,0.089013,123.17893323584052,,0.00,0.00,0.00,0.000000,98.9,,,,,,
1776548028.040956,2215,99.2,track,ekf,,620,536,-0.593795,5.225397,20.782828,-0.002543,0.022380,0.089013,123.2788156235159,,0.00,0.00,0.00,0.000000,126.1,,,,,,
1776548028.167417,2216,126.5,track,ekf,,620,536,-0.594117,5.228227,20.794084,-0.002543,0.022380,0.089013,123.40619635100043,,0.00,0.00,0.00,0.000000,96.7,,,,,,
1776548028.264397,2217,97.0,track,ekf,,620,536,-0.594363,5.230397,20.802717,-0.002543,0.022380,0.089013,123.50392428967776,,0.00,0.00,0.00,0.000000,96.0,,,,,,
1776548028.360771,2218,96.4,track,ekf,,620,536,-0.594608,5.232554,20.811296,-0.002543,0.022380,0.089013,123.60107856627872,,0.00,0.00,0.00,0.000000,96.9,,,,,,
1776548028.457968,2219,97.2,track,ekf,,620,536,-0.594856,5.234730,20.819947,-0.002543,0.022380,0.089013,123.69909931358033,,0.00,0.00,0.00,0.000000,96.9,,,,,,
1776548028.555212,2220,97.2,track,ekf,,620,536,-0.595103,5.236906,20.828603,-0.002543,0.022380,0.089013,123.79720574445335,,0.00,0.00,0.00,0.000000,124.2,,,,,,
1776548028.679698,2221,124.5,detect,ekf,,620,536,-0.595420,5.239692,20.839684,-0.002543,0.022380,0.089013,123.9228536018885,,0.00,0.00,0.00,0.000000,258.9,,,,,,
1776548028.938788,2222,259.1,track,ekf,,620,536,-0.596078,5.245491,20.862746,-0.002543,0.022380,0.089013,124.18456652545896,,0.00,0.00,0.00,0.000000,97.5,,,,,,
1776548029.036526,2223,97.7,track,ekf,,620,536,-0.596327,5.247678,20.871446,-0.002543,0.022380,0.089013,124.28335576850937,,0.00,0.00,0.00,0.000000,99.1,,,,,,
1776548029.135920,2224,99.4,track,ekf,,620,536,-0.596580,5.249902,20.880294,-0.002543,0.022380,0.089013,124.38385942882446,,0.00,0.00,0.00,0.000000,96.0,,,,,,
1776548029.232238,2225,96.3,track,ekf,,620,536,-0.596825,5.252058,20.888867,-0.002543,0.022380,0.089013,124.48128980555398,,0.00,0.00,0.00,0.000000,126.9,,,,,,
1776548029.359346,2226,127.1,track,ekf,,620,536,-0.597148,5.254903,20.900181,-0.002543,0.022380,0.089013,124.60992600697527,,0.00,0.00,0.00,0.000000,96.3,,,,,,
1776548029.455883,2227,96.5,track,ekf,,620,536,-0.597394,5.257063,20.908774,-0.002543,0.022380,0.089013,124.70766430869105,,0.00,0.00,0.00,0.000000,96.0,,,,,,
1776548029.552198,2228,96.3,track,ekf,,620,536,-0.597639,5.259219,20.917348,-0.002543,0.022380,0.089013,124.80521519468779,,0.00,0.00,0.00,0.000000,95.5,,,,,,
1776548029.647885,2229,95.7,track,ekf,,620,536,-0.597882,5.261360,20.925865,-0.002543,0.022380,0.089013,124.9021672882685,,0.00,0.00,0.00,0.000000,96.9,,,,,,
1776548029.745255,2230,97.4,track,ekf,,620,536,-0.598129,5.263540,20.934532,-0.002543,0.022380,0.089013,125.00086211077719,,0.00,0.00,0.00,0.000000,126.1,,,,,,
1776548029.871614,2231,126.4,track,ekf,,620,536,-0.598451,5.266367,20.945780,-0.002543,0.022380,0.089013,125.12899838084881,,0.00,0.00,0.00,0.000000,92.4,,,,,,
1776548029.964309,2232,92.7,track,ekf,,620,536,-0.598687,5.268442,20.954031,-0.002543,0.022380,0.089013,125.22303523553697,,0.00,0.00,0.00,0.000000,92.0,,,,,,
1776548030.056635,2233,92.3,track,ekf,,620,536,-0.598921,5.270508,20.962249,-0.002543,0.022380,0.089013,125.31673177850229,,0.00,0.00,0.00,0.000000,97.2,,,,,,
1776548030.154057,2234,97.4,track,ekf,,620,536,-0.599169,5.272689,20.970921,-0.002543,0.022380,0.089013,125.41563767603901,,0.00,0.00,0.00,0.000000,96.1,,,,,,
1776548030.250615,2235,96.6,track,ekf,,620,536,-0.599415,5.274850,20.979516,-0.002543,0.022380,0.089013,125.51370354404324,,0.00,0.00,0.00,0.000000,126.3,,,,,,
1776548030.377203,2236,126.6,track,ekf,,620,536,-0.599737,5.277683,20.990784,-0.002543,0.022380,0.089013,125.64232629106951,,0.00,0.00,0.00,0.000000,98.2,,,,,,
1776548030.475792,2237,98.6,track,ekf,,620,536,-0.599987,5.279889,20.999559,-0.002543,0.022380,0.089013,125.74254262500023,,0.00,0.00,0.00,0.000000,97.1,,,,,,
1776548030.573139,2238,97.3,track,ekf,,620,536,-0.600235,5.282068,21.008224,-0.002543,0.022380,0.089013,125.84153332763022,,0.00,0.00,0.00,0.000000,96.8,,,,,,
1776548030.670128,2239,97.0,track,ekf,,620,536,-0.600482,5.284238,21.016858,-0.002543,0.022380,0.089013,125.94019796659178,,0.00,0.00,0.00,0.000000,97.6,,,,,,
1776548030.767992,2240,97.9,track,ekf,,620,536,-0.600731,5.286429,21.025569,-0.002543,0.022380,0.089013,126.0397908216852,,0.00,0.00,0.00,0.000000,126.8,,,,,,
1776548030.895054,2241,127.1,track,ekf,,620,536,-0.601054,5.289272,21.036879,-0.002543,0.022380,0.089013,126.16915543622292,,0.00,0.00,0.00,0.000000,96.0,,,,,,
1776548030.991377,2242,96.3,track,ekf,,620,536,-0.601299,5.291428,21.045453,-0.002543,0.022380,0.089013,126.26726437511088,,0.00,0.00,0.00,0.000000,96.3,,,,,,
1776548031.087871,2243,96.5,track,ekf,,620,536,-0.601544,5.293588,21.054042,-0.002543,0.022380,0.089013,126.36558456681996,,0.00,0.00,0.00,0.000000,101.0,,,,,,
1776548031.189093,2244,101.2,track,ekf,,620,536,-0.601801,5.295853,21.063052,-0.002543,0.022380,0.089013,126.46876204618674,,0.00,0.00,0.00,0.000000,97.3,,,,,,
1776548031.286779,2245,97.7,track,ekf,,620,536,-0.602050,5.298039,21.071747,-0.002543,0.022380,0.089013,126.56837432737315,,0.00,0.00,0.00,0.000000,126.0,,,,,,
1776548031.413106,2246,126.3,track,ekf,,620,536,-0.602371,5.300867,21.082992,-0.002543,0.022380,0.089013,126.6972493529212,,0.00,0.00,0.00,0.000000,94.6,,,,,,
1776548031.507967,2247,94.9,track,ekf,,620,536,-0.602612,5.302990,21.091436,-0.002543,0.022380,0.089013,126.7940625244569,,0.00,0.00,0.00,0.000000,98.0,,,,,,
1776548031.606205,2248,98.2,track,ekf,,620,536,-0.602862,5.305188,21.100180,-0.002543,0.022380,0.089013,126.89436094923032,,0.00,0.00,0.00,0.000000,96.9,,,,,,
1776548031.703356,2249,97.2,track,ekf,,620,536,-0.603109,5.307362,21.108828,-0.002543,0.022380,0.089013,126.99358582333626,,0.00,0.00,0.00,0.000000,96.8,,,,,,
1776548031.800578,2250,97.2,track,ekf,,620,536,-0.603357,5.309538,21.117482,-0.002543,0.022380,0.089013,127.0929213059812,,0.00,0.00,0.00,0.000000,128.7,,,,,,
1776548031.929607,2251,129.0,detect,ekf,,620,536,-0.603685,5.312426,21.128967,-0.002543,0.022380,0.089013,127.22481470546674,,0.00,0.00,0.00,0.000000,267.4,,,,,,
1776548032.197163,2252,267.6,track,ekf,,620,536,-0.604365,5.318414,21.152783,-0.002543,0.022380,0.089013,127.49852769705457,,0.00,0.00,0.00,0.000000,98.6,,,,,,
1776548032.296025,2253,98.9,track,ekf,,620,536,-0.604617,5.320627,21.161583,-0.002543,0.022380,0.089013,127.59972710123674,,0.00,0.00,0.00,0.000000,96.7,,,,,,
1776548032.393131,2254,97.1,track,ekf,,620,536,-0.604864,5.322800,21.170227,-0.002543,0.022380,0.089013,127.69916860497746,,0.00,0.00,0.00,0.000000,95.1,,,,,,
1776548032.488558,2255,95.4,track,ekf,,620,536,-0.605106,5.324936,21.178721,-0.002543,0.022380,0.089013,127.79692571070427,,0.00,0.00,0.00,0.000000,127.5,,,,,,
1776548032.616293,2256,127.7,track,ekf,,620,536,-0.605431,5.327794,21.190091,-0.002543,0.022380,0.089013,127.92784025637152,,0.00,0.00,0.00,0.000000,99.1,,,,,,
1776548032.715679,2257,99.4,track,ekf,,620,536,-0.605684,5.330019,21.198938,-0.002543,0.022380,0.089013,128.02974238361162,,0.00,0.00,0.00,0.000000,97.7,,,,,,
1776548032.813653,2258,98.0,track,ekf,,620,536,-0.605933,5.332211,21.207659,-0.002543,0.022380,0.089013,128.13023502904662,,0.00,0.00,0.00,0.000000,98.4,,,,,,
1776548032.912496,2259,98.8,track,ekf,,620,536,-0.606184,5.334423,21.216457,-0.002543,0.022380,0.089013,128.23165756882318,,0.00,0.00,0.00,0.000000,96.7,,,,,,
1776548033.009452,2260,97.0,track,ekf,,620,536,-0.606431,5.336593,21.225087,-0.002543,0.022380,0.089013,128.3311813143631,,0.00,0.00,0.00,0.000000,127.7,,,,,,
1776548033.137466,2261,128.0,track,ekf,,620,536,-0.606757,5.339458,21.236482,-0.002543,0.022380,0.089013,128.46264380575016,,0.00,0.00,0.00,0.000000,96.3,,,,,,
1776548033.234174,2262,96.7,track,ekf,,620,536,-0.607003,5.341623,21.245090,-0.002543,0.022380,0.089013,128.56199834443933,,0.00,0.00,0.00,0.000000,95.9,,,,,,
1776548033.330378,2263,96.2,track,ekf,,620,536,-0.607247,5.343776,21.253654,-0.002543,0.022380,0.089013,128.6608705833009,,0.00,0.00,0.00,0.000000,96.2,,,,,,
1776548033.426866,2264,96.5,track,ekf,,620,536,-0.607493,5.345935,21.262242,-0.002543,0.022380,0.089013,128.76007195497226,,0.00,0.00,0.00,0.000000,96.4,,,,,,
1776548033.523489,2265,96.6,track,ekf,,620,536,-0.607738,5.348098,21.270843,-0.002543,0.022380,0.089013,128.8594484512681,,0.00,0.00,0.00,0.000000,129.1,,,,,,
1776548033.652834,2266,129.3,track,ekf,,620,536,-0.608067,5.350992,21.282356,-0.002543,0.022380,0.089013,128.9925387853948,,0.00,0.00,0.00,0.000000,96.9,,,,,,
1776548033.750004,2267,97.2,track,ekf,,620,536,-0.608314,5.353167,21.291006,-0.002543,0.022380,0.089013,129.09256348348342,,0.00,0.00,0.00,0.000000,99.1,,,,,,
1776548033.849382,2268,99.4,track,ekf,,620,536,-0.608567,5.355391,21.299852,-0.002543,0.022380,0.089013,129.19489973283484,,0.00,0.00,0.00,0.000000,98.0,,,,,,
1776548033.947564,2269,98.2,track,ekf,,620,536,-0.608817,5.357589,21.308591,-0.002543,0.022380,0.089013,129.2960423358427,,0.00,0.00,0.00,0.000000,98.4,,,,,,
1776548034.046275,2270,98.7,track,ekf,,620,536,-0.609068,5.359798,21.317378,-0.002543,0.022380,0.089013,129.39776774112215,,0.00,0.00,0.00,0.000000,128.9,,,,,,
1776548034.175636,2271,129.4,track,ekf,,620,536,-0.609397,5.362693,21.328892,-0.002543,0.022380,0.089013,129.53113878400598,,0.00,0.00,0.00,0.000000,93.4,,,,,,
1776548034.269438,2272,93.8,track,ekf,,620,536,-0.609635,5.364792,21.337242,-0.002543,0.022380,0.089013,129.62788710461047,,0.00,0.00,0.00,0.000000,88.0,,,,,,
1776548034.357692,2273,88.3,track,ekf,,620,536,-0.609860,5.366767,21.345098,-0.002543,0.022380,0.089013,129.71894448030014,,0.00,0.00,0.00,0.000000,90.5,,,,,,
1776548034.448450,2274,90.8,track,ekf,,620,536,-0.610091,5.368799,21.353176,-0.002543,0.022380,0.089013,129.8126170920083,,0.00,0.00,0.00,0.000000,93.4,,,,,,
1776548034.542063,2275,93.6,track,ekf,,620,536,-0.610329,5.370894,21.361509,-0.002543,0.022380,0.089013,129.9092709292251,,0.00,0.00,0.00,0.000000,121.4,,,,,,
1776548034.663906,2276,121.8,track,ekf,,620,536,-0.610639,5.373621,21.372355,-0.002543,0.022380,0.089013,130.0351242827075,,0.00,0.00,0.00,0.000000,94.1,,,,,,
1776548034.758322,2277,94.4,track,ekf,,620,536,-0.610879,5.375734,21.380759,-0.002543,0.022380,0.089013,130.13268562647565,,0.00,0.00,0.00,0.000000,93.9,,,,,,
1776548034.852535,2278,94.2,track,ekf,,620,536,-0.611118,5.377842,21.389145,-0.002543,0.022380,0.089013,130.23007271521467,,0.00,0.00,0.00,0.000000,92.4,,,,,,
1776548034.945270,2279,92.7,track,ekf,,620,536,-0.611354,5.379918,21.397399,-0.002543,0.022380,0.089013,130.32596428002867,,0.00,0.00,0.00,0.000000,94.0,,,,,,
1776548035.039544,2280,94.3,track,ekf,,620,536,-0.611594,5.382027,21.405791,-0.002543,0.022380,0.089013,130.42348343542952,,0.00,0.00,0.00,0.000000,122.8,,,,,,
1776548035.162576,2281,123.0,detect,ekf,,620,536,-0.611907,5.384781,21.416743,-0.002543,0.022380,0.089013,130.55080333225342,,0.00,0.00,0.00,0.000000,273.9,,,,,,
1776548035.436786,2282,274.2,track,ekf,,620,536,-0.612604,5.390918,21.441151,-0.002543,0.022380,0.089013,130.83478984822926,,0.00,0.00,0.00,0.000000,93.2,,,,,,
1776548035.530417,2283,93.6,track,ekf,,620,536,-0.612842,5.393013,21.449485,-0.002543,0.022380,0.089013,130.93181799605344,,0.00,0.00,0.00,0.000000,92.8,,,,,,
1776548035.623448,2284,93.0,track,ekf,,620,536,-0.613079,5.395095,21.457766,-0.002543,0.022380,0.089013,131.0282593218918,,0.00,0.00,0.00,0.000000,90.1,,,,,,
1776548035.713710,2285,90.3,track,ekf,,620,536,-0.613309,5.397116,21.465800,-0.002543,0.022380,0.089013,131.1218624084718,,0.00,0.00,0.00,0.000000,121.1,,,,,,
1776548035.835086,2286,121.4,track,ekf,,620,536,-0.613617,5.399832,21.476604,-0.002543,0.022380,0.089013,131.24778397867726,,0.00,0.00,0.00,0.000000,89.5,,,,,,
1776548035.924812,2287,89.7,track,ekf,,620,536,-0.613845,5.401840,21.484591,-0.002543,0.022380,0.089013,131.34090521470813,,0.00,0.00,0.00,0.000000,90.0,,,,,,
1776548036.015226,2288,90.4,track,ekf,,620,536,-0.614075,5.403864,21.492639,-0.002543,0.022380,0.089013,131.43477185150206,,0.00,0.00,0.00,0.000000,90.7,,,,,,
1776548036.106311,2289,91.1,track,ekf,,620,536,-0.614307,5.405902,21.500747,-0.002543,0.022380,0.089013,131.52936814194794,,0.00,0.00,0.00,0.000000,90.3,,,,,,
1776548036.197025,2290,90.7,track,ekf,,620,536,-0.614538,5.407932,21.508822,-0.002543,0.022380,0.089013,131.62361078260264,,0.00,0.00,0.00,0.000000,118.4,,,,,,
1776548036.315739,2291,118.7,track,ekf,,620,536,-0.614840,5.410589,21.519389,-0.002543,0.022380,0.089013,131.74699313517493,,0.00,0.00,0.00,0.000000,88.2,,,,,,
1776548036.404189,2292,88.4,track,ekf,,620,536,-0.615065,5.412569,21.527262,-0.002543,0.022380,0.089013,131.83895498790383,,0.00,0.00,0.00,0.000000,94.8,,,,,,
1776548036.499226,2293,95.0,track,ekf,,620,536,-0.615306,5.414696,21.535721,-0.002543,0.022380,0.089013,131.9378000602352,,0.00,0.00,0.00,0.000000,92.2,,,,,,
1776548036.591758,2294,92.5,track,ekf,,620,536,-0.615542,5.416767,21.543958,-0.002543,0.022380,0.089013,132.0340726385699,,0.00,0.00,0.00,0.000000,90.5,,,,,,
1776548036.682529,2295,90.8,track,ekf,,620,536,-0.615773,5.418798,21.552038,-0.002543,0.022380,0.089013,132.12854640560332,,0.00,0.00,0.00,0.000000,122.7,,,,,,
1776548036.805481,2296,123.0,track,ekf,,620,536,-0.616085,5.421550,21.562982,-0.002543,0.022380,0.089013,132.2565649427637,,0.00,0.00,0.00,0.000000,90.9,,,,,,
1776548036.896639,2297,91.2,track,ekf,,620,536,-0.616317,5.423590,21.571096,-0.002543,0.022380,0.089013,132.3515162282037,,0.00,0.00,0.00,0.000000,93.9,,,,,,
1776548036.990781,2298,94.1,track,ekf,,620,536,-0.616556,5.425697,21.579476,-0.002543,0.022380,0.089013,132.4496086982077,,0.00,0.00,0.00,0.000000,91.2,,,,,,
1776548037.082329,2299,91.5,track,ekf,,620,536,-0.616789,5.427746,21.587625,-0.002543,0.022380,0.089013,132.54503146522703,,0.00,0.00,0.00,0.000000,90.7,,,,,,
1776548037.173305,2300,91.0,track,ekf,,620,536,-0.617021,5.429782,21.595723,-0.002543,0.022380,0.089013,132.63988985435526,,0.00,0.00,0.00,0.000000,119.6,,,,,,
1776548037.293188,2301,119.9,track,ekf,,620,536,-0.617326,5.432465,21.606394,-0.002543,0.022380,0.089013,132.7649392029421,,0.00,0.00,0.00,0.000000,86.4,,,,,,
1776548037.379770,2302,86.6,track,ekf,,620,536,-0.617546,5.434403,21.614101,-0.002543,0.022380,0.089013,132.85528555841495,,0.00,0.00,0.00,0.000000,90.3,,,,,,
1776548037.470289,2303,90.5,track,ekf,,620,536,-0.617776,5.436428,21.622158,-0.002543,0.022380,0.089013,132.94977089869985,,0.00,0.00,0.00,0.000000,91.8,,,,,,
1776548037.562426,2304,92.1,track,ekf,,620,536,-0.618010,5.438490,21.630360,-0.002543,0.022380,0.089013,133.04597737842892,,0.00,0.00,0.00,0.000000,90.9,,,,,,
1776548037.653680,2305,91.3,track,ekf,,620,536,-0.618242,5.440533,21.638482,-0.002543,0.022380,0.089013,133.1412941808189,,0.00,0.00,0.00,0.000000,119.4,,,,,,
1776548037.773375,2306,119.7,track,ekf,,620,536,-0.618547,5.443212,21.649137,-0.002543,0.022380,0.089013,133.26636905721378,,0.00,0.00,0.00,0.000000,89.8,,,,,,
1776548037.863436,2307,90.1,track,ekf,,620,536,-0.618776,5.445227,21.657153,-0.002543,0.022380,0.089013,133.3605131741065,,0.00,0.00,0.00,0.000000,90.8,,,,,,
1776548037.954465,2308,91.0,track,ekf,,620,536,-0.619007,5.447264,21.665256,-0.002543,0.022380,0.089013,133.45570049922074,,0.00,0.00,0.00,0.000000,94.8,,,,,,
1776548038.049496,2309,95.0,track,ekf,,620,536,-0.619249,5.449391,21.673715,-0.002543,0.022380,0.089013,133.55510679837948,,0.00,0.00,0.00,0.000000,91.3,,,,,,
1776548038.141140,2310,91.6,track,ekf,,620,536,-0.619482,5.451442,21.681872,-0.002543,0.022380,0.089013,133.65100182442637,,0.00,0.00,0.00,0.000000,122.5,,,,,,
1776548038.264103,2311,123.0,detect,ekf,,620,536,-0.619795,5.454194,21.692818,-0.002543,0.022380,0.089013,133.77972343682742,,0.00,0.00,0.00,0.000000,244.1,,,,,,
1776548038.508560,2312,244.5,track,ekf,,620,536,-0.620417,5.459665,21.714578,-0.002543,0.022380,0.089013,134.03580643114384,,0.00,0.00,0.00,0.000000,90.7,,,,,,
1776548038.599476,2313,90.9,track,ekf,,620,536,-0.620648,5.461700,21.722670,-0.002543,0.022380,0.089013,134.13109748616816,,0.00,0.00,0.00,0.000000,91.4,,,,,,
1776548038.691162,2314,91.7,track,ekf,,620,536,-0.620881,5.463752,21.730831,-0.002543,0.022380,0.089013,134.22722808094306,,0.00,0.00,0.00,0.000000,91.6,,,,,,
1776548038.783057,2315,91.9,track,ekf,,620,536,-0.621115,5.465809,21.739011,-0.002543,0.022380,0.089013,134.3236117649674,,0.00,0.00,0.00,0.000000,121.7,,,,,,
1776548038.905022,2316,122.0,track,ekf,,620,536,-0.621425,5.468538,21.749868,-0.002543,0.022380,0.089013,134.4515857761054,,0.00,0.00,0.00,0.000000,91.9,,,,,,
1776548038.997362,2317,92.3,track,ekf,,620,536,-0.621660,5.470605,21.758087,-0.002543,0.022380,0.089013,134.5485113047191,,0.00,0.00,0.00,0.000000,93.6,,,,,,
1776548039.091255,2318,93.9,track,ekf,,620,536,-0.621898,5.472706,21.766445,-0.002543,0.022380,0.089013,134.64710116964204,,0.00,0.00,0.00,0.000000,92.7,,,,,,
1776548039.184365,2319,93.1,track,ekf,,620,536,-0.622135,5.474790,21.774733,-0.002543,0.022380,0.089013,134.74490261967588,,0.00,0.00,0.00,0.000000,89.1,,,,,,
1776548039.273762,2320,89.4,track,ekf,,620,536,-0.622363,5.476791,21.782690,-0.002543,0.022380,0.089013,134.83883471985368,,0.00,0.00,0.00,0.000000,121.8,,,,,,
1776548039.395849,2321,122.1,track,ekf,,620,536,-0.622673,5.479523,21.793558,-0.002543,0.022380,0.089013,134.96716696720665,,0.00,0.00,0.00,0.000000,87.7,,,,,,
1776548039.483798,2322,87.9,track,ekf,,620,536,-0.622897,5.481491,21.801386,-0.002543,0.022380,0.089013,135.05964808290312,,0.00,0.00,0.00,0.000000,92.6,,,,,,
1776548039.576646,2323,92.8,track,ekf,,620,536,-0.623133,5.483569,21.809651,-0.002543,0.022380,0.089013,135.15731382556206,,0.00,0.00,0.00,0.000000,93.5,,,,,,
1776548039.670493,2324,93.8,track,ekf,,620,536,-0.623372,5.485670,21.818004,-0.002543,0.022380,0.089013,135.25606373803544,,0.00,0.00,0.00,0.000000,93.2,,,,,,
1776548039.764024,2325,93.5,track,ekf,,620,536,-0.623609,5.487763,21.826330,-0.002543,0.022380,0.089013,135.35451497788026,,0.00,0.00,0.00,0.000000,127.2,,,,,,
1776548039.891486,2326,127.5,track,ekf,,620,536,-0.623934,5.490616,21.837676,-0.002543,0.022380,0.089013,135.48873788052717,,0.00,0.00,0.00,0.000000,91.6,,,,,,
1776548039.983294,2327,91.8,track,ekf,,620,536,-0.624167,5.492670,21.845848,-0.002543,0.022380,0.089013,135.58545152722093,,0.00,0.00,0.00,0.000000,94.5,,,,,,
1776548040.078076,2328,94.8,track,ekf,,620,536,-0.624408,5.494792,21.854284,-0.002543,0.022380,0.089013,135.6853319124253,,0.00,0.00,0.00,0.000000,93.8,,,,,,
1776548040.172162,2329,94.1,track,ekf,,620,536,-0.624647,5.496897,21.862659,-0.002543,0.022380,0.089013,135.78451277529902,,0.00,0.00,0.00,0.000000,91.3,,,,,,
1776548040.263796,2330,91.6,track,ekf,,620,536,-0.624880,5.498948,21.870816,-0.002543,0.022380,0.089013,135.88114226049143,,0.00,0.00,0.00,0.000000,118.9,,,,,,
1776548040.383018,2331,119.2,track,ekf,,620,536,-0.625184,5.501616,21.881428,-0.002543,0.022380,0.089013,136.00691221121636,,0.00,0.00,0.00,0.000000,92.0,,,,,,
1776548040.475254,2332,92.2,track,ekf,,620,536,-0.625418,5.503680,21.889638,-0.002543,0.022380,0.089013,136.10424920103685,,0.00,0.00,0.00,0.000000,93.8,,,,,,
1776548040.569480,2333,94.2,track,ekf,,620,536,-0.625658,5.505789,21.898026,-0.002543,0.022380,0.089013,136.20372074823138,,0.00,0.00,0.00,0.000000,92.1,,,,,,
1776548040.661982,2334,92.5,track,ekf,,620,536,-0.625893,5.507860,21.906259,-0.002543,0.022380,0.089013,136.30140434242463,,0.00,0.00,0.00,0.000000,92.1,,,,,,
1776548040.754477,2335,92.5,track,ekf,,620,536,-0.626128,5.509930,21.914493,-0.002543,0.022380,0.089013,136.39911397657187,,0.00,0.00,0.00,0.000000,121.4,,,,,,
1776548040.876154,2336,121.7,track,ekf,,620,536,-0.626438,5.512653,21.925324,-0.002543,0.022380,0.089013,136.52770217741423,,0.00,0.00,0.00,0.000000,90.6,,,,,,
1776548040.967038,2337,90.9,track,ekf,,620,536,-0.626669,5.514687,21.933413,-0.002543,0.022380,0.089013,136.62378225913278,,0.00,0.00,0.00,0.000000,91.2,,,,,,
1776548041.058496,2338,91.5,track,ekf,,620,536,-0.626902,5.516734,21.941554,-0.002543,0.022380,0.089013,136.72050109108062,,0.00,0.00,0.00,0.000000,92.9,,,,,,
1776548041.151640,2339,93.1,track,ekf,,620,536,-0.627138,5.518818,21.949845,-0.002543,0.022380,0.089013,136.8190368553355,,0.00,0.00,0.00,0.000000,90.3,,,,,,
1776548041.242188,2340,90.5,track,ekf,,620,536,-0.627369,5.520845,21.957905,-0.002543,0.022380,0.089013,136.91485663545998,,0.00,0.00,0.00,0.000000,117.6,,,,,,
1776548041.360024,2341,117.8,detect,ekf,,620,536,-0.627668,5.523482,21.968394,-0.002543,0.022380,0.089013,137.0396025105755,,0.00,0.00,0.00,0.000000,248.5,,,,,,
1776548041.608977,2342,249.0,track,ekf,,620,536,-0.628302,5.529054,21.990554,-0.002543,0.022380,0.089013,137.30333414209528,,0.00,0.00,0.00,0.000000,93.0,,,,,,
1776548041.702221,2343,93.2,track,ekf,,620,536,-0.628539,5.531140,21.998854,-0.002543,0.022380,0.089013,137.4021668068888,,0.00,0.00,0.00,0.000000,90.9,,,,,,
1776548041.793492,2344,91.3,track,ekf,,620,536,-0.628771,5.533183,22.006978,-0.002543,0.022380,0.089013,137.49893965184216,,0.00,0.00,0.00,0.000000,93.0,,,,,,
1776548041.886706,2345,93.2,track,ekf,,620,536,-0.629008,5.535269,22.015275,-0.002543,0.022380,0.089013,137.59780676871557,,0.00,0.00,0.00,0.000000,121.1,,,,,,
1776548042.008102,2346,121.4,track,ekf,,620,536,-0.629317,5.537986,22.026081,-0.002543,0.022380,0.089013,137.7266175756392,,0.00,0.00,0.00,0.000000,90.5,,,,,,
1776548042.098885,2347,90.8,track,ekf,,620,536,-0.629547,5.540018,22.034162,-0.002543,0.022380,0.089013,137.82297916252202,,0.00,0.00,0.00,0.000000,91.8,,,,,,
1776548042.191031,2348,92.1,track,ekf,,620,536,-0.629782,5.542080,22.042364,-0.002543,0.022380,0.089013,137.92081986518068,,0.00,0.00,0.00,0.000000,89.1,,,,,,
1776548042.280381,2349,89.4,track,ekf,,620,536,-0.630009,5.544080,22.050318,-0.002543,0.022380,0.089013,138.01572351860116,,0.00,0.00,0.00,0.000000,91.8,,,,,,
1776548042.372381,2350,92.0,track,ekf,,620,536,-0.630243,5.546139,22.058507,-0.002543,0.022380,0.089013,138.11347256098475,,0.00,0.00,0.00,0.000000,118.9,,,,,,
1776548042.491588,2351,119.2,track,ekf,,620,536,-0.630546,5.548807,22.069118,-0.002543,0.022380,0.089013,138.24017891035115,,0.00,0.00,0.00,0.000000,88.7,,,,,,
1776548042.580566,2352,89.0,track,ekf,,620,536,-0.630773,5.550798,22.077038,-0.002543,0.022380,0.089013,138.3347882841968,,0.00,0.00,0.00,0.000000,90.3,,,,,,
1776548042.671146,2353,90.6,track,ekf,,620,536,-0.631003,5.552825,22.085101,-0.002543,0.022380,0.089013,138.43113144098555,,0.00,0.00,0.00,0.000000,89.7,,,,,,
1776548042.761143,2354,90.0,track,ekf,,620,536,-0.631232,5.554839,22.093112,-0.002543,0.022380,0.089013,138.52688555665867,,0.00,0.00,0.00,0.000000,90.8,,,,,,
1776548042.852169,2355,91.0,track,ekf,,620,536,-0.631463,5.556877,22.101214,-0.002543,0.022380,0.089013,138.62376523797795,,0.00,0.00,0.00,0.000000,121.1,,,,,,
1776548042.973523,2356,121.4,track,ekf,,620,536,-0.631772,5.559593,22.112016,-0.002543,0.022380,0.089013,138.75297428034065,,0.00,0.00,0.00,0.000000,89.9,,,,,,
1776548043.063691,2357,90.2,track,ekf,,620,536,-0.632001,5.561611,22.120042,-0.002543,0.022380,0.089013,138.84901264778307,,0.00,0.00,0.00,0.000000,92.5,,,,,,
1776548043.156615,2358,92.9,track,ekf,,620,536,-0.632238,5.563690,22.128313,-0.002543,0.022380,0.089013,138.94801788857473,,0.00,0.00,0.00,0.000000,91.2,,,,,,
1776548043.248213,2359,91.6,track,ekf,,620,536,-0.632470,5.565740,22.136467,-0.002543,0.022380,0.089013,139.04564354669373,,0.00,0.00,0.00,0.000000,88.9,,,,,,
1776548043.337505,2360,89.3,track,ekf,,620,536,-0.632698,5.567739,22.144415,-0.002543,0.022380,0.089013,139.14084101620182,,0.00,0.00,0.00,0.000000,120.7,,,,,,
1776548043.458476,2361,121.0,track,ekf,,620,536,-0.633005,5.570446,22.155183,-0.002543,0.022380,0.089013,139.26986295097674,,0.00,0.00,0.00,0.000000,91.1,,,,,,
1776548043.549871,2362,91.4,track,ekf,,620,536,-0.633238,5.572491,22.163318,-0.002543,0.022380,0.089013,139.3673756168227,,0.00,0.00,0.00,0.000000,89.9,,,,,,
1776548043.639997,2363,90.1,track,ekf,,620,536,-0.633467,5.574508,22.171341,-0.002543,0.022380,0.089013,139.46356395561605,,0.00,0.00,0.00,0.000000,91.0,,,,,,
1776548043.731279,2364,91.3,track,ekf,,620,536,-0.633699,5.576551,22.179466,-0.002543,0.022380,0.089013,139.56101895942228,,0.00,0.00,0.00,0.000000,91.3,,,,,,
1776548043.822891,2365,91.6,track,ekf,,620,536,-0.633932,5.578602,22.187620,-0.002543,0.022380,0.089013,139.65885600583292,,0.00,0.00,0.00,0.000000,122.3,,,,,,
1776548043.945488,2366,122.6,track,ekf,,620,536,-0.634244,5.581345,22.198533,-0.002543,0.022380,0.089013,139.7898366017163,,0.00,0.00,0.00,0.000000,90.4,,,,,,
1776548044.036311,2367,90.8,track,ekf,,620,536,-0.634475,5.583378,22.206618,-0.002543,0.022380,0.089013,139.8869041285216,,0.00,0.00,0.00,0.000000,91.4,,,,,,
1776548044.128111,2368,91.8,track,ekf,,620,536,-0.634708,5.585433,22.214789,-0.002543,0.022380,0.089013,139.9850482484503,,0.00,0.00,0.00,0.000000,95.4,,,,,,
1776548044.223929,2369,95.8,track,ekf,,620,536,-0.634952,5.587577,22.223318,-0.002543,0.022380,0.089013,140.08752138048354,,0.00,0.00,0.00,0.000000,87.6,,,,,,
1776548044.311698,2370,87.8,track,ekf,,620,536,-0.635175,5.589541,22.231131,-0.002543,0.022380,0.089013,140.18141612126814,,0.00,0.00,0.00,0.000000,116.2,,,,,,
1776548044.428205,2371,116.5,detect,ekf,,620,536,-0.635471,5.592149,22.241501,-0.002543,0.022380,0.089013,140.3061014085298,,0.00,0.00,0.00,0.000000,246.7,,,,,,
1776548044.675078,2372,246.9,track,ekf,,620,536,-0.636099,5.597674,22.263476,-0.002543,0.022380,0.089013,140.57047978483064,,0.00,0.00,0.00,0.000000,95.1,,,,,,
1776548044.770386,2373,95.3,track,ekf,,620,536,-0.636342,5.599807,22.271960,-0.002543,0.022380,0.089013,140.67259963496429,,0.00,0.00,0.00,0.000000,90.1,,,,,,
1776548044.860713,2374,90.3,track,ekf,,620,536,-0.636571,5.601829,22.280000,-0.002543,0.022380,0.089013,140.76941466258003,,0.00,0.00,0.00,0.000000,90.9,,,,,,
1776548044.951838,2375,91.1,track,ekf,,620,536,-0.636803,5.603868,22.288111,-0.002543,0.022380,0.089013,140.86711600535696,,0.00,0.00,0.00,0.000000,118.9,,,,,,
1776548045.070962,2376,119.1,track,ekf,,620,536,-0.637106,5.606534,22.298715,-0.002543,0.022380,0.089013,140.9948878366908,,0.00,0.00,0.00,0.000000,88.5,,,,,,
1776548045.159693,2377,88.7,track,ekf,,620,536,-0.637332,5.608520,22.306613,-0.002543,0.022380,0.089013,141.09009212270098,,0.00,0.00,0.00,0.000000,89.9,,,,,,
1776548045.249916,2378,90.2,track,ekf,,620,536,-0.637561,5.610539,22.314644,-0.002543,0.022380,0.089013,141.18692714182052,,0.00,0.00,0.00,0.000000,87.8,,,,,,
1776548045.337991,2379,88.1,track,ekf,,620,536,-0.637785,5.612510,22.322484,-0.002543,0.022380,0.089013,141.2814867433415,,0.00,0.00,0.00,0.000000,88.0,,,,,,
1776548045.426279,2380,88.3,track,ekf,,620,536,-0.638010,5.614486,22.330342,-0.002543,0.022380,0.089013,141.37630423192402,,0.00,0.00,0.00,0.000000,121.2,,,,,,
1776548045.547738,2381,121.5,track,ekf,,620,536,-0.638319,5.617204,22.341154,-0.002543,0.022380,0.089013,141.5067970530896,,0.00,0.00,0.00,0.000000,91.0,,,,,,
1776548045.639037,2382,91.3,track,ekf,,620,536,-0.638551,5.619248,22.349281,-0.002543,0.022380,0.089013,141.60492054158573,,0.00,0.00,0.00,0.000000,95.4,,,,,,
1776548045.734698,2383,95.7,track,ekf,,620,536,-0.638794,5.621389,22.357796,-0.002543,0.022380,0.089013,141.70776520909175,,0.00,0.00,0.00,0.000000,93.0,,,,,,
1776548045.828109,2384,93.4,track,ekf,,620,536,-0.639032,5.623479,22.366110,-0.002543,0.022380,0.089013,141.80822453057263,,0.00,0.00,0.00,0.000000,90.7,,,,,,
1776548045.919058,2385,90.9,track,ekf,,620,536,-0.639263,5.625515,22.374206,-0.002543,0.022380,0.089013,141.9060668077109,,0.00,0.00,0.00,0.000000,123.6,,,,,,
1776548046.042894,2386,123.8,track,ekf,,620,536,-0.639578,5.628286,22.385229,-0.002543,0.022380,0.089013,142.03934058402228,,0.00,0.00,0.00,0.000000,92.3,,,,,,
1776548046.135503,2387,92.6,track,ekf,,620,536,-0.639813,5.630359,22.393472,-0.002543,0.022380,0.089013,142.1390432378648,,0.00,0.00,0.00,0.000000,91.4,,,,,,
1776548046.227255,2388,91.8,track,ekf,,620,536,-0.640047,5.632412,22.401639,-0.002543,0.022380,0.089013,142.23785488581282,,0.00,0.00,0.00,0.000000,89.2,,,,,,
1776548046.316751,2389,89.5,track,ekf,,620,536,-0.640274,5.634415,22.409606,-0.002543,0.022380,0.089013,142.3342668926537,,0.00,0.00,0.00,0.000000,88.8,,,,,,
1776548046.405929,2390,89.2,track,ekf,,620,536,-0.640501,5.636411,22.417544,-0.002543,0.022380,0.089013,142.4303654601389,,0.00,0.00,0.00,0.000000,118.0,,,,,,
1776548046.524191,2391,118.3,track,ekf,,620,536,-0.640802,5.639058,22.428070,-0.002543,0.022380,0.089013,142.55785309209676,,0.00,0.00,0.00,0.000000,92.0,,,,,,
1776548046.617532,2392,93.3,track,ekf,,620,536,-0.641039,5.641147,22.436379,-0.002543,0.022380,0.089013,142.65851078652312,,0.00,0.00,0.00,0.000000,91.8,,,,,,
1776548046.709608,2393,92.1,track,ekf,,620,536,-0.641274,5.643207,22.444575,-0.002543,0.022380,0.089013,142.75783620104121,,0.00,0.00,0.00,0.000000,94.9,,,,,,
1776548046.804752,2394,95.1,track,ekf,,620,536,-0.641516,5.645337,22.453044,-0.002543,0.022380,0.089013,142.86050524496167,,0.00,0.00,0.00,0.000000,92.2,,,,,,
1776548046.897185,2395,92.4,track,ekf,,620,536,-0.641751,5.647405,22.461272,-0.002543,0.022380,0.089013,142.96027930624385,,0.00,0.00,0.00,0.000000,127.1,,,,,,
1776548047.024552,2396,127.4,track,ekf,,620,536,-0.642075,5.650256,22.472609,-0.002543,0.022380,0.089013,143.09781778288936,,0.00,0.00,0.00,0.000000,92.2,,,,,,
1776548047.117043,2397,92.5,track,ekf,,620,536,-0.642310,5.652326,22.480842,-0.002543,0.022380,0.089013,143.1977304634272,,0.00,0.00,0.00,0.000000,93.4,,,,,,
1776548047.210835,2398,93.8,track,ekf,,620,536,-0.642548,5.654425,22.489191,-0.002543,0.022380,0.089013,143.29908039137527,,0.00,0.00,0.00,0.000000,89.5,,,,,,
1776548047.300615,2399,89.8,track,ekf,,620,536,-0.642777,5.656434,22.497182,-0.002543,0.022380,0.089013,143.39612573206134,,0.00,0.00,0.00,0.000000,88.1,,,,,,
1776548047.388994,2400,88.4,track,ekf,,620,536,-0.643001,5.658412,22.505049,-0.002543,0.022380,0.089013,143.49168618514656,,0.00,0.00,0.00,0.000000,125.1,,,,,,
1776548047.514378,2401,125.4,detect,ekf,,620,536,-0.643320,5.661218,22.516210,-0.002543,0.022380,0.089013,143.6273107580851,,0.00,0.00,0.00,0.000000,254.6,,,,,,
1776548047.769275,2402,254.9,track,ekf,,620,536,-0.643969,5.666923,22.538899,-0.002543,0.022380,0.089013,143.903212015911,,0.00,0.00,0.00,0.000000,94.7,,,,,,
1776548047.864354,2403,95.1,track,ekf,,620,536,-0.644210,5.669051,22.547362,-0.002543,0.022380,0.089013,144.00618020473507,,0.00,0.00,0.00,0.000000,93.6,,,,,,
1776548047.958175,2404,93.8,track,ekf,,620,536,-0.644449,5.671151,22.555713,-0.002543,0.022380,0.089013,144.10781969228086,,0.00,0.00,0.00,0.000000,92.3,,,,,,
1776548048.050791,2405,92.6,track,ekf,,620,536,-0.644684,5.673224,22.563957,-0.002543,0.022380,0.089013,144.20818560851083,,0.00,0.00,0.00,0.000000,118.6,,,,,,
1776548048.169631,2406,118.8,track,ekf,,620,536,-0.644987,5.675883,22.574536,-0.002543,0.022380,0.089013,144.33701967153695,,0.00,0.00,0.00,0.000000,87.4,,,,,,
1776548048.257378,2407,87.7,track,ekf,,620,536,-0.645210,5.677847,22.582346,-0.002543,0.022380,0.089013,144.4321766102539,,0.00,0.00,0.00,0.000000,94.7,,,,,,
1776548048.352291,2408,94.9,track,ekf,,620,536,-0.645451,5.679971,22.590795,-0.002543,0.022380,0.089013,144.5351383997525,,0.00,0.00,0.00,0.000000,92.8,,,,,,
1776548048.445411,2409,93.1,track,ekf,,620,536,-0.645688,5.682055,22.599084,-0.002543,0.022380,0.089013,144.63618737443346,,0.00,0.00,0.00,0.000000,91.7,,,,,,
1776548048.537488,2410,92.1,track,ekf,,620,536,-0.645922,5.684116,22.607280,-0.002543,0.022380,0.089013,144.73613601881735,,0.00,0.00,0.00,0.000000,127.5,,,,,,
1776548048.665226,2411,127.7,track,ekf,,620,536,-0.646247,5.686975,22.618650,-0.002543,0.022380,0.089013,144.87484822092475,,0.00,0.00,0.00,0.000000,97.8,,,,,,
1776548048.763364,2412,98.1,track,ekf,,620,536,-0.646497,5.689171,22.627385,-0.002543,0.022380,0.089013,144.98145724327452,,0.00,0.00,0.00,0.000000,96.7,,,,,,
1776548048.860324,2413,97.0,track,ekf,,620,536,-0.646743,5.691341,22.636016,-0.002543,0.022380,0.089013,145.08682089733838,,0.00,0.00,0.00,0.000000,97.1,,,,,,
1776548048.957609,2414,97.3,track,ekf,,620,536,-0.646991,5.693518,22.644676,-0.002543,0.022380,0.089013,145.19257258657936,,0.00,0.00,0.00,0.000000,96.5,,,,,,
1776548049.054497,2415,96.9,track,ekf,,620,536,-0.647237,5.695687,22.653300,-0.002543,0.022380,0.089013,145.29792742612085,,0.00,0.00,0.00,0.000000,127.2,,,,,,
1776548049.181955,2416,127.5,track,ekf,,620,536,-0.647561,5.698539,22.664645,-0.002543,0.022380,0.089013,145.43657929316166,,0.00,0.00,0.00,0.000000,96.3,,,,,,
1776548049.278539,2417,96.6,track,ekf,,620,536,-0.647807,5.700701,22.673242,-0.002543,0.022380,0.089013,145.54168292269267,,0.00,0.00,0.00,0.000000,96.5,,,,,,
1776548049.375381,2418,96.8,track,ekf,,620,536,-0.648053,5.702868,22.681863,-0.002543,0.022380,0.089013,145.64710156788666,,0.00,0.00,0.00,0.000000,95.9,,,,,,
1776548049.471657,2419,96.3,track,ekf,,620,536,-0.648298,5.705023,22.690432,-0.002543,0.022380,0.089013,145.75193906237237,,0.00,0.00,0.00,0.000000,97.3,,,,,,
1776548049.569245,2420,97.6,track,ekf,,620,536,-0.648546,5.707207,22.699119,-0.002543,0.022380,0.089013,145.85823963782448,,0.00,0.00,0.00,0.000000,126.2,,,,,,
1776548049.695681,2421,126.4,track,ekf,,620,536,-0.648868,5.710037,22.710373,-0.002543,0.022380,0.089013,145.99601821177225,,0.00,0.00,0.00,0.000000,97.1,,,,,,
1776548049.793092,2422,97.4,track,ekf,,620,536,-0.649116,5.712217,22.719044,-0.002543,0.022380,0.089013,146.1022056065079,,0.00,0.00,0.00,0.000000,98.2,,,,,,
1776548049.891503,2423,98.4,track,ekf,,620,536,-0.649366,5.714419,22.727804,-0.002543,0.022380,0.089013,146.20951931583164,,0.00,0.00,0.00,0.000000,96.6,,,,,,
1776548049.988299,2424,96.8,track,ekf,,620,536,-0.649612,5.716586,22.736420,-0.002543,0.022380,0.089013,146.31510570607387,,0.00,0.00,0.00,0.000000,96.5,,,,,,
1776548050.085025,2425,96.7,track,ekf,,620,536,-0.649858,5.718750,22.745030,-0.002543,0.022380,0.089013,146.4206510620792,,0.00,0.00,0.00,0.000000,128.3,,,,,,
1776548050.213586,2426,128.6,track,ekf,,620,536,-0.650185,5.721628,22.756474,-0.002543,0.022380,0.089013,146.56098905253523,,0.00,0.00,0.00,0.000000,95.9,,,,,,
1776548050.309778,2427,96.2,track,ekf,,620,536,-0.650430,5.723780,22.765036,-0.002543,0.022380,0.089013,146.6660301156855,,0.00,0.00,0.00,0.000000,95.2,,,,,,
1776548050.405169,2428,95.4,track,ekf,,620,536,-0.650672,5.725915,22.773527,-0.002543,0.022380,0.089013,146.77023017999588,,0.00,0.00,0.00,0.000000,95.1,,,,,,
1776548050.500615,2429,95.4,track,ekf,,620,536,-0.650915,5.728051,22.782023,-0.002543,0.022380,0.089013,146.8745233370051,,0.00,0.00,0.00,0.000000,95.4,,,,,,
1776548050.596385,2430,95.8,track,ekf,,620,536,-0.651158,5.730195,22.790547,-0.002543,0.022380,0.089013,146.97920416010453,,0.00,0.00,0.00,0.000000,128.9,,,,,,
1776548050.725579,2431,129.2,detect,ekf,,620,536,-0.651487,5.733086,22.802047,-0.002543,0.022380,0.089013,147.12047569414247,,0.00,0.00,0.00,0.000000,268.5,,,,,,
1776548050.994325,2432,268.7,track,ekf,,620,536,-0.652171,5.739101,22.825969,-0.002543,0.022380,0.089013,147.41454629636328,,0.00,0.00,0.00,0.000000,98.2,,,,,,
1776548051.092849,2433,98.5,track,ekf,,620,536,-0.652421,5.741306,22.834739,-0.002543,0.022380,0.089013,147.52241281096613,,0.00,0.00,0.00,0.000000,96.4,,,,,,
1776548051.189607,2434,96.8,track,ekf,,620,536,-0.652667,5.743471,22.843352,-0.002543,0.022380,0.089013,147.62838048415145,,0.00,0.00,0.00,0.000000,94.8,,,,,,
1776548051.284616,2435,95.0,track,ekf,,620,536,-0.652909,5.745598,22.851809,-0.002543,0.022380,0.089013,147.732467900657,,0.00,0.00,0.00,0.000000,125.3,,,,,,
1776548051.410174,2436,125.6,track,ekf,,620,536,-0.653228,5.748408,22.862985,-0.002543,0.022380,0.089013,147.8700752393337,,0.00,0.00,0.00,0.000000,95.3,,,,,,
1776548051.505646,2437,95.5,track,ekf,,620,536,-0.653471,5.750544,22.871483,-0.002543,0.022380,0.089013,147.9747459589002,,0.00,0.00,0.00,0.000000,97.2,,,,,,
1776548051.603137,2438,97.5,track,ekf,,620,536,-0.653719,5.752726,22.880161,-0.002543,0.022380,0.089013,148.08166549564802,,0.00,0.00,0.00,0.000000,95.4,,,,,,
1776548051.698821,2439,95.7,track,ekf,,620,536,-0.653962,5.754868,22.888678,-0.002543,0.022380,0.089013,148.18663764038527,,0.00,0.00,0.00,0.000000,96.6,,,,,,
1776548051.795671,2440,96.8,track,ekf,,620,536,-0.654209,5.757035,22.897299,-0.002543,0.022380,0.089013,148.29292257859137,,0.00,0.00,0.00,0.000000,125.7,,,,,,
1776548051.921664,2441,126.0,track,ekf,,620,536,-0.654529,5.759855,22.908514,-0.002543,0.022380,0.089013,148.43124330098695,,0.00,0.00,0.00,0.000000,89.8,,,,,,
1776548052.011789,2442,90.1,track,ekf,,620,536,-0.654758,5.761872,22.916536,-0.002543,0.022380,0.089013,148.5302194923385,,0.00,0.00,0.00,0.000000,97.7,,,,,,
1776548052.109678,2443,97.9,track,ekf,,620,536,-0.655007,5.764063,22.925250,-0.002543,0.022380,0.089013,148.6377563758268,,0.00,0.00,0.00,0.000000,97.1,,,,,,
1776548052.207011,2444,97.3,track,ekf,,620,536,-0.655255,5.766241,22.933914,-0.002543,0.022380,0.089013,148.7447178793943,,0.00,0.00,0.00,0.000000,94.3,,,,,,
1776548052.301616,2445,94.6,track,ekf,,620,536,-0.655495,5.768358,22.942335,-0.002543,0.022380,0.089013,148.84871368508604,,0.00,0.00,0.00,0.000000,125.5,,,,,,
1776548052.427431,2446,125.8,track,ekf,,620,536,-0.655815,5.771174,22.953534,-0.002543,0.022380,0.089013,148.98707042255066,,0.00,0.00,0.00,0.000000,94.3,,,,,,
1776548052.522004,2447,94.6,track,ekf,,620,536,-0.656056,5.773291,22.961952,-0.002543,0.022380,0.089013,149.09110716850532,,0.00,0.00,0.00,0.000000,97.3,,,,,,
1776548052.619628,2448,97.6,track,ekf,,620,536,-0.656304,5.775476,22.970642,-0.002543,0.022380,0.089013,149.19853414894388,,0.00,0.00,0.00,0.000000,96.2,,,,,,
1776548052.716226,2449,96.6,track,ekf,,620,536,-0.656550,5.777638,22.979240,-0.002543,0.022380,0.089013,149.30486625051267,,0.00,0.00,0.00,0.000000,97.6,,,,,,
1776548052.814011,2450,97.8,track,ekf,,620,536,-0.656798,5.779826,22.987944,-0.002543,0.022380,0.089013,149.41253970003882,,0.00,0.00,0.00,0.000000,128.6,,,,,,
1776548052.942880,2451,128.9,track,ekf,,620,536,-0.657126,5.782710,22.999415,-0.002543,0.022380,0.089013,149.5544958950386,,0.00,0.00,0.00,0.000000,97.8,,,,,,
1776548053.040946,2452,98.1,track,ekf,,620,536,-0.657376,5.784905,23.008144,-0.002543,0.022380,0.089013,149.66255896637256,,0.00,0.00,0.00,0.000000,96.8,,,,,,
1776548053.137996,2453,97.1,track,ekf,,620,536,-0.657622,5.787077,23.016783,-0.002543,0.022380,0.089013,149.76953743278324,,0.00,0.00,0.00,0.000000,96.7,,,,,,
1776548053.234854,2454,96.9,track,ekf,,620,536,-0.657869,5.789245,23.025405,-0.002543,0.022380,0.089013,149.87633712672337,,0.00,0.00,0.00,0.000000,94.9,,,,,,
1776548053.330057,2455,95.2,track,ekf,,620,536,-0.658111,5.791375,23.033879,-0.002543,0.022380,0.089013,149.98134622106423,,0.00,0.00,0.00,0.000000,126.1,,,,,,
1776548053.456433,2456,126.4,track,ekf,,620,536,-0.658432,5.794204,23.045128,-0.002543,0.022380,0.089013,150.12079167271622,,0.00,0.00,0.00,0.000000,98.8,,,,,,
1776548053.555523,2457,99.1,track,ekf,,620,536,-0.658684,5.796421,23.053948,-0.002543,0.022380,0.089013,150.23016773083475,,0.00,0.00,0.00,0.000000,98.0,,,,,,
1776548053.653890,2458,98.4,track,ekf,,620,536,-0.658934,5.798623,23.062704,-0.002543,0.022380,0.089013,150.3387807613097,,0.00,0.00,0.00,0.000000,97.7,,,,,,
1776548053.751840,2459,97.9,track,ekf,,620,536,-0.659184,5.800815,23.071423,-0.002543,0.022380,0.089013,150.44696818065614,,0.00,0.00,0.00,0.000000,97.4,,,,,,
1776548053.849638,2460,97.8,track,ekf,,620,536,-0.659432,5.803004,23.080128,-0.002543,0.022380,0.089013,150.55502330916457,,0.00,0.00,0.00,0.000000,127.9,,,,,,
1776548053.977789,2461,128.2,detect,ekf,,620,536,-0.659758,5.805872,23.091535,-0.002543,0.022380,0.089013,150.69666783694876,,0.00,0.00,0.00,0.000000,263.0,,,,,,
1776548054.241034,2462,263.2,track,ekf,,620,536,-0.660428,5.811763,23.114968,-0.002543,0.022380,0.089013,150.9878260189055,,0.00,0.00,0.00,0.000000,94.3,,,,,,
1776548054.335601,2463,94.6,track,ekf,,620,536,-0.660668,5.813880,23.123385,-0.002543,0.022380,0.089013,151.0924739302208,,0.00,0.00,0.00,0.000000,95.9,,,,,,
1776548054.431801,2464,96.2,track,ekf,,620,536,-0.660913,5.816033,23.131948,-0.002543,0.022380,0.089013,151.1989626882505,,0.00,0.00,0.00,0.000000,96.6,,,,,,
1776548054.528640,2465,96.8,track,ekf,,620,536,-0.661159,5.818200,23.140568,-0.002543,0.022380,0.089013,151.30619310353586,,0.00,0.00,0.00,0.000000,127.3,,,,,,
1776548054.656243,2466,127.6,track,ekf,,620,536,-0.661484,5.821056,23.151926,-0.002543,0.022380,0.089013,151.4475440593179,,0.00,0.00,0.00,0.000000,98.5,,,,,,
1776548054.755033,2467,98.8,track,ekf,,620,536,-0.661735,5.823267,23.160720,-0.002543,0.022380,0.089013,151.55701637174883,,0.00,0.00,0.00,0.000000,96.8,,,,,,
1776548054.852004,2468,97.0,track,ekf,,620,536,-0.661981,5.825437,23.169352,-0.002543,0.022380,0.089013,151.66450590995547,,0.00,0.00,0.00,0.000000,98.0,,,,,,
1776548054.950303,2469,98.3,track,ekf,,620,536,-0.662231,5.827637,23.178101,-0.002543,0.022380,0.089013,151.773504030944,,0.00,0.00,0.00,0.000000,98.4,,,,,,
1776548055.049067,2470,98.8,track,ekf,,620,536,-0.662483,5.829847,23.186893,-0.002543,0.022380,0.089013,151.88305267396396,,0.00,0.00,0.00,0.000000,128.4,,,,,,
1776548055.177779,2471,128.7,track,ekf,,620,536,-0.662810,5.832728,23.198350,-0.002543,0.022380,0.089013,152.0258743637806,,0.00,0.00,0.00,0.000000,93.1,,,,,,
1776548055.271118,2472,93.3,track,ekf,,620,536,-0.663047,5.834817,23.206658,-0.002543,0.022380,0.089013,152.12948038684362,,0.00,0.00,0.00,0.000000,88.3,,,,,,
1776548055.359673,2473,88.6,track,ekf,,620,536,-0.663273,5.836799,23.214541,-0.002543,0.022380,0.089013,152.2278041051281,,0.00,0.00,0.00,0.000000,88.1,,,,,,
1776548055.448027,2474,88.4,track,ekf,,620,536,-0.663497,5.838776,23.222405,-0.002543,0.022380,0.089013,152.32593430957164,,0.00,0.00,0.00,0.000000,92.0,,,,,,
1776548055.540391,2475,92.4,track,ekf,,620,536,-0.663732,5.840843,23.230627,-0.002543,0.022380,0.089013,152.4285480979608,,0.00,0.00,0.00,0.000000,123.7,,,,,,
1776548055.664347,2476,124.0,track,ekf,,620,536,-0.664047,5.843617,23.241660,-0.002543,0.022380,0.089013,152.56631056642502,,0.00,0.00,0.00,0.000000,93.4,,,,,,
1776548055.758020,2477,93.7,track,ekf,,620,536,-0.664286,5.845714,23.249999,-0.002543,0.022380,0.089013,152.67045143305896,,0.00,0.00,0.00,0.000000,93.9,,,,,,
1776548055.852260,2478,94.2,track,ekf,,620,536,-0.664525,5.847823,23.258387,-0.002543,0.022380,0.089013,152.77525508085887,,0.00,0.00,0.00,0.000000,91.5,,,,,,
1776548055.944001,2479,91.7,track,ekf,,620,536,-0.664759,5.849876,23.266553,-0.002543,0.022380,0.089013,152.8773105603635,,0.00,0.00,0.00,0.000000,93.9,,,,,,
1776548056.038103,2480,94.1,track,ekf,,620,536,-0.664998,5.851982,23.274930,-0.002543,0.022380,0.089013,152.9820233646009,,0.00,0.00,0.00,0.000000,124.0,,,,,,
1776548056.162382,2481,124.3,track,ekf,,620,536,-0.665314,5.854764,23.285992,-0.002543,0.022380,0.089013,153.12036645309183,,0.00,0.00,0.00,0.000000,95.0,,,,,,
1776548056.257744,2482,95.4,track,ekf,,620,536,-0.665557,5.856898,23.294480,-0.002543,0.022380,0.089013,153.22655580248946,,0.00,0.00,0.00,0.000000,89.2,,,,,,
1776548056.347249,2483,89.5,track,ekf,,620,536,-0.665784,5.858901,23.302447,-0.002543,0.022380,0.089013,153.32625273326644,,0.00,0.00,0.00,0.000000,90.2,,,,,,
1776548056.437791,2484,90.5,track,ekf,,620,536,-0.666014,5.860927,23.310507,-0.002543,0.022380,0.089013,153.4271342859525,,0.00,0.00,0.00,0.000000,93.8,,,,,,
1776548056.531870,2485,94.1,track,ekf,,620,536,-0.666254,5.863033,23.318881,-0.002543,0.022380,0.089013,153.53198784910757,,0.00,0.00,0.00,0.000000,120.1,,,,,,
1776548056.652250,2486,120.4,track,ekf,,620,536,-0.666560,5.865727,23.329596,-0.002543,0.022380,0.089013,153.66620354585518,,0.00,0.00,0.00,0.000000,89.6,,,,,,
1776548056.742067,2487,89.8,track,ekf,,620,536,-0.666788,5.867737,23.337591,-0.002543,0.022380,0.089013,153.76637422602255,,0.00,0.00,0.00,0.000000,91.2,,,,,,
1776548056.833452,2488,91.4,track,ekf,,620,536,-0.667021,5.869782,23.345726,-0.002543,0.022380,0.089013,153.8683244088486,,0.00,0.00,0.00,0.000000,91.6,,,,,,
1776548056.925372,2489,91.9,track,ekf,,620,536,-0.667255,5.871840,23.353908,-0.002543,0.022380,0.089013,153.97090223765684,,0.00,0.00,0.00,0.000000,91.2,,,,,,
1776548057.016850,2490,91.5,track,ekf,,620,536,-0.667487,5.873887,23.362050,-0.002543,0.022380,0.089013,154.0730162840982,,0.00,0.00,0.00,0.000000,120.6,,,,,,
1776548057.137723,2491,120.9,detect,ekf,,620,536,-0.667795,5.876592,23.372810,-0.002543,0.022380,0.089013,154.207989900027,,0.00,0.00,0.00,0.000000,249.8,,,,,,
1776548057.387863,2492,250.1,track,ekf,,620,536,-0.668431,5.882190,23.395075,-0.002543,0.022380,0.089013,154.4874849360015,,0.00,0.00,0.00,0.000000,89.3,,,,,,
1776548057.477501,2493,89.6,track,ekf,,620,536,-0.668659,5.884196,23.403054,-0.002543,0.022380,0.089013,154.5876900949428,,0.00,0.00,0.00,0.000000,91.3,,,,,,
1776548057.569231,2494,91.7,track,ekf,,620,536,-0.668892,5.886249,23.411219,-0.002543,0.022380,0.089013,154.69026405017655,,0.00,0.00,0.00,0.000000,91.9,,,,,,
1776548057.661369,2495,92.1,track,ekf,,620,536,-0.669126,5.888312,23.419421,-0.002543,0.022380,0.089013,154.79332516269653,,0.00,0.00,0.00,0.000000,120.1,,,,,,
1776548057.781734,2496,120.4,track,ekf,,620,536,-0.669432,5.891005,23.430135,-0.002543,0.022380,0.089013,154.92800743733147,,0.00,0.00,0.00,0.000000,90.0,,,,,,
1776548057.871992,2497,90.3,track,ekf,,620,536,-0.669662,5.893025,23.438169,-0.002543,0.022380,0.089013,155.02903341309718,,0.00,0.00,0.00,0.000000,91.2,,,,,,
1776548057.963409,2498,91.4,track,ekf,,620,536,-0.669894,5.895071,23.446306,-0.002543,0.022380,0.089013,155.13138741942248,,0.00,0.00,0.00,0.000000,91.1,,,,,,
1776548058.054907,2499,91.5,track,ekf,,620,536,-0.670127,5.897119,23.454451,-0.002543,0.022380,0.089013,155.23386144120477,,0.00,0.00,0.00,0.000000,91.4,,,,,,
1776548058.146668,2500,91.8,track,ekf,,620,536,-0.670361,5.899173,23.462619,-0.002543,0.022380,0.089013,155.33666120456493,,0.00,0.00,0.00,0.000000,120.6,,,,,,
1776548058.267567,2501,120.9,track,ekf,,620,536,-0.670668,5.901878,23.473380,-0.002543,0.022380,0.089013,155.47215149326627,,0.00,0.00,0.00,0.000000,87.8,,,,,,
1776548058.355630,2502,88.1,track,ekf,,620,536,-0.670892,5.903849,23.481219,-0.002543,0.022380,0.089013,155.57087349770796,,0.00,0.00,0.00,0.000000,87.9,,,,,,
1776548058.443762,2503,88.1,track,ekf,,620,536,-0.671116,5.905822,23.489064,-0.002543,0.022380,0.089013,155.6697000251281,,0.00,0.00,0.00,0.000000,91.5,,,,,,
1776548058.535543,2504,91.8,track,ekf,,620,536,-0.671350,5.907876,23.497233,-0.002543,0.022380,0.089013,155.77264946999995,,0.00,0.00,0.00,0.000000,90.5,,,,,,
1776548058.626374,2505,90.8,track,ekf,,620,536,-0.671581,5.909909,23.505319,-0.002543,0.022380,0.089013,155.87456217905284,,0.00,0.00,0.00,0.000000,120.4,,,,,,
1776548058.747042,2506,120.7,track,ekf,,620,536,-0.671887,5.912609,23.516059,-0.002543,0.022380,0.089013,156.00999852537447,,0.00,0.00,0.00,0.000000,89.1,,,,,,
1776548058.836444,2507,89.4,track,ekf,,620,536,-0.672115,5.914610,23.524017,-0.002543,0.022380,0.089013,156.11037471519558,,0.00,0.00,0.00,0.000000,90.5,,,,,,
1776548058.927211,2508,90.8,track,ekf,,620,536,-0.672346,5.916641,23.532097,-0.002543,0.022380,0.089013,156.21231210272373,,0.00,0.00,0.00,0.000000,90.6,,,,,,
1776548059.018060,2509,90.8,track,ekf,,620,536,-0.672577,5.918675,23.540184,-0.002543,0.022380,0.089013,156.31437177243902,,0.00,0.00,0.00,0.000000,91.6,,,,,,
1776548059.109980,2510,91.9,track,ekf,,620,536,-0.672810,5.920732,23.548366,-0.002543,0.022380,0.089013,156.417664244047,,0.00,0.00,0.00,0.000000,121.0,,,,,,
1776548059.231275,2511,121.3,track,ekf,,620,536,-0.673119,5.923447,23.559162,-0.002543,0.022380,0.089013,156.55401357767346,,0.00,0.00,0.00,0.000000,88.2,,,,,,
1776548059.319705,2512,88.4,track,ekf,,620,536,-0.673344,5.925426,23.567034,-0.002543,0.022380,0.089013,156.65345012968749,,0.00,0.00,0.00,0.000000,87.3,,,,,,
1776548059.407202,2513,87.5,track,ekf,,620,536,-0.673566,5.927384,23.574822,-0.002543,0.022380,0.089013,156.7518641655977,,0.00,0.00,0.00,0.000000,90.3,,,,,,
1776548059.497721,2514,90.5,track,ekf,,620,536,-0.673797,5.929410,23.582879,-0.002543,0.022380,0.089013,156.8537074329511,,0.00,0.00,0.00,0.000000,93.5,,,,,,
1776548059.591428,2515,93.7,track,ekf,,620,536,-0.674035,5.931507,23.591221,-0.002543,0.022380,0.089013,156.95916715319464,,0.00,0.00,0.00,0.000000,120.9,,,,,,
1776548059.712552,2516,121.1,track,ekf,,620,536,-0.674343,5.934218,23.602002,-0.002543,0.022380,0.089013,157.0955311670249,,0.00,0.00,0.00,0.000000,90.9,,,,,,
1776548059.803791,2517,91.2,track,ekf,,620,536,-0.674575,5.936260,23.610124,-0.002543,0.022380,0.089013,157.19828203586428,,0.00,0.00,0.00,0.000000,90.3,,,,,,
1776548059.894293,2518,90.5,track,ekf,,620,536,-0.674805,5.938285,23.618179,-0.002543,0.022380,0.089013,157.30023263924642,,0.00,0.00,0.00,0.000000,91.1,,,,,,
1776548059.985750,2519,91.5,track,ekf,,620,536,-0.675038,5.940332,23.626320,-0.002543,0.022380,0.089013,157.40328847468228,,0.00,0.00,0.00,0.000000,93.1,,,,,,
1776548060.079073,2520,93.3,track,ekf,,620,536,-0.675275,5.942421,23.634627,-0.002543,0.022380,0.089013,157.50847693490357,,0.00,0.00,0.00,0.000000,122.7,,,,,,
1776548060.202071,2521,123.0,detect,ekf,,620,536,-0.675588,5.945173,23.645576,-0.002543,0.022380,0.089013,157.6471633017856,,0.00,0.00,0.00,0.000000,245.1,,,,,,
1776548060.447457,2522,245.4,track,ekf,,620,536,-0.676212,5.950665,23.667418,-0.002543,0.022380,0.089013,157.92401308722833,,0.00,0.00,0.00,0.000000,90.9,,,,,,
1776548060.538625,2523,91.2,track,ekf,,620,536,-0.676444,5.952705,23.675533,-0.002543,0.022380,0.089013,158.02691909933165,,0.00,0.00,0.00,0.000000,89.6,,,,,,
1776548060.628536,2524,89.9,track,ekf,,620,536,-0.676672,5.954718,23.683536,-0.002543,0.022380,0.089013,158.12843504767247,,0.00,0.00,0.00,0.000000,91.5,,,,,,
1776548060.720293,2525,91.8,track,ekf,,620,536,-0.676906,5.956771,23.691704,-0.002543,0.022380,0.089013,158.23206460665452,,0.00,0.00,0.00,0.000000,119.7,,,,,,
1776548060.840259,2526,120.0,track,ekf,,620,536,-0.677211,5.959456,23.702382,-0.002543,0.022380,0.089013,158.36760185006702,,0.00,0.00,0.00,0.000000,90.5,,,,,,
1776548060.931024,2527,90.8,track,ekf,,620,536,-0.677442,5.961487,23.710462,-0.002543,0.022380,0.089013,158.47017958252783,,0.00,0.00,0.00,0.000000,91.5,,,,,,
1776548061.022835,2528,91.8,track,ekf,,620,536,-0.677675,5.963542,23.718634,-0.002543,0.022380,0.089013,158.57396958359587,,0.00,0.00,0.00,0.000000,91.2,,,,,,
1776548061.114280,2529,91.4,track,ekf,,620,536,-0.677908,5.965589,23.726774,-0.002543,0.022380,0.089013,158.6773753232372,,0.00,0.00,0.00,0.000000,92.8,,,,,,
1776548061.207378,2530,93.1,track,ekf,,620,536,-0.678145,5.967672,23.735061,-0.002543,0.022380,0.089013,158.78268132428272,,0.00,0.00,0.00,0.000000,119.3,,,,,,
1776548061.326923,2531,119.5,track,ekf,,620,536,-0.678449,5.970348,23.745702,-0.002543,0.022380,0.089013,158.91794838601575,,0.00,0.00,0.00,0.000000,85.9,,,,,,
1776548061.413088,2532,86.2,track,ekf,,620,536,-0.678668,5.972276,23.753371,-0.002543,0.022380,0.089013,159.01547389398965,,0.00,0.00,0.00,0.000000,90.3,,,,,,
1776548061.503618,2533,90.5,track,ekf,,620,536,-0.678898,5.974302,23.761430,-0.002543,0.022380,0.089013,159.11797047811146,,0.00,0.00,0.00,0.000000,89.3,,,,,,
1776548061.593136,2534,89.5,track,ekf,,620,536,-0.679126,5.976306,23.769398,-0.002543,0.022380,0.089013,159.21934825905254,,0.00,0.00,0.00,0.000000,92.9,,,,,,
1776548061.686458,2535,93.3,track,ekf,,620,536,-0.679363,5.978394,23.777705,-0.002543,0.022380,0.089013,159.32506489640394,,0.00,0.00,0.00,0.000000,121.2,,,,,,
1776548061.807883,2536,121.4,track,ekf,,620,536,-0.679672,5.981112,23.788513,-0.002543,0.022380,0.089013,159.46266426755724,,0.00,0.00,0.00,0.000000,88.3,,,,,,
1776548061.896486,2537,88.6,track,ekf,,620,536,-0.679897,5.983095,23.796400,-0.002543,0.022380,0.089013,159.56310127325824,,0.00,0.00,0.00,0.000000,91.5,,,,,,
1776548061.988230,2538,91.7,track,ekf,,620,536,-0.680130,5.985148,23.804566,-0.002543,0.022380,0.089013,159.6671272856775,,0.00,0.00,0.00,0.000000,91.6,,,,,,
1776548062.080025,2539,91.8,track,ekf,,620,536,-0.680364,5.987203,23.812737,-0.002543,0.022380,0.089013,159.77124080534287,,0.00,0.00,0.00,0.000000,93.6,,,,,,
1776548062.174004,2540,94.0,track,ekf,,620,536,-0.680603,5.989306,23.821103,-0.002543,0.022380,0.089013,159.8778624298651,,0.00,0.00,0.00,0.000000,120.1,,,,,,
1776548062.294369,2541,120.4,track,ekf,,620,536,-0.680909,5.992000,23.831817,-0.002543,0.022380,0.089013,160.01446665178324,,0.00,0.00,0.00,0.000000,85.9,,,,,,
1776548062.380518,2542,86.1,track,ekf,,620,536,-0.681128,5.993928,23.839485,-0.002543,0.022380,0.089013,160.11226843049494,,0.00,0.00,0.00,0.000000,92.1,,,,,,
1776548062.472948,2543,92.4,track,ekf,,620,536,-0.681363,5.995996,23.847712,-0.002543,0.022380,0.089013,160.21723017799135,,0.00,0.00,0.00,0.000000,91.6,,,,,,
1776548062.564890,2544,91.9,track,ekf,,620,536,-0.681597,5.998054,23.855896,-0.002543,0.022380,0.089013,160.3216663690499,,0.00,0.00,0.00,0.000000,90.8,,,,,,
1776548062.655969,2545,91.1,track,ekf,,620,536,-0.681829,6.000092,23.864004,-0.002543,0.022380,0.089013,160.425152212381,,0.00,0.00,0.00,0.000000,122.1,,,,,,
1776548062.778316,2546,122.3,track,ekf,,620,536,-0.682140,6.002831,23.874894,-0.002543,0.022380,0.089013,160.5642135986419,,0.00,0.00,0.00,0.000000,93.7,,,,,,
1776548062.872232,2547,93.9,track,ekf,,620,536,-0.682379,6.004932,23.883254,-0.002543,0.022380,0.089013,160.6709936998157,,0.00,0.00,0.00,0.000000,92.7,,,,,,
1776548062.965605,2548,93.4,track,ekf,,620,536,-0.682616,6.007022,23.891565,-0.002543,0.022380,0.089013,160.7771866522438,,0.00,0.00,0.00,0.000000,92.3,,,,,,
1776548063.058329,2549,92.7,track,ekf,,620,536,-0.682852,6.009097,23.899819,-0.002543,0.022380,0.089013,160.8826714628733,,0.00,0.00,0.00,0.000000,91.8,,,,,,
1776548063.150415,2550,92.1,track,ekf,,620,536,-0.683086,6.011158,23.908016,-0.002543,0.022380,0.089013,160.98746160147869,,0.00,0.00,0.00,0.000000,120.2,,,,,,
1776548063.270921,2551,120.5,detect,ekf,,620,536,-0.683393,6.013855,23.918742,-0.002543,0.022380,0.089013,161.12463809562186,,0.00,0.00,0.00,0.000000,243.1,,,,,,
1776548063.514205,2552,243.3,track,ekf,,620,536,-0.684011,6.019300,23.940398,-0.002543,0.022380,0.089013,161.40173766102578,,0.00,0.00,0.00,0.000000,93.6,,,,,,
1776548063.608144,2553,93.9,track,ekf,,620,536,-0.684250,6.021402,23.948759,-0.002543,0.022380,0.089013,161.5087834736082,,0.00,0.00,0.00,0.000000,92.6,,,,,,
1776548063.701011,2554,92.9,track,ekf,,620,536,-0.684486,6.023481,23.957026,-0.002543,0.022380,0.089013,161.61463773789467,,0.00,0.00,0.00,0.000000,89.7,,,,,,
1776548063.791052,2555,90.0,track,ekf,,620,536,-0.684715,6.025496,23.965040,-0.002543,0.022380,0.089013,161.71730057862686,,0.00,0.00,0.00,0.000000,120.6,,,,,,
1776548063.911917,2556,120.9,track,ekf,,620,536,-0.685023,6.028201,23.975799,-0.002543,0.022380,0.089013,161.85515436931664,,0.00,0.00,0.00,0.000000,91.2,,,,,,
1776548064.003326,2557,91.4,track,ekf,,620,536,-0.685255,6.030247,23.983935,-0.002543,0.022380,0.089013,161.95944463370986,,0.00,0.00,0.00,0.000000,90.3,,,,,,
1776548064.093864,2558,90.5,track,ekf,,620,536,-0.685486,6.032273,23.991995,-0.002543,0.022380,0.089013,162.06277018659887,,0.00,0.00,0.00,0.000000,91.3,,,,,,
1776548064.185568,2559,91.7,track,ekf,,620,536,-0.685719,6.034325,24.000157,-0.002543,0.022380,0.089013,162.16745519356112,,0.00,0.00,0.00,0.000000,92.8,,,,,,
1776548064.278625,2560,93.1,track,ekf,,620,536,-0.685955,6.036408,24.008441,-0.002543,0.022380,0.089013,162.27371581540328,,0.00,0.00,0.00,0.000000,117.4,,,,,,
1776548064.396262,2561,117.6,track,ekf,,620,536,-0.686255,6.039041,24.018912,-0.002543,0.022380,0.089013,162.40808776315262,,0.00,0.00,0.00,0.000000,88.4,,,,,,
1776548064.485068,2562,88.8,track,ekf,,620,536,-0.686480,6.041028,24.026817,-0.002543,0.022380,0.089013,162.50955843744478,,0.00,0.00,0.00,0.000000,92.3,,,,,,
1776548064.577634,2563,92.6,track,ekf,,620,536,-0.686716,6.043100,24.035056,-0.002543,0.022380,0.089013,162.61535454147617,,0.00,0.00,0.00,0.000000,90.4,,,,,,
1776548064.668303,2564,90.7,track,ekf,,620,536,-0.686946,6.045129,24.043127,-0.002543,0.022380,0.089013,162.71901075028808,,0.00,0.00,0.00,0.000000,89.7,,,,,,
1776548064.758220,2565,89.9,track,ekf,,620,536,-0.687175,6.047141,24.051131,-0.002543,0.022380,0.089013,162.82183666427625,,0.00,0.00,0.00,0.000000,121.1,,,,,,
1776548064.879570,2566,121.4,track,ekf,,620,536,-0.687484,6.049857,24.061932,-0.002543,0.022380,0.089013,162.9606549095735,,0.00,0.00,0.00,0.000000,91.3,,,,,,
1776548064.971116,2567,91.5,track,ekf,,620,536,-0.687717,6.051906,24.070081,-0.002543,0.022380,0.089013,163.06541015373494,,0.00,0.00,0.00,0.000000,91.2,,,,,,
1776548065.062540,2568,91.4,track,ekf,,620,536,-0.687949,6.053952,24.078219,-0.002543,0.022380,0.089013,163.17005486754334,,0.00,0.00,0.00,0.000000,91.1,,,,,,
1776548065.153830,2569,91.3,track,ekf,,620,536,-0.688181,6.055995,24.086345,-0.002543,0.022380,0.089013,163.2745758067841,,0.00,0.00,0.00,0.000000,90.6,,,,,,
1776548065.244750,2570,90.9,track,ekf,,620,536,-0.688413,6.058030,24.094438,-0.002543,0.022380,0.089013,163.3787027264629,,0.00,0.00,0.00,0.000000,118.4,,,,,,
1776548065.363358,2571,118.6,track,ekf,,620,536,-0.688714,6.060685,24.104996,-0.002543,0.022380,0.089013,163.51458350331424,,0.00,0.00,0.00,0.000000,90.3,,,,,,
1776548065.453838,2572,90.5,track,ekf,,620,536,-0.688944,6.062710,24.113049,-0.002543,0.022380,0.089013,163.61827052473478,,0.00,0.00,0.00,0.000000,91.9,,,,,,
1776548065.546002,2573,92.2,track,ekf,,620,536,-0.689179,6.064772,24.121253,-0.002543,0.022380,0.089013,163.72391780965566,,0.00,0.00,0.00,0.000000,90.8,,,,,,
1776548065.637057,2574,91.1,track,ekf,,620,536,-0.689410,6.066810,24.129358,-0.002543,0.022380,0.089013,163.82832291172622,,0.00,0.00,0.00,0.000000,90.0,,,,,,
1776548065.727423,2575,90.4,track,ekf,,620,536,-0.689640,6.068833,24.137402,-0.002543,0.022380,0.089013,163.9319653162115,,0.00,0.00,0.00,0.000000,119.2,,,,,,
1776548065.846877,2576,119.5,track,ekf,,620,536,-0.689944,6.071506,24.148035,-0.002543,0.022380,0.089013,164.069015688676,,0.00,0.00,0.00,0.000000,90.7,,,,,,
1776548065.937809,2577,90.9,track,ekf,,620,536,-0.690175,6.073541,24.156129,-0.002543,0.022380,0.089013,164.1733746650754,,0.00,0.00,0.00,0.000000,91.8,,,,,,
1776548066.031389,2578,93.6,track,ekf,,620,536,-0.690413,6.075635,24.164459,-0.002543,0.022380,0.089013,164.28080209997066,,0.00,0.00,0.00,0.000000,92.2,,,,,,
1776548066.123771,2579,92.4,track,ekf,,620,536,-0.690648,6.077703,24.172682,-0.002543,0.022380,0.089013,164.38688309464632,,0.00,0.00,0.00,0.000000,91.4,,,,,,
1776548066.215405,2580,91.6,track,ekf,,620,536,-0.690881,6.079754,24.180839,-0.002543,0.022380,0.089013,164.49213609271752,,0.00,0.00,0.00,0.000000,119.0,,,,,,
1776548066.334618,2581,119.2,detect,ekf,,620,536,-0.691184,6.082422,24.191450,-0.002543,0.022380,0.089013,164.62911072346608,,0.00,0.00,0.00,0.000000,248.2,,,,,,
1776548066.583148,2582,248.5,track,ekf,,620,536,-0.691816,6.087984,24.213572,-0.002543,0.022380,0.089013,164.9148353799163,,0.00,0.00,0.00,0.000000,93.2,,,,,,
1776548066.676574,2583,93.4,track,ekf,,620,536,-0.692054,6.090075,24.221889,-0.002543,0.022380,0.089013,165.0222918425973,,0.00,0.00,0.00,0.000000,90.4,,,,,,
1776548066.767222,2584,90.6,track,ekf,,620,536,-0.692284,6.092104,24.229957,-0.002543,0.022380,0.089013,165.12658246324943,,0.00,0.00,0.00,0.000000,89.8,,,,,,
1776548066.857442,2585,90.2,track,ekf,,620,536,-0.692514,6.094123,24.237988,-0.002543,0.022380,0.089013,165.23040934194051,,0.00,0.00,0.00,0.000000,119.3,,,,,,
1776548066.976962,2586,119.5,track,ekf,,620,536,-0.692818,6.096798,24.248627,-0.002543,0.022380,0.089013,165.3680014896057,,0.00,0.00,0.00,0.000000,90.6,,,,,,
1776548067.067848,2587,90.9,track,ekf,,620,536,-0.693049,6.098832,24.256717,-0.002543,0.022380,0.089013,165.47266097710562,,0.00,0.00,0.00,0.000000,90.5,,,,,,
1776548067.158580,2588,90.7,track,ekf,,620,536,-0.693280,6.100862,24.264793,-0.002543,0.022380,0.089013,165.5771715547403,,0.00,0.00,0.00,0.000000,91.6,,,,,,
1776548067.250464,2589,91.9,track,ekf,,620,536,-0.693513,6.102919,24.272972,-0.002543,0.022380,0.089013,165.6830386692423,,0.00,0.00,0.00,0.000000,90.6,,,,,,
1776548067.341454,2590,91.0,track,ekf,,620,536,-0.693745,6.104955,24.281071,-0.002543,0.022380,0.089013,165.78790446672915,,0.00,0.00,0.00,0.000000,116.8,,,,,,
1776548067.458577,2591,117.1,track,ekf,,620,536,-0.694043,6.107576,24.291497,-0.002543,0.022380,0.089013,165.92293281879273,,0.00,0.00,0.00,0.000000,89.7,,,,,,
1776548067.548577,2592,90.0,track,ekf,,620,536,-0.694272,6.109591,24.299508,-0.002543,0.022380,0.089013,166.0267223486001,,0.00,0.00,0.00,0.000000,90.5,,,,,,
1776548067.639300,2593,90.7,track,ekf,,620,536,-0.694502,6.111621,24.307583,-0.002543,0.022380,0.089013,166.131374245788,,0.00,0.00,0.00,0.000000,90.2,,,,,,
1776548067.729738,2594,90.4,track,ekf,,620,536,-0.694732,6.113645,24.315633,-0.002543,0.022380,0.089013,166.2357252577621,,0.00,0.00,0.00,0.000000,90.9,,,,,,
1776548067.820850,2595,91.1,track,ekf,,620,536,-0.694964,6.115684,24.323744,-0.002543,0.022380,0.089013,166.34088259154947,,0.00,0.00,0.00,0.000000,122.7,,,,,,
1776548067.943788,2596,122.9,track,ekf,,620,536,-0.695277,6.118436,24.334687,-0.002543,0.022380,0.089013,166.48282003402338,,0.00,0.00,0.00,0.000000,92.4,,,,,,
1776548068.036453,2597,92.7,track,ekf,,620,536,-0.695512,6.120509,24.342935,-0.002543,0.022380,0.089013,166.58983740073324,,0.00,0.00,0.00,0.000000,90.9,,,,,,
1776548068.127714,2598,91.3,track,ekf,,620,536,-0.695745,6.122552,24.351058,-0.002543,0.022380,0.089013,166.69526320142216,,0.00,0.00,0.00,0.000000,91.8,,,,,,
1776548068.219740,2599,92.0,track,ekf,,620,536,-0.695979,6.124611,24.359250,-0.002543,0.022380,0.089013,166.8016022448327,,0.00,0.00,0.00,0.000000,90.1,,,,,,
1776548068.310229,2600,90.5,track,ekf,,620,536,-0.696209,6.126637,24.367305,-0.002543,0.022380,0.089013,166.90619294780342,,0.00,0.00,0.00,0.000000,118.9,,,,,,
1776548068.429412,2601,119.2,track,ekf,,620,536,-0.696512,6.129304,24.377913,-0.002543,0.022380,0.089013,167.0439937773236,,0.00,0.00,0.00,0.000000,93.4,,,,,,
1776548068.523138,2602,93.7,track,ekf,,620,536,-0.696750,6.131402,24.386256,-0.002543,0.022380,0.089013,167.15239482425667,,0.00,0.00,0.00,0.000000,92.7,,,,,,
1776548068.616229,2603,93.1,track,ekf,,620,536,-0.696987,6.133485,24.394542,-0.002543,0.022380,0.089013,167.26009060787214,,0.00,0.00,0.00,0.000000,92.2,,,,,,
1776548068.708818,2604,92.6,track,ekf,,620,536,-0.697222,6.135557,24.402784,-0.002543,0.022380,0.089013,167.36723449110204,,0.00,0.00,0.00,0.000000,93.5,,,,,,
1776548068.802694,2605,93.9,track,ekf,,620,536,-0.697461,6.137658,24.411140,-0.002543,0.022380,0.089013,167.47589923202918,,0.00,0.00,0.00,0.000000,123.4,,,,,,
1776548068.926311,2606,123.6,track,ekf,,620,536,-0.697776,6.140425,24.422144,-0.002543,0.022380,0.089013,167.61903693996177,,0.00,0.00,0.00,0.000000,92.1,,,,,,
1776548069.018753,2607,92.4,track,ekf,,620,536,-0.698011,6.142494,24.430372,-0.002543,0.022380,0.089013,167.7261095049288,,0.00,0.00,0.00,0.000000,96.3,,,,,,
1776548069.115510,2608,96.8,track,ekf,,620,536,-0.698257,6.144659,24.438985,-0.002543,0.022380,0.089013,167.83821218127957,,0.00,0.00,0.00,0.000000,95.0,,,,,,
1776548069.210873,2609,95.4,track,ekf,,620,536,-0.698499,6.146793,24.447473,-0.002543,0.022380,0.089013,167.94872969435258,,0.00,0.00,0.00,0.000000,89.1,,,,,,
1776548069.300230,2610,89.4,track,ekf,,620,536,-0.698726,6.148793,24.455427,-0.002543,0.022380,0.089013,168.0523157607178,,0.00,0.00,0.00,0.000000,117.5,,,,,,
1776548069.418025,2611,117.8,detect,ekf,,620,536,-0.699026,6.151429,24.465913,-0.002543,0.022380,0.089013,168.1889126172487,,0.00,0.00,0.00,0.000000,229.3,,,,,,
1776548069.647604,2612,229.6,track,ekf,,620,536,-0.699610,6.156567,24.486348,-0.002543,0.022380,0.089013,168.4552759615913,,0.00,0.00,0.00,0.000000,92.7,,,,,,
1776548069.740537,2613,92.9,track,ekf,,620,536,-0.699846,6.158647,24.494620,-0.002543,0.022380,0.089013,168.56314490394428,,0.00,0.00,0.00,0.000000,90.5,,,,,,
1776548069.831241,2614,90.7,track,ekf,,620,536,-0.700077,6.160677,24.502694,-0.002543,0.022380,0.089013,168.6684551406205,,0.00,0.00,0.00,0.000000,91.0,,,,,,
1776548069.922532,2615,91.3,track,ekf,,620,536,-0.700309,6.162720,24.510820,-0.002543,0.022380,0.089013,168.77447686632496,,0.00,0.00,0.00,0.000000,118.4,,,,,,
1776548070.041246,2616,118.7,track,ekf,,620,536,-0.700611,6.165377,24.521387,-0.002543,0.022380,0.089013,168.91239071382608,,0.00,0.00,0.00,0.000000,89.4,,,,,,
1776548070.130883,2617,89.6,track,ekf,,620,536,-0.700839,6.167383,24.529366,-0.002543,0.022380,0.089013,169.01655474438886,,0.00,0.00,0.00,0.000000,93.6,,,,,,
1776548070.224795,2618,93.9,track,ekf,,620,536,-0.701078,6.169485,24.537725,-0.002543,0.022380,0.089013,169.1257170386863,,0.00,0.00,0.00,0.000000,90.2,,,,,,
1776548070.315410,2619,90.6,track,ekf,,620,536,-0.701308,6.171513,24.545791,-0.002543,0.022380,0.089013,169.23107534389823,,0.00,0.00,0.00,0.000000,88.0,,,,,,
1776548070.403736,2620,88.3,track,ekf,,620,536,-0.701533,6.173490,24.553653,-0.002543,0.022380,0.089013,169.33379888836575,,0.00,0.00,0.00,0.000000,118.5,,,,,,
1776548070.522463,2621,118.7,track,ekf,,620,536,-0.701835,6.176147,24.564221,-0.002543,0.022380,0.089013,169.47192293461254,,0.00,0.00,0.00,0.000000,94.9,,,,,,
1776548070.617696,2622,95.2,track,ekf,,620,536,-0.702077,6.178278,24.572698,-0.002543,0.022380,0.089013,169.58274876760257,,0.00,0.00,0.00,0.000000,93.4,,,,,,
1776548070.711370,2623,93.7,track,ekf,,620,536,-0.702315,6.180375,24.581037,-0.002543,0.022380,0.089013,169.69178993118766,,0.00,0.00,0.00,0.000000,92.9,,,,,,
1776548070.804503,2624,93.1,track,ekf,,620,536,-0.702552,6.182459,24.589327,-0.002543,0.022380,0.089013,169.80023219826992,,0.00,0.00,0.00,0.000000,94.6,,,,,,
1776548070.899565,2625,95.1,track,ekf,,620,536,-0.702794,6.184587,24.597788,-0.002543,0.022380,0.089013,169.91094988981934,,0.00,0.00,0.00,0.000000,125.9,,,,,,
1776548071.025739,2626,126.2,track,ekf,,620,536,-0.703115,6.187411,24.609019,-0.002543,0.022380,0.089013,170.05795358121742,,0.00,0.00,0.00,0.000000,95.1,,,,,,
1776548071.121137,2627,95.4,track,ekf,,620,536,-0.703357,6.189546,24.617511,-0.002543,0.022380,0.089013,170.16913533827613,,0.00,0.00,0.00,0.000000,89.9,,,,,,
1776548071.211230,2628,90.1,track,ekf,,620,536,-0.703587,6.191562,24.625530,-0.002543,0.022380,0.089013,170.27416196708572,,0.00,0.00,0.00,0.000000,89.4,,,,,,
1776548071.300903,2629,89.7,track,ekf,,620,536,-0.703815,6.193569,24.633512,-0.002543,0.022380,0.089013,170.37872611901565,,0.00,0.00,0.00,0.000000,89.2,,,,,,
1776548071.390281,2630,89.4,track,ekf,,620,536,-0.704042,6.195569,24.641468,-0.002543,0.022380,0.089013,170.4829742422829,,0.00,0.00,0.00,0.000000,128.0,,,,,,
1776548071.518598,2631,128.3,track,ekf,,620,536,-0.704368,6.198441,24.652890,-0.002543,0.022380,0.089013,170.63268955910664,,0.00,0.00,0.00,0.000000,96.3,,,,,,
1776548071.615227,2632,96.6,track,ekf,,620,536,-0.704614,6.200604,24.661491,-0.002543,0.022380,0.089013,170.74546856648195,,0.00,0.00,0.00,0.000000,97.6,,,,,,
1776548071.713061,2633,97.8,track,ekf,,620,536,-0.704863,6.202793,24.670200,-0.002543,0.022380,0.089013,170.85968498940116,,0.00,0.00,0.00,0.000000,98.7,,,,,,
1776548071.811994,2634,98.9,track,ekf,,620,536,-0.705114,6.205007,24.679006,-0.002543,0.022380,0.089013,170.97521913942967,,0.00,0.00,0.00,0.000000,99.9,,,,,,
1776548071.912075,2635,100.1,track,ekf,,620,536,-0.705369,6.207247,24.687915,-0.002543,0.022380,0.089013,171.09212669753185,,0.00,0.00,0.00,0.000000,129.5,,,,,,
1776548072.041888,2636,129.8,track,ekf,,620,536,-0.705699,6.210152,24.699470,-0.002543,0.022380,0.089013,171.24381762634152,,0.00,0.00,0.00,0.000000,96.3,,,,,,
1776548072.138492,2637,96.6,track,ekf,,620,536,-0.705945,6.212314,24.708069,-0.002543,0.022380,0.089013,171.35673857721162,,0.00,0.00,0.00,0.000000,96.1,,,,,,
1776548072.234848,2638,96.4,track,ekf,,620,536,-0.706190,6.214471,24.716645,-0.002543,0.022380,0.089013,171.4694004788512,,0.00,0.00,0.00,0.000000,94.8,,,,,,
1776548072.329981,2639,95.1,track,ekf,,620,536,-0.706432,6.216600,24.725113,-0.002543,0.022380,0.089013,171.5806634930812,,0.00,0.00,0.00,0.000000,95.7,,,,,,
1776548072.425969,2640,96.0,track,ekf,,620,536,-0.706676,6.218748,24.733658,-0.002543,0.022380,0.089013,171.69295852541669,,0.00,0.00,0.00,0.000000,125.5,,,,,,
1776548072.551758,2641,125.8,detect,ekf,,620,536,-0.706996,6.221563,24.744854,-0.002543,0.022380,0.089013,171.84016570017016,,0.00,0.00,0.00,0.000000,261.7,,,,,,
1776548072.813750,2642,262.0,track,ekf,,620,536,-0.707662,6.227427,24.768175,-0.002543,0.022380,0.089013,172.1469464047698,,0.00,0.00,0.00,0.000000,99.0,,,,,,
1776548072.913111,2643,99.4,track,ekf,,620,536,-0.707915,6.229651,24.777019,-0.002543,0.022380,0.089013,172.26334738456214,,0.00,0.00,0.00,0.000000,97.1,,,,,,
1776548073.010437,2644,97.3,track,ekf,,620,536,-0.708162,6.231829,24.785683,-0.002543,0.022380,0.089013,172.3773975877656,,0.00,0.00,0.00,0.000000,96.2,,,,,,
1776548073.106905,2645,96.5,track,ekf,,620,536,-0.708408,6.233988,24.794270,-0.002543,0.022380,0.089013,172.49047461378333,,0.00,0.00,0.00,0.000000,127.5,,,,,,
1776548073.234706,2646,127.8,track,ekf,,620,536,-0.708733,6.236848,24.805646,-0.002543,0.022380,0.089013,172.64033054127339,,0.00,0.00,0.00,0.000000,93.9,,,,,,
1776548073.328817,2647,94.1,track,ekf,,620,536,-0.708972,6.238954,24.814023,-0.002543,0.022380,0.089013,172.75071503755723,,0.00,0.00,0.00,0.000000,96.2,,,,,,
1776548073.425394,2648,96.6,track,ekf,,620,536,-0.709218,6.241116,24.822619,-0.002543,0.022380,0.089013,172.86402471930086,,0.00,0.00,0.00,0.000000,96.3,,,,,,
1776548073.521961,2649,96.6,track,ekf,,620,536,-0.709463,6.243277,24.831215,-0.002543,0.022380,0.089013,172.97735385997626,,0.00,0.00,0.00,0.000000,96.7,,,,,,
1776548073.618995,2650,97.0,track,ekf,,620,536,-0.709710,6.245449,24.839852,-0.002543,0.022380,0.089013,173.09126338076547,,0.00,0.00,0.00,0.000000,125.9,,,,,,
1776548073.745175,2651,126.2,track,ekf,,620,536,-0.710031,6.248272,24.851084,-0.002543,0.022380,0.089013,173.23943701491896,,0.00,0.00,0.00,0.000000,96.6,,,,,,
1776548073.841993,2652,96.8,track,ekf,,620,536,-0.710277,6.250439,24.859702,-0.002543,0.022380,0.089013,173.35316582201165,,0.00,0.00,0.00,0.000000,98.8,,,,,,
1776548073.941018,2653,99.0,track,ekf,,620,536,-0.710529,6.252656,24.868516,-0.002543,0.022380,0.089013,173.46951990166545,,0.00,0.00,0.00,0.000000,96.5,,,,,,
1776548074.037858,2654,96.8,track,ekf,,620,536,-0.710775,6.254823,24.877136,-0.002543,0.022380,0.089013,173.58333844151045,,0.00,0.00,0.00,0.000000,96.6,,,,,,
1776548074.134661,2655,96.8,track,ekf,,620,536,-0.711022,6.256989,24.885753,-0.002543,0.022380,0.089013,173.69714525705209,,0.00,0.00,0.00,0.000000,126.1,,,,,,
1776548074.261084,2656,126.4,track,ekf,,620,536,-0.711343,6.259819,24.897006,-0.002543,0.022380,0.089013,173.84582468951336,,0.00,0.00,0.00,0.000000,94.5,,,,,,
1776548074.355817,2657,94.7,track,ekf,,620,536,-0.711584,6.261939,24.905439,-0.002543,0.022380,0.089013,173.95726774371275,,0.00,0.00,0.00,0.000000,97.8,,,,,,
1776548074.453831,2658,98.0,track,ekf,,620,536,-0.711833,6.264132,24.914163,-0.002543,0.022380,0.089013,174.07260427589566,,0.00,0.00,0.00,0.000000,96.3,,,,,,
1776548074.550370,2659,96.5,track,ekf,,620,536,-0.712079,6.266293,24.922756,-0.002543,0.022380,0.089013,174.18623578413968,,0.00,0.00,0.00,0.000000,96.5,,,,,,
1776548074.647215,2660,96.8,track,ekf,,620,536,-0.712325,6.268460,24.931377,-0.002543,0.022380,0.089013,174.30025952539543,,0.00,0.00,0.00,0.000000,129.5,,,,,,
1776548074.776982,2661,129.8,track,ekf,,620,536,-0.712655,6.271365,24.942928,-0.002543,0.022380,0.089013,174.4530963994287,,0.00,0.00,0.00,0.000000,97.6,,,,,,
1776548074.874953,2662,98.0,track,ekf,,620,536,-0.712904,6.273557,24.951648,-0.002543,0.022380,0.089013,174.56852005981165,,0.00,0.00,0.00,0.000000,96.6,,,,,,
1776548074.971842,2663,96.9,track,ekf,,620,536,-0.713151,6.275726,24.960273,-0.002543,0.022380,0.089013,174.68270163913658,,0.00,0.00,0.00,0.000000,95.4,,,,,,
1776548075.067601,2664,95.8,track,ekf,,620,536,-0.713394,6.277869,24.968796,-0.002543,0.022380,0.089013,174.79558132272794,,0.00,0.00,0.00,0.000000,91.4,,,,,,
1776548075.159251,2665,91.7,track,ekf,,620,536,-0.713627,6.279920,24.976954,-0.002543,0.022380,0.089013,174.90364669633988,,0.00,0.00,0.00,0.000000,124.3,,,,,,
1776548075.283762,2666,124.5,track,ekf,,620,536,-0.713944,6.282707,24.988038,-0.002543,0.022380,0.089013,175.05050654868745,,0.00,0.00,0.00,0.000000,96.8,,,,,,
1776548075.380913,2667,97.2,track,ekf,,620,536,-0.714191,6.284881,24.996685,-0.002543,0.022380,0.089013,175.16512933040272,,0.00,0.00,0.00,0.000000,99.0,,,,,,
1776548075.480152,2668,99.2,track,ekf,,620,536,-0.714443,6.287102,25.005519,-0.002543,0.022380,0.089013,175.28224920787517,,0.00,0.00,0.00,0.000000,98.6,,,,,,
1776548075.580385,2669,100.2,track,ekf,,620,536,-0.714698,6.289345,25.014441,-0.002543,0.022380,0.089013,175.40057608572997,,0.00,0.00,0.00,0.000000,98.7,,,,,,
1776548075.679276,2670,98.9,track,ekf,,620,536,-0.714950,6.291558,25.023243,-0.002543,0.022380,0.089013,175.5173510651597,,0.00,0.00,0.00,0.000000,129.3,,,,,,
1776548075.808872,2671,129.6,detect,ekf,,620,536,-0.715279,6.294459,25.034779,-0.002543,0.022380,0.089013,175.6704366719925,,0.00,0.00,0.00,0.000000,258.1,,,,,,
1776548076.067225,2672,258.4,track,ekf,,620,536,-0.715936,6.300241,25.057776,-0.002543,0.022380,0.089013,175.9757889093562,,0.00,0.00,0.00,0.000000,91.1,,,,,,
1776548076.158567,2673,91.3,track,ekf,,620,536,-0.716169,6.302285,25.065906,-0.002543,0.022380,0.089013,176.08379516173275,,0.00,0.00,0.00,0.000000,89.3,,,,,,
1776548076.248284,2674,89.7,track,ekf,,620,536,-0.716397,6.304293,25.073892,-0.002543,0.022380,0.089013,176.18990685589046,,0.00,0.00,0.00,0.000000,90.3,,,,,,
1776548076.338977,2675,90.7,track,ekf,,620,536,-0.716628,6.306323,25.081965,-0.002543,0.022380,0.089013,176.29720108216088,,0.00,0.00,0.00,0.000000,120.3,,,,,,
1776548076.459717,2676,120.7,track,ekf,,620,536,-0.716935,6.309025,25.092712,-0.002543,0.022380,0.089013,176.44008856531835,,0.00,0.00,0.00,0.000000,97.6,,,,,,
1776548076.557582,2677,97.9,track,ekf,,620,536,-0.717184,6.311215,25.101424,-0.002543,0.022380,0.089013,176.55593889307923,,0.00,0.00,0.00,0.000000,90.9,,,,,,
1776548076.648777,2678,91.2,track,ekf,,620,536,-0.717415,6.313256,25.109541,-0.002543,0.022380,0.089013,176.6639231506003,,0.00,0.00,0.00,0.000000,91.7,,,,,,
1776548076.740781,2679,92.0,track,ekf,,620,536,-0.717649,6.315315,25.117731,-0.002543,0.022380,0.089013,176.7728923989029,,0.00,0.00,0.00,0.000000,90.4,,,,,,
1776548076.831380,2680,90.6,track,ekf,,620,536,-0.717880,6.317343,25.125795,-0.002543,0.022380,0.089013,176.8802264615872,,0.00,0.00,0.00,0.000000,121.9,,,,,,
1776548076.953537,2681,122.2,track,ekf,,620,536,-0.718191,6.320077,25.136669,-0.002543,0.022380,0.089013,177.02499287826123,,0.00,0.00,0.00,0.000000,87.9,,,,,,
1776548077.041659,2682,88.1,track,ekf,,620,536,-0.718415,6.322049,25.144513,-0.002543,0.022380,0.089013,177.1294540378376,,0.00,0.00,0.00,0.000000,91.4,,,,,,
1776548077.133275,2683,91.6,track,ekf,,620,536,-0.718648,6.324099,25.152668,-0.002543,0.022380,0.089013,177.23808529868728,,0.00,0.00,0.00,0.000000,91.7,,,,,,
1776548077.225173,2684,91.9,track,ekf,,620,536,-0.718881,6.326156,25.160848,-0.002543,0.022380,0.089013,177.34707929286168,,0.00,0.00,0.00,0.000000,88.3,,,,,,
1776548077.313759,2685,88.6,track,ekf,,620,536,-0.719107,6.328139,25.168733,-0.002543,0.022380,0.089013,177.45217188838654,,0.00,0.00,0.00,0.000000,116.3,,,,,,
1776548077.430374,2686,116.6,track,ekf,,620,536,-0.719403,6.330748,25.179113,-0.002543,0.022380,0.089013,177.59055705954904,,0.00,0.00,0.00,0.000000,91.3,,,,,,
1776548077.522045,2687,91.7,track,ekf,,620,536,-0.719636,6.332800,25.187273,-0.002543,0.022380,0.089013,177.69937298953408,,0.00,0.00,0.00,0.000000,90.0,,,,,,
1776548077.612242,2688,90.2,track,ekf,,620,536,-0.719866,6.334819,25.195302,-0.002543,0.022380,0.089013,177.8064655793118,,0.00,0.00,0.00,0.000000,91.5,,,,,,
1776548077.703967,2689,91.7,track,ekf,,620,536,-0.720099,6.336872,25.203466,-0.002543,0.022380,0.089013,177.9154004283034,,0.00,0.00,0.00,0.000000,92.2,,,,,,
1776548077.796421,2690,92.5,track,ekf,,620,536,-0.720334,6.338941,25.211696,-0.002543,0.022380,0.089013,178.0252299201359,,0.00,0.00,0.00,0.000000,120.0,,,,,,
1776548077.916675,2691,120.3,track,ekf,,620,536,-0.720640,6.341632,25.222400,-0.002543,0.022380,0.089013,178.16812905739044,,0.00,0.00,0.00,0.000000,91.5,,,,,,
1776548078.008400,2692,91.7,track,ekf,,620,536,-0.720873,6.343685,25.230565,-0.002543,0.022380,0.089013,178.27715734359134,,0.00,0.00,0.00,0.000000,92.7,,,,,,
1776548078.101398,2693,93.0,track,ekf,,620,536,-0.721110,6.345766,25.238843,-0.002543,0.022380,0.089013,178.38772742775936,,0.00,0.00,0.00,0.000000,89.9,,,,,,
1776548078.191643,2694,90.2,track,ekf,,620,536,-0.721339,6.347786,25.246876,-0.002543,0.022380,0.089013,178.49505199798642,,0.00,0.00,0.00,0.000000,88.2,,,,,,
1776548078.280272,2695,88.6,track,ekf,,620,536,-0.721565,6.349769,25.254765,-0.002543,0.022380,0.089013,178.6004799499287,,0.00,0.00,0.00,0.000000,116.7,,,,,,
1776548078.397174,2696,116.9,track,ekf,,620,536,-0.721862,6.352386,25.265171,-0.002543,0.022380,0.089013,178.7395826146629,,0.00,0.00,0.00,0.000000,88.5,,,,,,
1776548078.485948,2697,88.8,track,ekf,,620,536,-0.722088,6.354373,25.273073,-0.002543,0.022380,0.089013,178.84524442352506,,0.00,0.00,0.00,0.000000,90.5,,,,,,
1776548078.576700,2698,90.8,track,ekf,,620,536,-0.722319,6.356404,25.281151,-0.002543,0.022380,0.089013,178.95328801595096,,0.00,0.00,0.00,0.000000,90.7,,,,,,
1776548078.667664,2699,91.0,track,ekf,,620,536,-0.722550,6.358439,25.289248,-0.002543,0.022380,0.089013,179.0616112124359,,0.00,0.00,0.00,0.000000,90.0,,,,,,
1776548078.757962,2700,90.3,track,ekf,,620,536,-0.722780,6.360460,25.297285,-0.002543,0.022380,0.089013,179.16916977039816,,0.00,0.00,0.00,0.000000,121.1,,,,,,
1776548078.879326,2701,121.4,detect,ekf,,620,536,-0.723088,6.363177,25.308088,-0.002543,0.022380,0.089013,179.31377509584647,,0.00,0.00,0.00,0.000000,247.9,,,,,,
1776548079.127496,2702,248.2,track,ekf,,620,536,-0.723719,6.368731,25.330179,-0.002543,0.022380,0.089013,179.60963010122106,,0.00,0.00,0.00,0.000000,91.0,,,,,,
1776548079.218765,2703,91.3,track,ekf,,620,536,-0.723952,6.370773,25.338303,-0.002543,0.022380,0.089013,179.7184816160288,,0.00,0.00,0.00,0.000000,87.7,,,,,,
1776548079.306759,2704,88.0,track,ekf,,620,536,-0.724175,6.372743,25.346135,-0.002543,0.022380,0.089013,179.8234526085258,,0.00,0.00,0.00,0.000000,88.1,,,,,,
1776548079.395198,2705,88.4,track,ekf,,620,536,-0.724400,6.374722,25.354008,-0.002543,0.022380,0.089013,179.92898184531686,,0.00,0.00,0.00,0.000000,117.9,,,,,,
1776548079.513337,2706,118.1,track,ekf,,620,536,-0.724701,6.377366,25.364523,-0.002543,0.022380,0.089013,180.06999321397538,,0.00,0.00,0.00,0.000000,89.9,,,,,,
1776548079.603604,2707,90.3,track,ekf,,620,536,-0.724930,6.379386,25.372558,-0.002543,0.022380,0.089013,180.17776586829015,,0.00,0.00,0.00,0.000000,90.6,,,,,,
1776548079.694580,2708,91.0,track,ekf,,620,536,-0.725162,6.381422,25.380656,-0.002543,0.022380,0.089013,180.28641301454462,,0.00,0.00,0.00,0.000000,90.9,,,,,,
1776548079.785807,2709,91.2,track,ekf,,620,536,-0.725394,6.383464,25.388777,-0.002543,0.022380,0.089013,180.39538688301548,,0.00,0.00,0.00,0.000000,91.1,,,,,,
1776548079.877197,2710,91.4,track,ekf,,620,536,-0.725626,6.385509,25.396912,-0.002543,0.022380,0.089013,180.50458365234488,,0.00,0.00,0.00,0.000000,121.4,,,,,,
1776548079.998884,2711,121.7,track,ekf,,620,536,-0.725936,6.388233,25.407743,-0.002543,0.022380,0.089013,180.6500262558389,,0.00,0.00,0.00,0.000000,90.3,,,,,,
1776548080.089487,2712,90.6,track,ekf,,620,536,-0.726166,6.390260,25.415808,-0.002543,0.022380,0.089013,180.75834659416262,,0.00,0.00,0.00,0.000000,91.0,,,,,,
1776548080.180782,2713,91.3,track,ekf,,620,536,-0.726398,6.392304,25.423934,-0.002543,0.022380,0.089013,180.86752121023747,,0.00,0.00,0.00,0.000000,90.2,,,,,,
1776548080.271255,2714,90.5,track,ekf,,620,536,-0.726628,6.394328,25.431988,-0.002543,0.022380,0.089013,180.97574086728764,,0.00,0.00,0.00,0.000000,88.0,,,,,,
1776548080.359643,2715,88.4,track,ekf,,620,536,-0.726853,6.396306,25.439855,-0.002543,0.022380,0.089013,181.08149183443936,,0.00,0.00,0.00,0.000000,119.1,,,,,,
1776548080.479001,2716,119.4,track,ekf,,620,536,-0.727157,6.398978,25.450480,-0.002543,0.022380,0.089013,181.22434106205455,,0.00,0.00,0.00,0.000000,90.7,,,,,,
1776548080.569921,2717,90.9,track,ekf,,620,536,-0.727388,6.401013,25.458573,-0.002543,0.022380,0.089013,181.33318512456728,,0.00,0.00,0.00,0.000000,90.9,,,,,,
1776548080.661211,2718,91.3,track,ekf,,620,536,-0.727620,6.403056,25.466699,-0.002543,0.022380,0.089013,181.44249974513232,,0.00,0.00,0.00,0.000000,93.8,,,,,,
1776548080.755345,2719,94.1,track,ekf,,620,536,-0.727859,6.405162,25.475078,-0.002543,0.022380,0.089013,181.5552479247395,,0.00,0.00,0.00,0.000000,90.1,,,,,,
1776548080.845664,2720,90.3,track,ekf,,620,536,-0.728089,6.407184,25.483117,-0.002543,0.022380,0.089013,181.66345436089694,,0.00,0.00,0.00,0.000000,119.9,,,,,,
1776548080.965821,2721,120.2,track,ekf,,620,536,-0.728395,6.409873,25.493813,-0.002543,0.022380,0.089013,181.80745284570543,,0.00,0.00,0.00,0.000000,91.2,,,,,,
1776548081.057204,2722,91.4,track,ekf,,620,536,-0.728627,6.411918,25.501947,-0.002543,0.022380,0.089013,181.91699815159365,,0.00,0.00,0.00,0.000000,91.9,,,,,,
1776548081.149415,2723,92.2,track,ekf,,620,536,-0.728862,6.413982,25.510155,-0.002543,0.022380,0.089013,182.02756352996153,,0.00,0.00,0.00,0.000000,91.6,,,,,,
1776548081.241232,2724,91.8,track,ekf,,620,536,-0.729095,6.416037,25.518328,-0.002543,0.022380,0.089013,182.13768481946482,,0.00,0.00,0.00,0.000000,88.9,,,,,,
1776548081.330451,2725,89.2,track,ekf,,620,536,-0.729322,6.418034,25.526270,-0.002543,0.022380,0.089013,182.24471693583305,,0.00,0.00,0.00,0.000000,116.6,,,,,,
1776548081.447304,2726,116.9,track,ekf,,620,536,-0.729619,6.420649,25.536671,-0.002543,0.022380,0.089013,182.38494128540162,,0.00,0.00,0.00,0.000000,91.2,,,,,,
1776548081.538759,2727,91.5,track,ekf,,620,536,-0.729852,6.422696,25.544812,-0.002543,0.022380,0.089013,182.4947178238204,,0.00,0.00,0.00,0.000000,90.9,,,,,,
1776548081.629871,2728,91.1,track,ekf,,620,536,-0.730083,6.424735,25.552922,-0.002543,0.022380,0.089013,182.6041099869559,,0.00,0.00,0.00,0.000000,91.8,,,,,,
1776548081.721899,2729,92.0,track,ekf,,620,536,-0.730318,6.426794,25.561113,-0.002543,0.022380,0.089013,182.71462894454817,,0.00,0.00,0.00,0.000000,91.5,,,,,,
1776548081.813597,2730,91.7,track,ekf,,620,536,-0.730551,6.428846,25.569276,-0.002543,0.022380,0.089013,182.82478138576812,,0.00,0.00,0.00,0.000000,119.1,,,,,,
1776548081.933142,2731,119.5,detect,ekf,,620,536,-0.730855,6.431522,25.579917,-0.002543,0.022380,0.089013,182.96842695514493,,0.00,0.00,0.00,0.000000,264.3,,,,,,
1776548082.197709,2732,264.6,track,ekf,,620,536,-0.731528,6.437443,25.603467,-0.002543,0.022380,0.089013,183.28650460252936,,0.00,0.00,0.00,0.000000,98.2,,,,,,
1776548082.296153,2733,98.4,track,ekf,,620,536,-0.731778,6.439646,25.612229,-0.002543,0.022380,0.089013,183.40491242702615,,0.00,0.00,0.00,0.000000,93.7,,,,,,
1776548082.390206,2734,94.1,track,ekf,,620,536,-0.732017,6.441751,25.620601,-0.002543,0.022380,0.089013,183.51806899174855,,0.00,0.00,0.00,0.000000,96.1,,,,,,
1776548082.486536,2735,96.3,track,ekf,,620,536,-0.732262,6.443907,25.629176,-0.002543,0.022380,0.089013,183.63399596738478,,0.00,0.00,0.00,0.000000,129.7,,,,,,
1776548082.616473,2736,129.9,track,ekf,,620,536,-0.732593,6.446815,25.640742,-0.002543,0.022380,0.089013,183.79041749532834,,0.00,0.00,0.00,0.000000,95.1,,,,,,
1776548082.711847,2737,95.4,track,ekf,,620,536,-0.732835,6.448950,25.649231,-0.002543,0.022380,0.089013,183.90526413198188,,0.00,0.00,0.00,0.000000,98.9,,,,,,
1776548082.810967,2738,99.1,track,ekf,,620,536,-0.733087,6.451168,25.658054,-0.002543,0.022380,0.089013,184.02465413512562,,0.00,0.00,0.00,0.000000,97.2,,,,,,
1776548082.908461,2739,97.5,track,ekf,,620,536,-0.733335,6.453350,25.666733,-0.002543,0.022380,0.089013,184.1421168487302,,0.00,0.00,0.00,0.000000,99.0,,,,,,
1776548083.007727,2740,99.3,track,ekf,,620,536,-0.733588,6.455572,25.675568,-0.002543,0.022380,0.089013,184.26174645176008,,0.00,0.00,0.00,0.000000,134.5,,,,,,
1776548083.142471,2741,134.7,track,ekf,,620,536,-0.733930,6.458587,25.687562,-0.002543,0.022380,0.089013,184.4241870427983,,0.00,0.00,0.00,0.000000,99.0,,,,,,
1776548083.241664,2742,99.2,track,ekf,,620,536,-0.734183,6.460807,25.696392,-0.002543,0.022380,0.089013,184.54380460850209,,0.00,0.00,0.00,0.000000,94.4,,,,,,
1776548083.336337,2743,94.7,track,ekf,,620,536,-0.734423,6.462926,25.704819,-0.002543,0.022380,0.089013,184.65800201338746,,0.00,0.00,0.00,0.000000,89.3,,,,,,
1776548083.425870,2744,89.5,track,ekf,,620,536,-0.734651,6.464930,25.712789,-0.002543,0.022380,0.089013,184.76602674061118,,0.00,0.00,0.00,0.000000,95.4,,,,,,
1776548083.521564,2745,95.7,track,ekf,,620,536,-0.734894,6.467071,25.721307,-0.002543,0.022380,0.089013,184.88151362217033,,0.00,0.00,0.00,0.000000,128.2,,,,,,
1776548083.650034,2746,128.5,track,ekf,,620,536,-0.735221,6.469947,25.732742,-0.002543,0.022380,0.089013,185.03660520865884,,0.00,0.00,0.00,0.000000,96.2,,,,,,
1776548083.746477,2747,96.4,track,ekf,,620,536,-0.735466,6.472105,25.741327,-0.002543,0.022380,0.089013,185.1530665864092,,0.00,0.00,0.00,0.000000,96.4,,,,,,
1776548083.843220,2748,96.7,track,ekf,,620,536,-0.735713,6.474270,25.749938,-0.002543,0.022380,0.089013,185.26992113079768,,0.00,0.00,0.00,0.000000,97.6,,,,,,
1776548083.941125,2749,97.9,track,ekf,,620,536,-0.735962,6.476461,25.758653,-0.002543,0.022380,0.089013,185.38821090779646,,0.00,0.00,0.00,0.000000,96.8,,,,,,
1776548084.038182,2750,97.1,track,ekf,,620,536,-0.736208,6.478633,25.767292,-0.002543,0.022380,0.089013,185.50550641844544,,0.00,0.00,0.00,0.000000,126.9,,,,,,
1776548084.165394,2751,127.2,track,ekf,,620,536,-0.736532,6.481480,25.778616,-0.002543,0.022380,0.089013,185.65929406768515,,0.00,0.00,0.00,0.000000,96.6,,,,,,
1776548084.262276,2752,96.9,track,ekf,,620,536,-0.736778,6.483649,25.787239,-0.002543,0.022380,0.089013,185.77644996576595,,0.00,0.00,0.00,0.000000,95.5,,,,,,
1776548084.358081,2753,95.8,track,ekf,,620,536,-0.737022,6.485793,25.795767,-0.002543,0.022380,0.089013,185.8923325826393,,0.00,0.00,0.00,0.000000,95.7,,,,,,
1776548084.454155,2754,96.1,track,ekf,,620,536,-0.737266,6.487943,25.804319,-0.002543,0.022380,0.089013,186.0085712722239,,0.00,0.00,0.00,0.000000,95.9,,,,,,
1776548084.550355,2755,96.2,track,ekf,,620,536,-0.737511,6.490096,25.812882,-0.002543,0.022380,0.089013,186.12499311141806,,0.00,0.00,0.00,0.000000,127.5,,,,,,
1776548084.678111,2756,127.8,track,ekf,,620,536,-0.737836,6.492955,25.824254,-0.002543,0.022380,0.089013,186.27965141404792,,0.00,0.00,0.00,0.000000,96.7,,,,,,
1776548084.775077,2757,97.0,track,ekf,,620,536,-0.738082,6.495125,25.832885,-0.002543,0.022380,0.089013,186.3970708007602,,0.00,0.00,0.00,0.000000,99.0,,,,,,
1776548084.874460,2758,99.4,track,ekf,,620,536,-0.738335,6.497350,25.841731,-0.002543,0.022380,0.089013,186.51744858551933,,0.00,0.00,0.00,0.000000,98.5,,,,,,
1776548084.973207,2759,98.7,track,ekf,,620,536,-0.738586,6.499560,25.850521,-0.002543,0.022380,0.089013,186.6370877872522,,0.00,0.00,0.00,0.000000,98.3,,,,,,
1776548085.071825,2760,98.6,track,ekf,,620,536,-0.738837,6.501767,25.859299,-0.002543,0.022380,0.089013,186.75660246796951,,0.00,0.00,0.00,0.000000,127.9,,,,,,
1776548085.200222,2761,128.4,detect,ekf,,620,536,-0.739164,6.504640,25.870728,-0.002543,0.022380,0.089013,186.9122566751665,,0.00,0.00,0.00,0.000000,262.6,,,,,,
1776548085.463048,2762,262.8,track,ekf,,620,536,-0.739832,6.510522,25.894123,-0.002543,0.022380,0.089013,187.23104890526398,,0.00,0.00,0.00,0.000000,100.2,,,,,,
1776548085.563595,2763,100.5,track,ekf,,620,536,-0.740088,6.512773,25.903073,-0.002543,0.022380,0.089013,187.3530598074308,,0.00,0.00,0.00,0.000000,99.3,,,,,,
1776548085.664303,2764,100.7,track,ekf,,620,536,-0.740344,6.515027,25.912037,-0.002543,0.022380,0.089013,187.47529956064605,,0.00,0.00,0.00,0.000000,98.7,,,,,,
1776548085.763260,2765,99.0,track,ekf,,620,536,-0.740596,6.517241,25.920846,-0.002543,0.022380,0.089013,187.59544701950028,,0.00,0.00,0.00,0.000000,129.4,,,,,,
1776548085.892957,2766,129.7,track,ekf,,620,536,-0.740925,6.520144,25.932391,-0.002543,0.022380,0.089013,187.7529666832191,,0.00,0.00,0.00,0.000000,97.8,,,,,,
1776548085.991026,2767,98.1,track,ekf,,620,536,-0.741175,6.522339,25.941120,-0.002543,0.022380,0.089013,187.87210910113444,,0.00,0.00,0.00,0.000000,97.8,,,,,,
1776548086.089167,2768,98.1,track,ekf,,620,536,-0.741424,6.524535,25.949856,-0.002543,0.022380,0.089013,187.99136973237012,,0.00,0.00,0.00,0.000000,98.3,,,,,,
1776548086.187684,2769,98.5,track,ekf,,620,536,-0.741675,6.526740,25.958625,-0.002543,0.022380,0.089013,188.11111900478974,,0.00,0.00,0.00,0.000000,96.4,,,,,,
1776548086.284344,2770,96.7,track,ekf,,620,536,-0.741921,6.528903,25.967229,-0.002543,0.022380,0.089013,188.22864200094455,,0.00,0.00,0.00,0.000000,127.8,,,,,,
1776548086.412364,2771,128.0,track,ekf,,620,536,-0.742246,6.531768,25.978624,-0.002543,0.022380,0.089013,188.38434246987654,,0.00,0.00,0.00,0.000000,98.1,,,,,,
1776548086.510809,2772,98.4,track,ekf,,620,536,-0.742497,6.533972,25.987387,-0.002543,0.022380,0.089013,188.50410707368306,,0.00,0.00,0.00,0.000000,99.1,,,,,,
1776548086.610163,2773,99.4,track,ekf,,620,536,-0.742749,6.536195,25.996231,-0.002543,0.022380,0.089013,188.62501002201805,,0.00,0.00,0.00,0.000000,97.9,,,,,,
1776548086.708242,2774,98.1,track,ekf,,620,536,-0.742999,6.538390,26.004961,-0.002543,0.022380,0.089013,188.74439307477297,,0.00,0.00,0.00,0.000000,98.1,,,,,,
1776548086.806638,2775,98.4,track,ekf,,620,536,-0.743249,6.540592,26.013720,-0.002543,0.022380,0.089013,188.8641935619883,,0.00,0.00,0.00,0.000000,131.0,,,,,,
1776548086.937940,2776,131.3,track,ekf,,620,536,-0.743583,6.543531,26.025407,-0.002543,0.022380,0.089013,189.02410895291237,,0.00,0.00,0.00,0.000000,97.2,,,,,,
1776548087.035410,2777,97.5,track,ekf,,620,536,-0.743831,6.545712,26.034083,-0.002543,0.022380,0.089013,189.14285468369752,,0.00,0.00,0.00,0.000000,97.1,,,,,,
1776548087.133002,2778,97.6,track,ekf,,620,536,-0.744079,6.547897,26.042770,-0.002543,0.022380,0.089013,189.26177891702702,,0.00,0.00,0.00,0.000000,99.3,,,,,,
1776548087.232708,2779,99.7,track,ekf,,620,536,-0.744333,6.550128,26.051646,-0.002543,0.022380,0.089013,189.38331255605092,,0.00,0.00,0.00,0.000000,95.8,,,,,,
1776548087.328713,2780,96.0,track,ekf,,620,536,-0.744577,6.552277,26.060191,-0.002543,0.022380,0.089013,189.50036353399727,,0.00,0.00,0.00,0.000000,125.6,,,,,,
1776548087.454555,2781,125.8,track,ekf,,620,536,-0.744897,6.555093,26.071393,-0.002543,0.022380,0.089013,189.65384073335164,,0.00,0.00,0.00,0.000000,95.4,,,,,,
1776548087.550204,2782,95.6,track,ekf,,620,536,-0.745140,6.557234,26.079907,-0.002543,0.022380,0.089013,189.77052757028528,,0.00,0.00,0.00,0.000000,99.1,,,,,,
1776548087.649726,2783,99.5,track,ekf,,620,536,-0.745393,6.559461,26.088765,-0.002543,0.022380,0.089013,189.89196968792754,,0.00,0.00,0.00,0.000000,99.1,,,,,,
1776548087.749122,2784,99.4,track,ekf,,620,536,-0.745646,6.561686,26.097613,-0.002543,0.022380,0.089013,190.01329135964025,,0.00,0.00,0.00,0.000000,98.1,,,,,,
1776548087.847618,2785,98.5,track,ekf,,620,536,-0.745897,6.563890,26.106380,-0.002543,0.022380,0.089013,190.13354479335152,,0.00,0.00,0.00,0.000000,131.9,,,,,,
1776548087.979837,2786,132.2,track,ekf,,620,536,-0.746233,6.566849,26.118149,-0.002543,0.022380,0.089013,190.29502282578335,,0.00,0.00,0.00,0.000000,96.6,,,,,,
1776548088.076830,2787,97.0,track,ekf,,620,536,-0.746480,6.569020,26.126783,-0.002543,0.022380,0.089013,190.4135137963586,,0.00,0.00,0.00,0.000000,100.1,,,,,,
1776548088.177165,2788,100.3,track,ekf,,620,536,-0.746735,6.571265,26.135714,-0.002543,0.022380,0.089013,190.53611996120432,,0.00,0.00,0.00,0.000000,95.7,,,,,,
1776548088.273066,2789,95.9,track,ekf,,620,536,-0.746979,6.573412,26.144251,-0.002543,0.022380,0.089013,190.65333708818287,,0.00,0.00,0.00,0.000000,95.1,,,,,,
1776548088.368380,2790,95.3,track,ekf,,620,536,-0.747221,6.575545,26.152735,-0.002543,0.022380,0.089013,190.769867091764,,0.00,0.00,0.00,0.000000,128.3,,,,,,
1776548088.496916,2791,128.5,detect,ekf,,620,536,-0.747548,6.578421,26.164176,-0.002543,0.022380,0.089013,190.9270621083761,,0.00,0.00,0.00,0.000000,266.5,,,,,,
1776548088.763573,2792,266.7,track,ekf,,620,536,-0.748226,6.584389,26.187912,-0.002543,0.022380,0.089013,191.253351285192,,0.00,0.00,0.00,0.000000,97.3,,,,,,
1776548088.861158,2793,97.6,track,ekf,,620,536,-0.748474,6.586573,26.196598,-0.002543,0.022380,0.089013,191.37280957906432,,0.00,0.00,0.00,0.000000,99.2,,,,,,
1776548088.960608,2794,99.5,track,ekf,,620,536,-0.748727,6.588799,26.205451,-0.002543,0.022380,0.089013,191.49458345425273,,0.00,0.00,0.00,0.000000,97.1,,,,,,
1776548089.058030,2795,97.4,track,ekf,,620,536,-0.748975,6.590979,26.214122,-0.002543,0.022380,0.089013,191.61390470387454,,0.00,0.00,0.00,0.000000,132.4,,,,,,
1776548089.190655,2796,132.6,track,ekf,,620,536,-0.749312,6.593948,26.225928,-0.002543,0.022380,0.089013,191.77639477043806,,0.00,0.00,0.00,0.000000,92.8,,,,,,
1776548089.283803,2797,93.1,track,ekf,,620,536,-0.749549,6.596032,26.234219,-0.002543,0.022380,0.089013,191.89054934134293,,0.00,0.00,0.00,0.000000,88.7,,,,,,
1776548089.372734,2798,88.9,track,ekf,,620,536,-0.749775,6.598023,26.242135,-0.002543,0.022380,0.089013,191.99956355649064,,0.00,0.00,0.00,0.000000,90.5,,,,,,
1776548089.463446,2799,90.7,track,ekf,,620,536,-0.750006,6.600053,26.250209,-0.002543,0.022380,0.089013,192.1107858733152,,0.00,0.00,0.00,0.000000,96.1,,,,,,
1776548089.559844,2800,96.4,track,ekf,,620,536,-0.750251,6.602210,26.258790,-0.002543,0.022380,0.089013,192.22901014997294,,0.00,0.00,0.00,0.000000,132.2,,,,,,
1776548089.692366,2801,132.5,track,ekf,,620,536,-0.750588,6.605176,26.270586,-0.002543,0.022380,0.089013,192.3915899583931,,0.00,0.00,0.00,0.000000,97.4,,,,,,
1776548089.790153,2802,97.8,track,ekf,,620,536,-0.750837,6.607364,26.279291,-0.002543,0.022380,0.089013,192.51158900995176,,0.00,0.00,0.00,0.000000,95.9,,,,,,
1776548089.886257,2803,96.1,track,ekf,,620,536,-0.751081,6.609515,26.287845,-0.002543,0.022380,0.089013,192.62955417849255,,0.00,0.00,0.00,0.000000,97.7,,,,,,
1776548089.984225,2804,98.0,track,ekf,,620,536,-0.751330,6.611708,26.296565,-0.002543,0.022380,0.089013,192.7498380695127,,0.00,0.00,0.00,0.000000,97.5,,,,,,
1776548090.082027,2805,97.8,track,ekf,,620,536,-0.751579,6.613897,26.305271,-0.002543,0.022380,0.089013,192.86994844602177,,0.00,0.00,0.00,0.000000,131.4,,,,,,
1776548090.213670,2806,131.6,track,ekf,,620,536,-0.751914,6.616843,26.316989,-0.002543,0.022380,0.089013,193.03166993729127,,0.00,0.00,0.00,0.000000,95.6,,,,,,
1776548090.309704,2807,96.0,track,ekf,,620,536,-0.752158,6.618992,26.325537,-0.002543,0.022380,0.089013,193.14967839285282,,0.00,0.00,0.00,0.000000,97.3,,,,,,
1776548090.407392,2808,97.7,track,ekf,,620,536,-0.752407,6.621178,26.334233,-0.002543,0.022380,0.089013,193.26975037499506,,0.00,0.00,0.00,0.000000,96.5,,,,,,
1776548090.504058,2809,96.7,track,ekf,,620,536,-0.752652,6.623342,26.342837,-0.002543,0.022380,0.089013,193.38859677448315,,0.00,0.00,0.00,0.000000,99.6,,,,,,
1776548090.603977,2810,99.9,track,ekf,,620,536,-0.752907,6.625578,26.351731,-0.002543,0.022380,0.089013,193.51147520037156,,0.00,0.00,0.00,0.000000,131.1,,,,,,
1776548090.735341,2811,131.4,track,ekf,,620,536,-0.753241,6.628518,26.363424,-0.002543,0.022380,0.089013,193.67307289495488,,0.00,0.00,0.00,0.000000,95.1,,,,,,
1776548090.830764,2812,95.4,track,ekf,,620,536,-0.753483,6.630654,26.371918,-0.002543,0.022380,0.089013,193.7904904454164,,0.00,0.00,0.00,0.000000,98.0,,,,,,
1776548090.929019,2813,98.3,track,ekf,,620,536,-0.753733,6.632853,26.380664,-0.002543,0.022380,0.089013,193.91142463578123,,0.00,0.00,0.00,0.000000,98.0,,,,,,
1776548091.027246,2814,98.2,track,ekf,,620,536,-0.753983,6.635051,26.389408,-0.002543,0.022380,0.089013,194.03235369477886,,0.00,0.00,0.00,0.000000,98.7,,,,,,
1776548091.126300,2815,99.1,track,ekf,,620,536,-0.754235,6.637268,26.398225,-0.002543,0.022380,0.089013,194.15433295632656,,0.00,0.00,0.00,0.000000,132.1,,,,,,
1776548091.258692,2816,132.4,track,ekf,,620,536,-0.754572,6.640231,26.410009,-0.002543,0.022380,0.089013,194.31741781916517,,0.00,0.00,0.00,0.000000,96.0,,,,,,
1776548091.354896,2817,96.2,track,ekf,,620,536,-0.754816,6.642384,26.418573,-0.002543,0.022380,0.089013,194.43595743554545,,0.00,0.00,0.00,0.000000,95.3,,,,,,
1776548091.450503,2818,95.6,track,ekf,,620,536,-0.755060,6.644524,26.427083,-0.002543,0.022380,0.089013,194.55379172189805,,0.00,0.00,0.00,0.000000,97.9,,,,,,
1776548091.548672,2819,98.2,track,ekf,,620,536,-0.755309,6.646721,26.435821,-0.002543,0.022380,0.089013,194.67481406221202,,0.00,0.00,0.00,0.000000,99.7,,,,,,
1776548091.648586,2820,99.9,track,ekf,,620,536,-0.755563,6.648957,26.444715,-0.002543,0.022380,0.089013,194.7980196965623,,0.00,0.00,0.00,0.000000,129.6,,,,,,
1776548091.778472,2821,129.9,detect,ekf,,620,536,-0.755894,6.651864,26.456276,-0.002543,0.022380,0.089013,194.95823259073407,,0.00,0.00,0.00,0.000000,242.7,,,,,,
1776548092.021513,2822,243.0,track,ekf,,620,536,-0.756512,6.657303,26.477910,-0.002543,0.022380,0.089013,195.25817225139107,,0.00,0.00,0.00,0.000000,98.2,,,,,,
1776548092.119950,2823,98.4,track,ekf,,620,536,-0.756762,6.659506,26.486672,-0.002543,0.022380,0.089013,195.3797023290849,,0.00,0.00,0.00,0.000000,98.1,,,,,,
1776548092.218412,2824,98.5,track,ekf,,620,536,-0.757012,6.661710,26.495436,-0.002543,0.022380,0.089013,195.50129446171618,,0.00,0.00,0.00,0.000000,96.8,,,,,,
1776548092.315494,2825,97.1,track,ekf,,620,536,-0.757259,6.663882,26.504078,-0.002543,0.022380,0.089013,195.62121360523358,,0.00,0.00,0.00,0.000000,126.0,,,,,,
1776548092.441800,2826,126.3,track,ekf,,620,536,-0.757581,6.666709,26.515321,-0.002543,0.022380,0.089013,195.7772779303444,,0.00,0.00,0.00,0.000000,95.5,,,,,,
1776548092.537482,2827,95.7,track,ekf,,620,536,-0.757824,6.668851,26.523838,-0.002543,0.022380,0.089013,195.89553523454796,,0.00,0.00,0.00,0.000000,98.0,,,,,,
1776548092.635873,2828,98.4,track,ekf,,620,536,-0.758074,6.671053,26.532596,-0.002543,0.022380,0.089013,196.01717210108131,,0.00,0.00,0.00,0.000000,97.4,,,,,,
1776548092.733763,2829,97.9,track,ekf,,620,536,-0.758323,6.673243,26.541309,-0.002543,0.022380,0.089013,196.13821989282823,,0.00,0.00,0.00,0.000000,98.8,,,,,,
1776548092.832964,2830,99.2,track,ekf,,620,536,-0.758575,6.675464,26.550139,-0.002543,0.022380,0.089013,196.26092059162846,,0.00,0.00,0.00,0.000000,128.5,,,,,,
1776548092.961705,2831,128.7,track,ekf,,620,536,-0.758903,6.678345,26.561599,-0.002543,0.022380,0.089013,196.4202071000664,,0.00,0.00,0.00,0.000000,95.8,,,,,,
1776548093.057746,2832,96.0,track,ekf,,620,536,-0.759147,6.680494,26.570148,-0.002543,0.022380,0.089013,196.53906755557512,,0.00,0.00,0.00,0.000000,95.6,,,,,,
1776548093.153589,2833,95.8,track,ekf,,620,536,-0.759391,6.682639,26.578679,-0.002543,0.022380,0.089013,196.65771251157747,,0.00,0.00,0.00,0.000000,95.6,,,,,,
1776548093.249433,2834,95.8,track,ekf,,620,536,-0.759635,6.684784,26.587210,-0.002543,0.022380,0.089013,196.77638829776285,,0.00,0.00,0.00,0.000000,93.7,,,,,,
1776548093.343398,2835,94.0,track,ekf,,620,536,-0.759874,6.686887,26.595574,-0.002543,0.022380,0.089013,196.89276615009,,0.00,0.00,0.00,0.000000,126.5,,,,,,
1776548093.470180,2836,126.8,track,ekf,,620,536,-0.760196,6.689725,26.606860,-0.002543,0.022380,0.089013,197.04983498281658,,0.00,0.00,0.00,0.000000,90.1,,,,,,
1776548093.560521,2837,90.3,track,ekf,,620,536,-0.760426,6.691747,26.614901,-0.002543,0.022380,0.089013,197.1617860950208,,0.00,0.00,0.00,0.000000,92.3,,,,,,
1776548093.653035,2838,92.5,track,ekf,,620,536,-0.760661,6.693817,26.623136,-0.002543,0.022380,0.089013,197.27645830815516,,0.00,0.00,0.00,0.000000,92.8,,,,,,
1776548093.746178,2839,93.1,track,ekf,,620,536,-0.760898,6.695902,26.631427,-0.002543,0.022380,0.089013,197.39193653743706,,0.00,0.00,0.00,0.000000,93.7,,,,,,
1776548093.840196,2840,94.0,track,ekf,,620,536,-0.761137,6.698006,26.639796,-0.002543,0.022380,0.089013,197.50852855233114,,0.00,0.00,0.00,0.000000,123.0,,,,,,
1776548093.963484,2841,123.3,track,ekf,,620,536,-0.761451,6.700765,26.650770,-0.002543,0.022380,0.089013,197.66146254013594,,0.00,0.00,0.00,0.000000,93.9,,,,,,
1776548094.057770,2842,94.3,track,ekf,,620,536,-0.761690,6.702875,26.659163,-0.002543,0.022380,0.089013,197.77845089415646,,0.00,0.00,0.00,0.000000,92.0,,,,,,
1776548094.150081,2843,92.3,track,ekf,,620,536,-0.761925,6.704941,26.667380,-0.002543,0.022380,0.089013,197.89301767586198,,0.00,0.00,0.00,0.000000,94.4,,,,,,
1776548094.244658,2844,94.6,track,ekf,,620,536,-0.762166,6.707058,26.675798,-0.002543,0.022380,0.089013,198.01042285341214,,0.00,0.00,0.00,0.000000,90.0,,,,,,
1776548094.334917,2845,90.3,track,ekf,,620,536,-0.762395,6.709078,26.683832,-0.002543,0.022380,0.089013,198.12249576745666,,0.00,0.00,0.00,0.000000,118.9,,,,,,
1776548094.454047,2846,119.1,track,ekf,,620,536,-0.762698,6.711744,26.694436,-0.002543,0.022380,0.089013,198.2704582036799,,0.00,0.00,0.00,0.000000,92.9,,,,,,
1776548094.547192,2847,93.1,track,ekf,,620,536,-0.762935,6.713829,26.702727,-0.002543,0.022380,0.089013,198.38617605662378,,0.00,0.00,0.00,0.000000,92.8,,,,,,
1776548094.640298,2848,93.1,track,ekf,,620,536,-0.763172,6.715912,26.711015,-0.002543,0.022380,0.089013,198.5018725766701,,0.00,0.00,0.00,0.000000,90.4,,,,,,
1776548094.731091,2849,90.8,track,ekf,,620,536,-0.763403,6.717944,26.719097,-0.002543,0.022380,0.089013,198.61472166450318,,0.00,0.00,0.00,0.000000,92.4,,,,,,
1776548094.823875,2850,92.8,track,ekf,,620,536,-0.763639,6.720021,26.727356,-0.002543,0.022380,0.089013,198.73007322097297,,0.00,0.00,0.00,0.000000,122.0,,,,,,
1776548094.946198,2851,122.3,detect,ekf,,620,536,-0.763950,6.722758,26.738244,-0.002543,0.022380,0.089013,198.88219095507944,,0.00,0.00,0.00,0.000000,248.0,,,,,,
1776548095.194474,2852,248.3,track,ekf,,620,536,-0.764581,6.728315,26.760344,-0.002543,0.022380,0.089013,199.1910928330831,,0.00,0.00,0.00,0.000000,90.8,,,,,,
1776548095.285471,2853,91.0,track,ekf,,620,536,-0.764813,6.730352,26.768444,-0.002543,0.022380,0.089013,199.3043527104407,,0.00,0.00,0.00,0.000000,87.9,,,,,,
1776548095.373646,2854,88.2,track,ekf,,620,536,-0.765037,6.732325,26.776292,-0.002543,0.022380,0.089013,199.41412640938879,,0.00,0.00,0.00,0.000000,87.3,,,,,,
1776548095.461186,2855,87.5,track,ekf,,620,536,-0.765260,6.734284,26.784084,-0.002543,0.022380,0.089013,199.5231329033572,,0.00,0.00,0.00,0.000000,119.5,,,,,,
1776548095.581025,2856,119.8,track,ekf,,620,536,-0.765564,6.736966,26.794752,-0.002543,0.022380,0.089013,199.67240232160623,,0.00,0.00,0.00,0.000000,91.0,,,,,,
1776548095.672279,2857,91.3,track,ekf,,620,536,-0.765796,6.739008,26.802874,-0.002543,0.022380,0.089013,199.78609457335335,,0.00,0.00,0.00,0.000000,92.3,,,,,,
1776548095.764810,2858,92.5,track,ekf,,620,536,-0.766032,6.741079,26.811111,-0.002543,0.022380,0.089013,199.90140558277855,,0.00,0.00,0.00,0.000000,91.9,,,,,,
1776548095.857131,2859,92.3,track,ekf,,620,536,-0.766267,6.743145,26.819329,-0.002543,0.022380,0.089013,200.01648284273182,,0.00,0.00,0.00,0.000000,90.8,,,,,,
1776548095.948159,2860,91.0,track,ekf,,620,536,-0.766498,6.745183,26.827431,-0.002543,0.022380,0.089013,200.12997369805672,,0.00,0.00,0.00,0.000000,121.2,,,,,,
1776548096.069622,2861,121.5,track,ekf,,620,536,-0.766807,6.747901,26.838243,-0.002543,0.022380,0.089013,200.2814523394714,,0.00,0.00,0.00,0.000000,88.9,,,,,,
1776548096.158722,2862,89.1,track,ekf,,620,536,-0.767034,6.749895,26.846174,-0.002543,0.022380,0.089013,200.3926000809837,,0.00,0.00,0.00,0.000000,91.1,,,,,,
1776548096.250003,2863,91.3,track,ekf,,620,536,-0.767266,6.751938,26.854299,-0.002543,0.022380,0.089013,200.50649332396443,,0.00,0.00,0.00,0.000000,87.5,,,,,,
1776548096.337823,2864,87.8,track,ekf,,620,536,-0.767489,6.753904,26.862116,-0.002543,0.022380,0.089013,200.61609302791953,,0.00,0.00,0.00,0.000000,88.4,,,,,,
1776548096.426394,2865,88.6,track,ekf,,620,536,-0.767714,6.755886,26.870000,-0.002543,0.022380,0.089013,200.72665479855843,,0.00,0.00,0.00,0.000000,119.7,,,,,,
1776548096.546339,2866,119.9,track,ekf,,620,536,-0.768019,6.758570,26.880677,-0.002543,0.022380,0.089013,200.8764216619967,,0.00,0.00,0.00,0.000000,91.0,,,,,,
1776548096.637538,2867,91.2,track,ekf,,620,536,-0.768251,6.760611,26.888795,-0.002543,0.022380,0.089013,200.99032524906926,,0.00,0.00,0.00,0.000000,92.6,,,,,,
1776548096.730533,2868,93.0,track,ekf,,620,536,-0.768488,6.762693,26.897072,-0.002543,0.022380,0.089013,201.106497922865,,0.00,0.00,0.00,0.000000,92.3,,,,,,
1776548096.823137,2869,92.6,track,ekf,,620,536,-0.768723,6.764765,26.905315,-0.002543,0.022380,0.089013,201.22221011233043,,0.00,0.00,0.00,0.000000,91.6,,,,,,
1776548096.914968,2870,91.8,track,ekf,,620,536,-0.768957,6.766820,26.913490,-0.002543,0.022380,0.089013,201.33698193566468,,0.00,0.00,0.00,0.000000,120.6,,,,,,
1776548097.035857,2871,120.9,track,ekf,,620,536,-0.769264,6.769526,26.924250,-0.002543,0.022380,0.089013,201.48811386120963,,0.00,0.00,0.00,0.000000,89.6,,,,,,
1776548097.125764,2872,89.9,track,ekf,,620,536,-0.769493,6.771538,26.932253,-0.002543,0.022380,0.089013,201.60054205042562,,0.00,0.00,0.00,0.000000,91.2,,,,,,
1776548097.217279,2873,91.5,track,ekf,,620,536,-0.769726,6.773586,26.940399,-0.002543,0.022380,0.089013,201.71500599046666,,0.00,0.00,0.00,0.000000,87.4,,,,,,
1776548097.304994,2874,87.7,track,ekf,,620,536,-0.769949,6.775549,26.948207,-0.002543,0.022380,0.089013,201.82474224878135,,0.00,0.00,0.00,0.000000,87.1,,,,,,
1776548097.392389,2875,87.4,track,ekf,,620,536,-0.770171,6.777505,26.955986,-0.002543,0.022380,0.089013,201.9341020473779,,0.00,0.00,0.00,0.000000,119.8,,,,,,
1776548097.512462,2876,120.1,track,ekf,,620,536,-0.770476,6.780192,26.966674,-0.002543,0.022380,0.089013,202.08439349882522,,0.00,0.00,0.00,0.000000,90.5,,,,,,
1776548097.603193,2877,90.7,track,ekf,,620,536,-0.770707,6.782223,26.974750,-0.002543,0.022380,0.089013,202.19798791552043,,0.00,0.00,0.00,0.000000,91.5,,,,,,
1776548097.694907,2878,91.7,track,ekf,,620,536,-0.770940,6.784276,26.982914,-0.002543,0.022380,0.089013,202.31283883975343,,0.00,0.00,0.00,0.000000,92.4,,,,,,
1776548097.787650,2879,92.7,track,ekf,,620,536,-0.771176,6.786351,26.991169,-0.002543,0.022380,0.089013,202.42900593544033,,0.00,0.00,0.00,0.000000,91.6,,,,,,
1776548097.879498,2880,91.8,track,ekf,,620,536,-0.771410,6.788407,26.999345,-0.002543,0.022380,0.089013,202.54407705567888,,0.00,0.00,0.00,0.000000,120.8,,,,,,
1776548098.000827,2881,121.3,detect,ekf,,620,536,-0.771718,6.791122,27.010145,-0.002543,0.022380,0.089013,202.6961278907559,,0.00,0.00,0.00,0.000000,248.4,,,,,,
1776548098.249476,2882,248.6,track,ekf,,620,536,-0.772351,6.796687,27.032278,-0.002543,0.022380,0.089013,203.00788551222882,,0.00,0.00,0.00,0.000000,87.8,,,,,,
1776548098.337571,2883,88.1,track,ekf,,620,536,-0.772575,6.798659,27.040119,-0.002543,0.022380,0.089013,203.11837964408386,,0.00,0.00,0.00,0.000000,88.7,,,,,,
1776548098.426544,2884,89.0,track,ekf,,620,536,-0.772801,6.800650,27.048039,-0.002543,0.022380,0.089013,203.23000105449182,,0.00,0.00,0.00,0.000000,90.8,,,,,,
1776548098.517596,2885,91.1,track,ekf,,620,536,-0.773033,6.802688,27.056144,-0.002543,0.022380,0.089013,203.34425754420784,,0.00,0.00,0.00,0.000000,119.3,,,,,,
1776548098.637131,2886,119.5,track,ekf,,620,536,-0.773337,6.805363,27.066784,-0.002543,0.022380,0.089013,203.49429676023226,,0.00,0.00,0.00,0.000000,89.8,,,,,,
1776548098.727218,2887,90.1,track,ekf,,620,536,-0.773566,6.807379,27.074803,-0.002543,0.022380,0.089013,203.60740130580396,,0.00,0.00,0.00,0.000000,91.2,,,,,,
1776548098.818747,2888,91.5,track,ekf,,620,536,-0.773799,6.809427,27.082950,-0.002543,0.022380,0.089013,203.72234141411963,,0.00,0.00,0.00,0.000000,91.9,,,,,,
1776548098.910868,2889,92.1,track,ekf,,620,536,-0.774033,6.811489,27.091150,-0.002543,0.022380,0.089013,203.83805314934557,,0.00,0.00,0.00,0.000000,91.6,,,,,,
1776548099.002672,2890,91.8,track,ekf,,620,536,-0.774266,6.813544,27.099322,-0.002543,0.022380,0.089013,203.9533928385052,,0.00,0.00,0.00,0.000000,119.6,,,,,,
1776548099.122548,2891,119.9,track,ekf,,620,536,-0.774571,6.816227,27.109992,-0.002543,0.022380,0.089013,204.1040423929194,,0.00,0.00,0.00,0.000000,90.4,,,,,,
1776548099.213251,2892,90.7,track,ekf,,620,536,-0.774802,6.818257,27.118066,-0.002543,0.022380,0.089013,204.21805918429786,,0.00,0.00,0.00,0.000000,89.2,,,,,,
1776548099.302857,2893,89.6,track,ekf,,620,536,-0.775030,6.820262,27.126042,-0.002543,0.022380,0.089013,204.33072178764823,,0.00,0.00,0.00,0.000000,89.4,,,,,,
1776548099.392542,2894,89.7,track,ekf,,620,536,-0.775258,6.822269,27.134025,-0.002543,0.022380,0.089013,204.44350887203822,,0.00,0.00,0.00,0.000000,90.8,,,,,,
1776548099.483720,2895,91.2,track,ekf,,620,536,-0.775490,6.824310,27.142141,-0.002543,0.022380,0.089013,204.55819916825777,,0.00,0.00,0.00,0.000000,124.1,,,,,,
1776548099.608116,2896,124.4,track,ekf,,620,536,-0.775806,6.827094,27.153214,-0.002543,0.022380,0.089013,204.71471798263372,,0.00,0.00,0.00,0.000000,92.8,,,,,,
1776548099.701217,2897,93.1,track,ekf,,620,536,-0.776043,6.829177,27.161501,-0.002543,0.022380,0.089013,204.83189046662685,,0.00,0.00,0.00,0.000000,93.3,,,,,,
1776548099.794868,2898,93.7,track,ekf,,620,536,-0.776281,6.831273,27.169837,-0.002543,0.022380,0.089013,204.9497831994507,,0.00,0.00,0.00,0.000000,93.7,,,,,,
1776548099.888936,2899,94.1,track,ekf,,620,536,-0.776520,6.833379,27.178210,-0.002543,0.022380,0.089013,205.06822669874543,,0.00,0.00,0.00,0.000000,94.6,,,,,,
1776548099.983825,2900,94.9,track,ekf,,620,536,-0.776762,6.835502,27.186657,-0.002543,0.022380,0.089013,205.1877336584846,,0.00,0.00,0.00,0.000000,124.7,,,,,,
1776548100.108764,2901,124.9,track,ekf,,620,536,-0.777079,6.838298,27.197778,-0.002543,0.022380,0.089013,205.34513064104223,,0.00,0.00,0.00,0.000000,92.1,,,,,,
1776548100.201099,2902,92.3,track,ekf,,620,536,-0.777314,6.840365,27.205997,-0.002543,0.022380,0.089013,205.46148272710622,,0.00,0.00,0.00,0.000000,90.8,,,,,,
1776548100.292209,2903,91.1,track,ekf,,620,536,-0.777546,6.842404,27.214107,-0.002543,0.022380,0.089013,205.57631815008668,,0.00,0.00,0.00,0.000000,86.9,,,,,,
1776548100.379467,2904,87.3,track,ekf,,620,536,-0.777768,6.844357,27.221874,-0.002543,0.022380,0.089013,205.68632247010456,,0.00,0.00,0.00,0.000000,90.5,,,,,,
1776548100.470290,2905,90.8,track,ekf,,620,536,-0.777999,6.846390,27.229958,-0.002543,0.022380,0.089013,205.8008452132482,,0.00,0.00,0.00,0.000000,122.3,,,,,,
1776548100.592865,2906,122.6,track,ekf,,620,536,-0.778311,6.849133,27.240869,-0.002543,0.022380,0.089013,205.95544920174683,,0.00,0.00,0.00,0.000000,91.9,,,,,,
1776548100.685159,2907,92.3,track,ekf,,620,536,-0.778545,6.851198,27.249084,-0.002543,0.022380,0.089013,206.07189011752877,,0.00,0.00,0.00,0.000000,89.3,,,,,,
1776548100.774800,2908,89.6,track,ekf,,620,536,-0.778773,6.853205,27.257064,-0.002543,0.022380,0.089013,206.18500759851455,,0.00,0.00,0.00,0.000000,90.1,,,,,,
1776548100.865149,2909,90.3,track,ekf,,620,536,-0.779003,6.855227,27.265106,-0.002543,0.022380,0.089013,206.29904558298773,,0.00,0.00,0.00,0.000000,92.5,,,,,,
1776548100.957963,2910,92.8,track,ekf,,620,536,-0.779239,6.857304,27.273367,-0.002543,0.022380,0.089013,206.41622032654564,,0.00,0.00,0.00,0.000000,120.5,,,,,,
1776548101.078756,2911,120.8,detect,ekf,,620,536,-0.779546,6.860007,27.284120,-0.002543,0.022380,0.089013,206.56876000829683,,0.00,0.00,0.00,0.000000,243.5,,,,,,
1776548101.322500,2912,243.7,track,ekf,,620,536,-0.780166,6.865462,27.305816,-0.002543,0.022380,0.089013,206.87670764176116,,0.00,0.00,0.00,0.000000,90.5,,,,,,
1776548101.413268,2913,90.8,track,ekf,,620,536,-0.780397,6.867494,27.313895,-0.002543,0.022380,0.089013,206.99142699847596,,0.00,0.00,0.00,0.000000,89.2,,,,,,
1776548101.502686,2914,89.4,track,ekf,,620,536,-0.780624,6.869495,27.321855,-0.002543,0.022380,0.089013,207.1044638204215,,0.00,0.00,0.00,0.000000,90.2,,,,,,
1776548101.594288,2915,91.6,track,ekf,,620,536,-0.780857,6.871545,27.330008,-0.002543,0.022380,0.089013,207.2202892629988,,0.00,0.00,0.00,0.000000,122.6,,,,,,
1776548101.717178,2916,122.9,track,ekf,,620,536,-0.781170,6.874295,27.340947,-0.002543,0.022380,0.089013,207.37571977028145,,0.00,0.00,0.00,0.000000,91.5,,,,,,
1776548101.808860,2917,91.7,track,ekf,,620,536,-0.781403,6.876347,27.349108,-0.002543,0.022380,0.089013,207.49170714479294,,0.00,0.00,0.00,0.000000,90.8,,,,,,
1776548101.899902,2918,91.0,track,ekf,,620,536,-0.781635,6.878385,27.357212,-0.002543,0.022380,0.089013,207.60691067896113,,0.00,0.00,0.00,0.000000,91.9,,,,,,
1776548101.992150,2919,92.2,track,ekf,,620,536,-0.781869,6.880449,27.365423,-0.002543,0.022380,0.089013,207.72366760243386,,0.00,0.00,0.00,0.000000,89.9,,,,,,
1776548102.082368,2920,90.2,track,ekf,,620,536,-0.782099,6.882468,27.373454,-0.002543,0.022380,0.089013,207.8378796885185,,0.00,0.00,0.00,0.000000,119.9,,,,,,
1776548102.202683,2921,120.3,track,ekf,,620,536,-0.782405,6.885161,27.384163,-0.002543,0.022380,0.089013,207.99023536236544,,0.00,0.00,0.00,0.000000,87.1,,,,,,
1776548102.290060,2922,87.4,track,ekf,,620,536,-0.782627,6.887117,27.391941,-0.002543,0.022380,0.089013,208.10090821944624,,0.00,0.00,0.00,0.000000,88.7,,,,,,
1776548102.379025,2923,89.0,track,ekf,,620,536,-0.782853,6.889108,27.399860,-0.002543,0.022380,0.089013,208.21361596649166,,0.00,0.00,0.00,0.000000,87.8,,,,,,
1776548102.467025,2924,88.0,track,ekf,,620,536,-0.783077,6.891077,27.407693,-0.002543,0.022380,0.089013,208.32512642608935,,0.00,0.00,0.00,0.000000,92.0,,,,,,
1776548102.559275,2925,92.2,track,ekf,,620,536,-0.783312,6.893142,27.415905,-0.002543,0.022380,0.089013,208.44204790025822,,0.00,0.00,0.00,0.000000,119.4,,,,,,
1776548102.678975,2926,119.7,track,ekf,,620,536,-0.783616,6.895821,27.426559,-0.002543,0.022380,0.089013,208.5938016981064,,0.00,0.00,0.00,0.000000,91.0,,,,,,
1776548102.770146,2927,91.2,track,ekf,,620,536,-0.783848,6.897861,27.434675,-0.002543,0.022380,0.089013,208.70941557277655,,0.00,0.00,0.00,0.000000,90.9,,,,,,
1776548102.861442,2928,91.3,track,ekf,,620,536,-0.784080,6.899904,27.442801,-0.002543,0.022380,0.089013,208.82521313764917,,0.00,0.00,0.00,0.000000,92.3,,,,,,
1776548102.954051,2929,92.6,track,ekf,,620,536,-0.784316,6.901977,27.451045,-0.002543,0.022380,0.089013,208.94270375296907,,0.00,0.00,0.00,0.000000,92.0,,,,,,
1776548103.046419,2930,92.4,track,ekf,,620,536,-0.784550,6.904044,27.459267,-0.002543,0.022380,0.089013,209.05991412192236,,0.00,0.00,0.00,0.000000,121.0,,,,,,
1776548103.167926,2931,121.5,track,ekf,,620,536,-0.784859,6.906764,27.470082,-0.002543,0.022380,0.089013,209.21414179607595,,0.00,0.00,0.00,0.000000,88.1,,,,,,
1776548103.256287,2932,88.4,track,ekf,,620,536,-0.785084,6.908741,27.477947,-0.002543,0.022380,0.089013,209.32632480858408,,0.00,0.00,0.00,0.000000,88.9,,,,,,
1776548103.345422,2933,89.1,track,ekf,,620,536,-0.785311,6.910736,27.485882,-0.002543,0.022380,0.089013,209.4395152831649,,0.00,0.00,0.00,0.000000,87.4,,,,,,
1776548103.433073,2934,87.7,track,ekf,,620,536,-0.785534,6.912698,27.493684,-0.002543,0.022380,0.089013,209.55084590945737,,0.00,0.00,0.00,0.000000,90.3,,,,,,
1776548103.523642,2935,90.6,track,ekf,,620,536,-0.785764,6.914725,27.501745,-0.002543,0.022380,0.089013,209.66590682440233,,0.00,0.00,0.00,0.000000,121.1,,,,,,
1776548103.645036,2936,121.4,track,ekf,,620,536,-0.786073,6.917441,27.512551,-0.002543,0.022380,0.089013,209.82017194643316,,0.00,0.00,0.00,0.000000,91.1,,,,,,
1776548103.736399,2937,91.4,track,ekf,,620,536,-0.786305,6.919486,27.520684,-0.002543,0.022380,0.089013,209.93630095661865,,0.00,0.00,0.00,0.000000,91.2,,,,,,
1776548103.827858,2938,91.5,track,ekf,,620,536,-0.786538,6.921533,27.528825,-0.002543,0.022380,0.089013,210.05257979494976,,0.00,0.00,0.00,0.000000,92.4,,,,,,
1776548103.920701,2939,92.8,track,ekf,,620,536,-0.786774,6.923611,27.537089,-0.002543,0.022380,0.089013,210.1706429523808,,0.00,0.00,0.00,0.000000,93.9,,,,,,
1776548104.014976,2940,94.3,track,ekf,,620,536,-0.787014,6.925721,27.545480,-0.002543,0.022380,0.089013,210.29055589083015,,0.00,0.00,0.00,0.000000,121.0,,,,,,
1776548104.136203,2941,121.2,detect,ekf,,620,536,-0.787322,6.928434,27.556271,-0.002543,0.022380,0.089013,210.4447914502787,,0.00,0.00,0.00,0.000000,257.3,,,,,,
1776548104.393673,2942,257.5,track,ekf,,620,536,-0.787977,6.934196,27.579189,-0.002543,0.022380,0.089013,210.7725233137564,,0.00,0.00,0.00,0.000000,90.5,,,,,,
1776548104.484430,2943,90.8,track,ekf,,620,536,-0.788208,6.936227,27.587268,-0.002543,0.022380,0.089013,210.8880901314935,,0.00,0.00,0.00,0.000000,90.1,,,,,,
1776548104.574828,2944,90.4,track,ekf,,620,536,-0.788438,6.938250,27.595314,-0.002543,0.022380,0.089013,211.00322546981707,,0.00,0.00,0.00,0.000000,90.2,,,,,,
1776548104.665306,2945,90.5,track,ekf,,620,536,-0.788668,6.940275,27.603368,-0.002543,0.022380,0.089013,211.1184887716307,,0.00,0.00,0.00,0.000000,118.7,,,,,,
1776548104.784280,2946,119.0,track,ekf,,620,536,-0.788970,6.942938,27.613958,-0.002543,0.022380,0.089013,211.27009494191174,,0.00,0.00,0.00,0.000000,90.1,,,,,,
1776548104.874677,2947,90.4,track,ekf,,620,536,-0.789200,6.944961,27.622005,-0.002543,0.022380,0.089013,211.38531353053855,,0.00,0.00,0.00,0.000000,91.1,,,,,,
1776548104.966030,2948,91.4,track,ekf,,620,536,-0.789432,6.947006,27.630136,-0.002543,0.022380,0.089013,211.5017762793212,,0.00,0.00,0.00,0.000000,90.6,,,,,,
1776548105.057054,2949,91.0,track,ekf,,620,536,-0.789664,6.949043,27.638239,-0.002543,0.022380,0.089013,211.61784499876515,,0.00,0.00,0.00,0.000000,94.0,,,,,,
1776548105.151344,2950,94.3,track,ekf,,620,536,-0.789904,6.951153,27.646632,-0.002543,0.022380,0.089013,211.73810603398545,,0.00,0.00,0.00,0.000000,120.3,,,,,,
1776548105.271895,2951,120.6,track,ekf,,620,536,-0.790210,6.953851,27.657362,-0.002543,0.022380,0.089013,211.89190355266098,,0.00,0.00,0.00,0.000000,87.4,,,,,,
1776548105.359530,2952,87.6,track,ekf,,620,536,-0.790433,6.955812,27.665163,-0.002543,0.022380,0.089013,212.00373282551885,,0.00,0.00,0.00,0.000000,88.5,,,,,,
1776548105.448481,2953,89.0,track,ekf,,620,536,-0.790659,6.957803,27.673081,-0.002543,0.022380,0.089013,212.1172659125836,,0.00,0.00,0.00,0.000000,90.7,,,,,,
1776548105.539646,2954,91.2,track,ekf,,620,536,-0.790891,6.959843,27.681195,-0.002543,0.022380,0.089013,212.2336509007957,,0.00,0.00,0.00,0.000000,90.6,,,,,,
1776548105.630778,2955,91.1,track,ekf,,620,536,-0.791123,6.961883,27.689307,-0.002543,0.022380,0.089013,212.35001888244147,,0.00,0.00,0.00,0.000000,120.2,,,,,,
1776548105.751301,2956,120.5,track,ekf,,620,536,-0.791430,6.964580,27.700035,-0.002543,0.022380,0.089013,212.50395714563456,,0.00,0.00,0.00,0.000000,89.3,,,,,,
1776548105.840825,2957,89.5,track,ekf,,620,536,-0.791657,6.966584,27.708004,-0.002543,0.022380,0.089013,212.61833031813217,,0.00,0.00,0.00,0.000000,91.1,,,,,,
1776548105.932159,2958,91.3,track,ekf,,620,536,-0.791890,6.968628,27.716134,-0.002543,0.022380,0.089013,212.73504092658357,,0.00,0.00,0.00,0.000000,92.1,,,,,,
1776548106.024505,2959,92.3,track,ekf,,620,536,-0.792124,6.970695,27.724354,-0.002543,0.022380,0.089013,212.8530700621469,,0.00,0.00,0.00,0.000000,93.1,,,,,,
1776548106.117976,2960,93.5,track,ekf,,620,536,-0.792362,6.972787,27.732674,-0.002543,0.022380,0.089013,212.9725642736982,,0.00,0.00,0.00,0.000000,124.5,,,,,,
1776548106.242760,2961,124.8,track,ekf,,620,536,-0.792679,6.975579,27.743782,-0.002543,0.022380,0.089013,213.1321337872416,,0.00,0.00,0.00,0.000000,89.2,,,,,,
1776548106.332264,2962,89.5,track,ekf,,620,536,-0.792907,6.977582,27.751748,-0.002543,0.022380,0.089013,213.24661537629808,,0.00,0.00,0.00,0.000000,90.3,,,,,,
1776548106.422770,2963,90.5,track,ekf,,620,536,-0.793137,6.979608,27.759805,-0.002543,0.022380,0.089013,213.36240351410788,,0.00,0.00,0.00,0.000000,86.3,,,,,,
1776548106.509249,2964,86.5,track,ekf,,620,536,-0.793357,6.981543,27.767502,-0.002543,0.022380,0.089013,213.4730646795738,,0.00,0.00,0.00,0.000000,93.6,,,,,,
1776548106.605012,2965,95.8,track,ekf,,620,536,-0.793601,6.983687,27.776027,-0.002543,0.022380,0.089013,213.595631402715,,0.00,0.00,0.00,0.000000,121.4,,,,,,
1776548106.726665,2966,121.7,track,ekf,,620,536,-0.793910,6.986409,27.786855,-0.002543,0.022380,0.089013,213.75137718498172,,0.00,0.00,0.00,0.000000,90.7,,,,,,
1776548106.817585,2967,90.9,track,ekf,,620,536,-0.794141,6.988444,27.794948,-0.002543,0.022380,0.089013,213.86780562609337,,0.00,0.00,0.00,0.000000,91.7,,,,,,
1776548106.909480,2968,91.9,track,ekf,,620,536,-0.794375,6.990501,27.803128,-0.002543,0.022380,0.089013,213.98550802209886,,0.00,0.00,0.00,0.000000,92.9,,,,,,
1776548107.002731,2969,93.3,track,ekf,,620,536,-0.794612,6.992588,27.811429,-0.002543,0.022380,0.089013,214.1049742599918,,0.00,0.00,0.00,0.000000,90.4,,,,,,
1776548107.093444,2970,90.7,track,ekf,,620,536,-0.794843,6.994618,27.819503,-0.002543,0.022380,0.089013,214.22121387321397,,0.00,0.00,0.00,0.000000,120.9,,,,,,
1776548107.214653,2971,121.2,detect,ekf,,620,536,-0.795151,6.997331,27.830292,-0.002543,0.022380,0.089013,214.37657301379807,,0.00,0.00,0.00,0.000000,237.6,,,,,,
1776548107.452478,2972,237.8,track,ekf,,620,536,-0.795756,7.002653,27.851462,-0.002543,0.022380,0.089013,214.68153836537573,,0.00,0.00,0.00,0.000000,92.5,,,,,,
1776548107.545317,2973,92.8,track,ekf,,620,536,-0.795992,7.004731,27.859726,-0.002543,0.022380,0.089013,214.80062928152594,,0.00,0.00,0.00,0.000000,89.9,,,,,,
1776548107.635417,2974,90.1,track,ekf,,620,536,-0.796221,7.006747,27.867746,-0.002543,0.022380,0.089013,214.9162312378181,,0.00,0.00,0.00,0.000000,90.4,,,,,,
1776548107.726006,2975,90.6,track,ekf,,620,536,-0.796452,7.008775,27.875809,-0.002543,0.022380,0.089013,215.0324866132518,,0.00,0.00,0.00,0.000000,121.6,,,,,,
1776548107.847895,2976,121.9,track,ekf,,620,536,-0.796762,7.011503,27.886659,-0.002543,0.022380,0.089013,215.18895093976658,,0.00,0.00,0.00,0.000000,90.0,,,,,,
1776548107.938105,2977,90.2,track,ekf,,620,536,-0.796991,7.013522,27.894689,-0.002543,0.022380,0.089013,215.30477845253108,,0.00,0.00,0.00,0.000000,91.9,,,,,,
1776548108.030248,2978,92.1,track,ekf,,620,536,-0.797225,7.015584,27.902891,-0.002543,0.022380,0.089013,215.42311404220916,,0.00,0.00,0.00,0.000000,90.0,,,,,,
1776548108.120467,2979,90.2,track,ekf,,620,536,-0.797455,7.017603,27.910921,-0.002543,0.022380,0.089013,215.53900292375963,,0.00,0.00,0.00,0.000000,92.5,,,,,,
1776548108.213360,2980,92.9,track,ekf,,620,536,-0.797691,7.019682,27.919190,-0.002543,0.022380,0.089013,215.65835368330863,,0.00,0.00,0.00,0.000000,116.8,,,,,,
1776548108.330484,2981,117.1,track,ekf,,620,536,-0.797989,7.022303,27.929615,-0.002543,0.022380,0.089013,215.80887618549087,,0.00,0.00,0.00,0.000000,87.0,,,,,,
1776548108.417881,2982,87.4,track,ekf,,620,536,-0.798211,7.024259,27.937395,-0.002543,0.022380,0.089013,215.92121953444294,,0.00,0.00,0.00,0.000000,90.4,,,,,,
1776548108.508518,2983,90.6,track,ekf,,620,536,-0.798442,7.026288,27.945463,-0.002543,0.022380,0.089013,216.03775405762298,,0.00,0.00,0.00,0.000000,89.9,,,,,,
1776548108.598619,2984,90.1,track,ekf,,620,536,-0.798671,7.028304,27.953483,-0.002543,0.022380,0.089013,216.1536240624251,,0.00,0.00,0.00,0.000000,92.2,,,,,,
1776548108.691024,2985,92.4,track,ekf,,620,536,-0.798906,7.030372,27.961708,-0.002543,0.022380,0.089013,216.2724817966129,,0.00,0.00,0.00,0.000000,119.7,,,,,,
1776548108.811031,2986,120.0,track,ekf,,620,536,-0.799211,7.033058,27.972390,-0.002543,0.022380,0.089013,216.42688559657893,,0.00,0.00,0.00,0.000000,89.3,,,,,,
1776548108.900568,2987,89.5,track,ekf,,620,536,-0.799439,7.035062,27.980360,-0.002543,0.022380,0.089013,216.54211158613566,,0.00,0.00,0.00,0.000000,93.9,,,,,,
1776548108.994704,2988,94.1,track,ekf,,620,536,-0.799678,7.037169,27.988739,-0.002543,0.022380,0.089013,216.6632835340271,,0.00,0.00,0.00,0.000000,92.3,,,,,,
1776548109.087259,2989,92.6,track,ekf,,620,536,-0.799914,7.039240,27.996978,-0.002543,0.022380,0.089013,216.78244641848914,,0.00,0.00,0.00,0.000000,89.8,,,,,,
1776548109.177347,2990,90.1,track,ekf,,620,536,-0.800143,7.041256,28.004997,-0.002543,0.022380,0.089013,216.89845905111827,,0.00,0.00,0.00,0.000000,120.4,,,,,,
1776548109.297992,2991,120.6,track,ekf,,620,536,-0.800450,7.043956,28.015736,-0.002543,0.022380,0.089013,217.05386126858951,,0.00,0.00,0.00,0.000000,88.0,,,,,,
1776548109.386220,2992,88.2,track,ekf,,620,536,-0.800674,7.045931,28.023589,-0.002543,0.022380,0.089013,217.16753420239013,,0.00,0.00,0.00,0.000000,87.0,,,,,,
1776548109.473548,2993,87.3,track,ekf,,620,536,-0.800896,7.047885,28.031363,-0.002543,0.022380,0.089013,217.2800699743532,,0.00,0.00,0.00,0.000000,94.0,,,,,,
1776548109.567878,2994,94.3,track,ekf,,620,536,-0.801136,7.049997,28.039759,-0.002543,0.022380,0.089013,217.40165690536853,,0.00,0.00,0.00,0.000000,89.7,,,,,,
1776548109.657917,2995,90.0,track,ekf,,620,536,-0.801365,7.052012,28.047774,-0.002543,0.022380,0.089013,217.51773729601757,,0.00,0.00,0.00,0.000000,121.8,,,,,,
1776548109.779982,2996,122.1,track,ekf,,620,536,-0.801675,7.054744,28.058639,-0.002543,0.022380,0.089013,217.67514670164425,,0.00,0.00,0.00,0.000000,90.6,,,,,,
1776548109.870931,2997,90.9,track,ekf,,620,536,-0.801907,7.056779,28.066735,-0.002543,0.022380,0.089013,217.7924592320708,,0.00,0.00,0.00,0.000000,88.6,,,,,,
1776548109.959782,2998,88.9,track,ekf,,620,536,-0.802133,7.058768,28.074644,-0.002543,0.022380,0.089013,217.90708941107872,,0.00,0.00,0.00,0.000000,92.1,,,,,,
1776548110.052095,2999,92.3,track,ekf,,620,536,-0.802367,7.060834,28.082861,-0.002543,0.022380,0.089013,218.02621151646358,,0.00,0.00,0.00,0.000000,91.0,,,,,,
1776548110.143346,3000,91.3,track,ekf,,620,536,-0.802600,7.062876,28.090983,-0.002543,0.022380,0.089013,218.14398870802071,,0.00,0.00,0.00,0.000000,120.4,,,,,,
1776548110.263948,3001,120.6,detect,ekf,,620,536,-0.802906,7.065575,28.101718,-0.002543,0.022380,0.089013,218.29969050049613,,0.00,0.00,0.00,0.000000,230.7,,,,,,
1776548110.495031,3002,231.1,track,ekf,,620,536,-0.803494,7.070747,28.122288,-0.002543,0.022380,0.089013,218.5981540318745,,0.00,0.00,0.00,0.000000,92.1,,,,,,
1776548110.587367,3003,92.3,track,ekf,,620,536,-0.803729,7.072813,28.130507,-0.002543,0.022380,0.089013,218.71745349939422,,0.00,0.00,0.00,0.000000,90.1,,,,,,
1776548110.677741,3004,90.4,track,ekf,,620,536,-0.803959,7.074836,28.138551,-0.002543,0.022380,0.089013,218.83424426449537,,0.00,0.00,0.00,0.000000,92.0,,,,,,
1776548110.769936,3005,92.2,track,ekf,,620,536,-0.804193,7.076899,28.146758,-0.002543,0.022380,0.089013,218.95341463680046,,0.00,0.00,0.00,0.000000,118.5,,,,,,
1776548110.888663,3006,118.7,track,ekf,,620,536,-0.804495,7.079556,28.157326,-0.002543,0.022380,0.089013,219.1069184997872,,0.00,0.00,0.00,0.000000,87.3,,,,,,
1776548110.976266,3007,87.6,track,ekf,,620,536,-0.804718,7.081517,28.165124,-0.002543,0.022380,0.089013,219.22020768730548,,0.00,0.00,0.00,0.000000,91.4,,,,,,
1776548111.068086,3008,91.8,track,ekf,,620,536,-0.804951,7.083572,28.173297,-0.002543,0.022380,0.089013,219.33897696782518,,0.00,0.00,0.00,0.000000,91.6,,,,,,
1776548111.159895,3009,91.8,track,ekf,,620,536,-0.805185,7.085626,28.181469,-0.002543,0.022380,0.089013,219.45775620777616,,0.00,0.00,0.00,0.000000,90.9,,,,,,
1776548111.251007,3010,91.1,track,ekf,,620,536,-0.805417,7.087666,28.189579,-0.002543,0.022380,0.089013,219.57566006675665,,0.00,0.00,0.00,0.000000,119.0,,,,,,
1776548111.370254,3011,119.2,track,ekf,,620,536,-0.805720,7.090334,28.200194,-0.002543,0.022380,0.089013,219.7300105801743,,0.00,0.00,0.00,0.000000,90.8,,,,,,
1776548111.461282,3012,91.0,track,ekf,,620,536,-0.805951,7.092372,28.208296,-0.002543,0.022380,0.089013,219.84786371248754,,0.00,0.00,0.00,0.000000,91.9,,,,,,
1776548111.553442,3013,92.2,track,ekf,,620,536,-0.806186,7.094434,28.216500,-0.002543,0.022380,0.089013,219.96720754176553,,0.00,0.00,0.00,0.000000,92.2,,,,,,
1776548111.645820,3014,92.4,track,ekf,,620,536,-0.806421,7.096502,28.224722,-0.002543,0.022380,0.089013,220.0868597446469,,0.00,0.00,0.00,0.000000,90.7,,,,,,
1776548111.736767,3015,90.9,track,ekf,,620,536,-0.806652,7.098537,28.232818,-0.002543,0.022380,0.089013,220.20468335089907,,0.00,0.00,0.00,0.000000,120.5,,,,,,
1776548111.857510,3016,120.7,track,ekf,,620,536,-0.806959,7.101239,28.243566,-0.002543,0.022380,0.089013,220.3611482260167,,0.00,0.00,0.00,0.000000,90.3,,,,,,
1776548111.948138,3017,90.6,track,ekf,,620,536,-0.807190,7.103268,28.251633,-0.002543,0.022380,0.089013,220.4786160099013,,0.00,0.00,0.00,0.000000,92.5,,,,,,
1776548112.040869,3018,92.7,track,ekf,,620,536,-0.807425,7.105343,28.259887,-0.002543,0.022380,0.089013,220.59883685783237,,0.00,0.00,0.00,0.000000,92.0,,,,,,
1776548112.133246,3019,92.4,track,ekf,,620,536,-0.807660,7.107410,28.268110,-0.002543,0.022380,0.089013,220.71862300786805,,0.00,0.00,0.00,0.000000,90.5,,,,,,
1776548112.224068,3020,90.8,track,ekf,,620,536,-0.807891,7.109443,28.276194,-0.002543,0.022380,0.089013,220.83641850412783,,0.00,0.00,0.00,0.000000,114.5,,,,,,
1776548112.338823,3021,114.8,track,ekf,,620,536,-0.808183,7.112011,28.286408,-0.002543,0.022380,0.089013,220.98529217124266,,0.00,0.00,0.00,0.000000,88.2,,,,,,
1776548112.427225,3022,88.4,track,ekf,,620,536,-0.808408,7.113990,28.294277,-0.002543,0.022380,0.089013,221.10000358743181,,0.00,0.00,0.00,0.000000,90.8,,,,,,
1776548112.518333,3023,91.1,track,ekf,,620,536,-0.808640,7.116029,28.302387,-0.002543,0.022380,0.089013,221.21825038534882,,0.00,0.00,0.00,0.000000,92.5,,,,,,
1776548112.611069,3024,92.7,track,ekf,,620,536,-0.808875,7.118104,28.310642,-0.002543,0.022380,0.089013,221.33863712335938,,0.00,0.00,0.00,0.000000,90.6,,,,,,
1776548112.701882,3025,90.8,track,ekf,,620,536,-0.809106,7.120137,28.318725,-0.002543,0.022380,0.089013,221.45655182844376,,0.00,0.00,0.00,0.000000,120.6,,,,,,
1776548112.822771,3026,120.9,track,ekf,,620,536,-0.809414,7.122842,28.329486,-0.002543,0.022380,0.089013,221.61355829307243,,0.00,0.00,0.00,0.000000,89.6,,,,,,
1776548112.912714,3027,89.9,track,ekf,,620,536,-0.809643,7.124855,28.337492,-0.002543,0.022380,0.089013,221.73040070892174,,0.00,0.00,0.00,0.000000,91.9,,,,,,
1776548113.004889,3028,92.2,track,ekf,,620,536,-0.809877,7.126918,28.345697,-0.002543,0.022380,0.089013,221.85016792852676,,0.00,0.00,0.00,0.000000,90.1,,,,,,
1776548113.095181,3029,90.3,track,ekf,,620,536,-0.810107,7.128939,28.353734,-0.002543,0.022380,0.089013,221.96751319350133,,0.00,0.00,0.00,0.000000,92.6,,,,,,
1776548113.188047,3030,92.9,track,ekf,,620,536,-0.810343,7.131017,28.362000,-0.002543,0.022380,0.089013,222.08822913946526,,0.00,0.00,0.00,0.000000,118.6,,,,,,
1776548113.306864,3031,118.8,detect,ekf,,620,536,-0.810645,7.133676,28.372576,-0.002543,0.022380,0.089013,222.2427188558019,,0.00,0.00,0.00,0.000000,244.0,,,,,,
1776548113.551092,3032,244.2,track,ekf,,620,536,-0.811266,7.139142,28.394316,-0.002543,0.022380,0.089013,222.560410692766,,0.00,0.00,0.00,0.000000,91.2,,,,,,
1776548113.642534,3033,91.4,track,ekf,,620,536,-0.811499,7.141189,28.402455,-0.002543,0.022380,0.089013,222.67939926723307,,0.00,0.00,0.00,0.000000,90.4,,,,,,
1776548113.733179,3034,90.6,track,ekf,,620,536,-0.811729,7.143217,28.410524,-0.002543,0.022380,0.089013,222.79737557766762,,0.00,0.00,0.00,0.000000,92.0,,,,,,
1776548113.825447,3035,92.3,track,ekf,,620,536,-0.811964,7.145282,28.418737,-0.002543,0.022380,0.089013,222.91748936555982,,0.00,0.00,0.00,0.000000,120.1,,,,,,
1776548113.945861,3036,120.4,track,ekf,,620,536,-0.812270,7.147977,28.429455,-0.002543,0.022380,0.089013,223.0742859677115,,0.00,0.00,0.00,0.000000,90.8,,,,,,
1776548114.036936,3037,91.1,track,ekf,,620,536,-0.812502,7.150016,28.437562,-0.002543,0.022380,0.089013,223.19290570956886,,0.00,0.00,0.00,0.000000,92.6,,,,,,
1776548114.129898,3038,93.0,track,ekf,,620,536,-0.812738,7.152096,28.445837,-0.002543,0.022380,0.089013,223.31400901673317,,0.00,0.00,0.00,0.000000,91.6,,,,,,
1776548114.221797,3039,91.9,track,ekf,,620,536,-0.812972,7.154153,28.454017,-0.002543,0.022380,0.089013,223.4337539412207,,0.00,0.00,0.00,0.000000,89.0,,,,,,
1776548114.311061,3040,89.3,track,ekf,,620,536,-0.813199,7.156151,28.461963,-0.002543,0.022380,0.089013,223.55008848692398,,0.00,0.00,0.00,0.000000,119.2,,,,,,
1776548114.430594,3041,119.5,track,ekf,,620,536,-0.813503,7.158826,28.472603,-0.002543,0.022380,0.089013,223.70591297810282,,0.00,0.00,0.00,0.000000,87.5,,,,,,
1776548114.518456,3042,87.9,track,ekf,,620,536,-0.813726,7.160792,28.480423,-0.002543,0.022380,0.089013,223.82047462736344,,0.00,0.00,0.00,0.000000,92.3,,,,,,
1776548114.610972,3043,92.5,track,ekf,,620,536,-0.813962,7.162863,28.488659,-0.002543,0.022380,0.089013,223.94113248285157,,0.00,0.00,0.00,0.000000,91.5,,,,,,
1776548114.702924,3044,92.0,track,ekf,,620,536,-0.814196,7.164921,28.496843,-0.002543,0.022380,0.089013,224.06107797574825,,0.00,0.00,0.00,0.000000,90.0,,,,,,
1776548114.793184,3045,90.3,track,ekf,,620,536,-0.814425,7.166941,28.504878,-0.002543,0.022380,0.089013,224.17884277689376,,0.00,0.00,0.00,0.000000,120.0,,,,,,
1776548114.913480,3046,120.3,track,ekf,,620,536,-0.814731,7.169633,28.515586,-0.002543,0.022380,0.089013,224.33583528370093,,0.00,0.00,0.00,0.000000,92.6,,,,,,
1776548115.006346,3047,92.9,track,ekf,,620,536,-0.814967,7.171711,28.523852,-0.002543,0.022380,0.089013,224.4570590739883,,0.00,0.00,0.00,0.000000,91.2,,,,,,
1776548115.097839,3048,91.5,track,ekf,,620,536,-0.815200,7.173759,28.531996,-0.002543,0.022380,0.089013,224.5765151768612,,0.00,0.00,0.00,0.000000,92.2,,,,,,
1776548115.190307,3049,92.5,track,ekf,,620,536,-0.815435,7.175828,28.540227,-0.002543,0.022380,0.089013,224.6972697347265,,0.00,0.00,0.00,0.000000,88.6,,,,,,
1776548115.279251,3050,88.9,track,ekf,,620,536,-0.815661,7.177819,28.548144,-0.002543,0.022380,0.089013,224.8134465113067,,0.00,0.00,0.00,0.000000,117.2,,,,,,
1776548115.396797,3051,117.5,track,ekf,,620,536,-0.815960,7.180450,28.558607,-0.002543,0.022380,0.089013,224.96702052872462,,0.00,0.00,0.00,0.000000,88.5,,,,,,
1776548115.485648,3052,88.9,track,ekf,,620,536,-0.816186,7.182438,28.566516,-0.002543,0.022380,0.089013,225.08313094688495,,0.00,0.00,0.00,0.000000,92.0,,,,,,
1776548115.577914,3053,92.3,track,ekf,,620,536,-0.816421,7.184503,28.574729,-0.002543,0.022380,0.089013,225.2037288838457,,0.00,0.00,0.00,0.000000,90.6,,,,,,
1776548115.668896,3054,91.0,track,ekf,,620,537,-0.816621,7.192146,28.581418,-0.002526,0.026987,0.087855,225.32267392078737,,0.00,0.00,0.00,0.000000,90.2,,,,,,
1776548115.759385,3055,90.5,track,ekf,,620,536,-0.843811,7.430970,29.533093,-0.002684,0.027668,0.093503,221.68976568039224,,0.00,0.00,0.00,0.000000,122.0,,,,,,
1776548115.881615,3056,122.2,track,ekf,,620,536,-0.861677,7.587891,30.158453,-0.002787,0.027928,0.097221,219.93880221276703,,0.00,0.00,0.00,0.000000,89.9,,,,,,
1776548115.971894,3057,90.3,track,ekf,,620,536,-0.872824,7.685583,30.548633,-0.002851,0.027924,0.099572,219.14747359354774,,0.00,0.00,0.00,0.000000,92.9,,,,,,
1776548116.065194,3058,93.3,track,ekf,,620,536,-0.879634,7.745139,30.787050,-0.002890,0.027749,0.101028,218.86932129306177,,0.00,0.00,0.00,0.000000,92.4,,,,,,
1776548116.157815,3059,92.6,track,ekf,,620,536,-0.883380,7.777729,30.918207,-0.002912,0.027461,0.101850,218.85061606629492,,0.00,0.00,0.00,0.000000,90.1,,,,,,
1776548116.248280,3060,90.5,track,ekf,,620,536,-0.884938,7.791063,30.972769,-0.002921,0.027104,0.102220,218.94220791924238,,0.00,0.00,0.00,0.000000,117.5,,,,,,
1776548116.366051,3061,117.8,detect,ekf,,620,536,-0.885007,7.791317,30.975218,-0.002920,0.026689,0.102266,219.09024682995388,,0.00,0.00,0.00,0.000000,260.0,,,,,,
1776548116.626356,3062,260.3,track,ekf,,620,536,-0.884059,7.782624,30.942098,-0.002912,0.026156,0.102034,219.3603299690753,,0.00,0.00,0.00,0.000000,91.6,,,,,,
1776548116.718222,3063,91.9,track,ekf,,620,536,-0.882021,7.764237,30.870790,-0.002900,0.025680,0.101658,219.3220883625348,,0.00,0.00,0.00,0.000000,90.6,,,,,,
1776548116.809172,3064,90.9,track,ekf,,620,536,-0.879859,7.744822,30.795149,-0.002887,0.025269,0.101241,219.19281556074273,,0.00,0.00,0.00,0.000000,89.0,,,,,,
1776548116.898471,3065,89.3,track,ekf,,620,536,-0.877838,7.726700,30.724447,-0.002876,0.024922,0.100839,218.9930084311289,,0.00,0.00,0.00,0.000000,120.5,,,,,,
1776548117.019243,3066,120.8,track,ekf,,620,536,-0.876170,7.711706,30.666095,-0.002865,0.024630,0.100480,218.77463116322411,,0.00,0.00,0.00,0.000000,89.8,,,,,,
1776548117.109405,3067,90.2,track,ekf,,620,536,-0.874778,7.699183,30.617356,-0.002857,0.024399,0.100184,218.50250322688538,,0.00,0.00,0.00,0.000000,92.5,,,,,,
1776548117.202184,3068,92.8,track,ekf,,620,536,-0.873754,7.689938,30.581522,-0.002850,0.024220,0.099953,218.23884534569868,,0.00,0.00,0.00,0.000000,87.2,,,,,,
1776548117.289598,3069,87.4,track,ekf,,620,536,-0.873044,7.683494,30.556687,-0.002845,0.024087,0.099780,217.9920432170533,,0.00,0.00,0.00,0.000000,89.2,,,,,,
1776548117.378958,3070,89.4,track,ekf,,620,536,-0.872627,7.679643,30.542071,-0.002842,0.023992,0.099660,217.78054550266225,,0.00,0.00,0.00,0.000000,117.2,,,,,,
1776548117.496449,3071,117.5,track,ekf,,620,536,-0.872557,7.678847,30.539625,-0.002841,0.023931,0.099589,217.63651578762085,,0.00,0.00,0.00,0.000000,91.4,,,,,,
1776548117.588204,3072,91.8,track,ekf,,620,536,-0.872605,7.679141,30.541325,-0.002840,0.023898,0.099552,217.506382556776,,0.00,0.00,0.00,0.000000,94.5,,,,,,
1776548117.683034,3073,94.8,track,ekf,,620,536,-0.872810,7.680818,30.548463,-0.002840,0.023887,0.099540,217.42470609631064,,0.00,0.00,0.00,0.000000,90.2,,,,,,
1776548117.773537,3074,90.5,track,ekf,,620,536,-0.873101,7.683283,30.558653,-0.002841,0.023893,0.099546,217.37989271630266,,0.00,0.00,0.00,0.000000,91.3,,,,,,
1776548117.865134,3075,91.6,track,ekf,,620,536,-0.873461,7.686361,30.571231,-0.002842,0.023913,0.099562,217.3739221161,,0.00,0.00,0.00,0.000000,123.6,,,,,,
1776548117.989003,3076,123.9,track,ekf,,620,536,-0.873969,7.690737,30.589032,-0.002843,0.023949,0.099587,217.44033984844899,,0.00,0.00,0.00,0.000000,89.3,,,,,,
1776548118.078540,3077,89.5,track,ekf,,620,536,-0.874383,7.694319,30.603487,-0.002844,0.023991,0.099610,217.492413169726,,0.00,0.00,0.00,0.000000,90.8,,,,,,
1776548118.169721,3078,91.2,track,ekf,,620,536,-0.874788,7.697843,30.617673,-0.002845,0.024037,0.099630,217.5685169031145,,0.00,0.00,0.00,0.000000,89.4,,,,,,
1776548118.259490,3079,89.8,track,ekf,,620,536,-0.875166,7.701134,30.630895,-0.002846,0.024086,0.099644,217.65896782763366,,0.00,0.00,0.00,0.000000,88.2,,,,,,
1776548118.347967,3080,88.5,track,ekf,,620,536,-0.875511,7.704137,30.642938,-0.002846,0.024135,0.099651,217.75883244917503,,0.00,0.00,0.00,0.000000,120.0,,,,,,
1776548118.468211,3081,120.2,track,ekf,,620,536,-0.875912,7.707629,30.656988,-0.002847,0.024191,0.099650,217.90579470582884,,0.00,0.00,0.00,0.000000,90.8,,,,,,
1776548118.559298,3082,91.1,track,ekf,,620,536,-0.876193,7.710090,30.666808,-0.002847,0.024244,0.099641,218.0194498856565,,0.00,0.00,0.00,0.000000,92.7,,,,,,
1776548118.652250,3083,93.0,track,ekf,,620,536,-0.876444,7.712291,30.675577,-0.002847,0.024296,0.099625,218.1357586478227,,0.00,0.00,0.00,0.000000,92.9,,,,,,
1776548118.745516,3084,93.3,track,ekf,,620,536,-0.876664,7.714224,30.683266,-0.002846,0.024347,0.099603,218.25065810722086,,0.00,0.00,0.00,0.000000,92.2,,,,,,
1776548118.837970,3085,92.5,track,ekf,,620,536,-0.876855,7.715904,30.689927,-0.002846,0.024395,0.099576,218.36133241716985,,0.00,0.00,0.00,0.000000,124.5,,,,,,
1776548118.962794,3086,124.8,track,ekf,,620,536,-0.877106,7.718108,30.698716,-0.002845,0.024445,0.099541,218.50751384256864,,0.00,0.00,0.00,0.000000,92.6,,,,,,
1776548119.055703,3087,92.9,track,ekf,,620,536,-0.877250,7.719391,30.703756,-0.002844,0.024491,0.099504,218.60906291648024,,0.00,0.00,0.00,0.000000,94.5,,,,,,
1776548119.150587,3088,94.9,track,ekf,,620,536,-0.877389,7.720625,30.708598,-0.002843,0.024534,0.099466,218.70859239111022,,0.00,0.00,0.00,0.000000,92.8,,,,,,
1776548119.243578,3089,93.0,track,ekf,,620,536,-0.877516,7.721764,30.713051,-0.002842,0.024574,0.099427,218.8018185678294,,0.00,0.00,0.00,0.000000,94.1,,,,,,
1776548119.338030,3090,94.5,track,ekf,,620,536,-0.877646,7.722923,30.717584,-0.002841,0.024611,0.099388,218.89355549928274,,0.00,0.00,0.00,0.000000,121.5,,,,,,
1776548119.459815,3091,121.8,detect,ekf,,620,536,-0.877848,7.724718,30.724669,-0.002840,0.024648,0.099348,219.0156702629763,,0.00,0.00,0.00,0.000000,255.6,,,,,,
1776548119.715677,3092,255.9,track,ekf,,620,536,-0.878404,7.729593,30.744088,-0.002839,0.024695,0.099301,219.29647158372893,,0.00,0.00,0.00,0.000000,92.7,,,,,,
1776548119.808653,3093,93.0,track,ekf,,620,536,-0.878518,7.730640,30.748098,-0.002838,0.024733,0.099260,219.37391407473368,,0.00,0.00,0.00,0.000000,89.4,,,,,,
1776548119.898318,3094,89.7,track,ekf,,620,536,-0.878644,7.731783,30.752505,-0.002837,0.024765,0.099224,219.44934393626343,,0.00,0.00,0.00,0.000000,92.0,,,,,,
1776548119.990524,3095,92.2,track,ekf,,620,536,-0.878795,7.733143,30.757797,-0.002836,0.024792,0.099194,219.53050511747898,,0.00,0.00,0.00,0.000000,119.1,,,,,,
1776548120.109913,3096,119.4,track,ekf,,620,536,-0.879038,7.735298,30.766271,-0.002835,0.024817,0.099168,219.6478689071886,,0.00,0.00,0.00,0.000000,91.2,,,,,,
1776548120.201426,3097,91.5,track,ekf,,620,536,-0.879216,7.736898,30.772531,-0.002834,0.024839,0.099145,219.73358177522104,,0.00,0.00,0.00,0.000000,87.9,,,,,,
1776548120.289667,3098,88.2,track,ekf,,620,536,-0.879400,7.738534,30.778948,-0.002834,0.024858,0.099127,219.8185847209232,,0.00,0.00,0.00,0.000000,89.0,,,,,,
1776548120.378955,3099,89.3,track,ekf,,620,536,-0.879598,7.740298,30.785880,-0.002833,0.024874,0.099111,219.908140435373,,0.00,0.00,0.00,0.000000,88.1,,,,,,
1776548120.467425,3100,88.5,track,ekf,,620,536,-0.879804,7.742128,30.793085,-0.002833,0.024888,0.099098,219.99973843029252,,0.00,0.00,0.00,0.000000,121.2,,,,,,
1776548120.588876,3101,121.5,track,ekf,,620,536,-0.880111,7.744850,30.803845,-0.002832,0.024901,0.099087,220.1354116905249,,0.00,0.00,0.00,0.000000,89.3,,,,,,
1776548120.678451,3102,89.6,track,ekf,,620,536,-0.880336,7.746845,30.811717,-0.002832,0.024912,0.099078,220.23382567331782,,0.00,0.00,0.00,0.000000,90.9,,,,,,
1776548120.769647,3103,91.2,track,ekf,,620,536,-0.880572,7.748936,30.819972,-0.002832,0.024921,0.099071,220.33677899017852,,0.00,0.00,0.00,0.000000,90.4,,,,,,
1776548120.860233,3104,90.6,track,ekf,,620,536,-0.880811,7.751056,30.828352,-0.002831,0.024929,0.099066,220.44118171416508,,0.00,0.00,0.00,0.000000,91.1,,,,,,
1776548120.951572,3105,91.3,track,ekf,,620,536,-0.881057,7.753231,30.836957,-0.002831,0.024936,0.099061,220.54846839520636,,0.00,0.00,0.00,0.000000,120.0,,,,,,
1776548121.071800,3106,120.2,track,ekf,,620,536,-0.881388,7.756158,30.848550,-0.002831,0.024942,0.099058,220.69383175790009,,0.00,0.00,0.00,0.000000,90.2,,,,,,
1776548121.162288,3107,90.5,track,ekf,,620,536,-0.881638,7.758366,30.857294,-0.002831,0.024946,0.099056,220.8032339311764,,0.00,0.00,0.00,0.000000,89.9,,,,,,
1776548121.252563,3108,90.3,track,ekf,,620,536,-0.881889,7.760586,30.866089,-0.002831,0.024950,0.099054,220.91356183704588,,0.00,0.00,0.00,0.000000,88.8,,,,,,
1776548121.341738,3109,89.2,track,ekf,,620,536,-0.882139,7.762792,30.874830,-0.002831,0.024953,0.099053,221.02346444846597,,0.00,0.00,0.00,0.000000,87.9,,,,,,
1776548121.429915,3110,88.2,track,ekf,,620,536,-0.882387,7.764981,30.883510,-0.002830,0.024954,0.099052,221.13286605181665,,0.00,0.00,0.00,0.000000,121.3,,,,,,
1776548121.551492,3111,121.6,track,ekf,,620,536,-0.882730,7.768011,30.895530,-0.002830,0.024956,0.099052,221.28499810903756,,0.00,0.00,0.00,0.000000,90.7,,,,,,
1776548121.642450,3112,91.0,track,ekf,,620,536,-0.882987,7.770279,30.904533,-0.002830,0.024956,0.099051,221.39899988203965,,0.00,0.00,0.00,0.000000,90.5,,,,,,
1776548121.733186,3113,90.7,track,ekf,,620,536,-0.883244,7.772544,30.913522,-0.002830,0.024956,0.099051,221.51302534087915,,0.00,0.00,0.00,0.000000,91.0,,,,,,
1776548121.824518,3114,91.3,track,ekf,,620,536,-0.883503,7.774824,30.922574,-0.002830,0.024955,0.099052,221.62800343341104,,0.00,0.00,0.00,0.000000,90.4,,,,,,
1776548121.915143,3115,90.6,track,ekf,,620,536,-0.883759,7.777085,30.931555,-0.002830,0.024954,0.099052,221.74221240549582,,0.00,0.00,0.00,0.000000,124.8,,,,,,
1776548122.040245,3116,125.1,track,ekf,,620,536,-0.884113,7.780205,30.943946,-0.002830,0.024953,0.099052,221.89996262478465,,0.00,0.00,0.00,0.000000,89.1,,,,,,
1776548122.129631,3117,89.4,track,ekf,,620,536,-0.884366,7.782431,30.952795,-0.002830,0.024951,0.099053,222.01268166924746,,0.00,0.00,0.00,0.000000,94.4,,,,,,
1776548122.224402,3118,94.8,track,ekf,,620,536,-0.884634,7.784791,30.962172,-0.002830,0.024949,0.099053,222.132170278013,,0.00,0.00,0.00,0.000000,85.6,,,,,,
1776548122.310281,3119,85.9,track,ekf,,620,536,-0.884876,7.786927,30.970663,-0.002830,0.024947,0.099054,222.2404039502455,,0.00,0.00,0.00,0.000000,88.4,,,,,,
1776548122.398962,3120,88.7,track,ekf,,620,536,-0.885127,7.789131,30.979427,-0.002830,0.024945,0.099054,222.35212898419437,,0.00,0.00,0.00,0.000000,120.2,,,,,,
1776548122.519462,3121,120.5,detect,ekf,,620,536,-0.885467,7.792126,30.991335,-0.002830,0.024942,0.099054,222.50394176806722,,0.00,0.00,0.00,0.000000,251.6,,,,,,
1776548122.771280,3122,251.8,track,ekf,,620,536,-0.886178,7.798390,31.016230,-0.002830,0.024938,0.099055,222.82137539554452,,0.00,0.00,0.00,0.000000,96.6,,,,,,
1776548122.868088,3123,96.8,track,ekf,,620,536,-0.886451,7.800788,31.025773,-0.002830,0.024935,0.099056,222.94305107651047,,0.00,0.00,0.00,0.000000,90.7,,,,,,
1776548122.959213,3124,91.1,track,ekf,,620,536,-0.886707,7.803045,31.034756,-0.002830,0.024932,0.099056,223.05757513483786,,0.00,0.00,0.00,0.000000,90.4,,,,,,
1776548123.049908,3125,90.7,track,ekf,,620,536,-0.886963,7.805293,31.043699,-0.002830,0.024930,0.099057,223.17159510481932,,0.00,0.00,0.00,0.000000,120.6,,,,,,
1776548123.170846,3126,120.9,track,ekf,,620,536,-0.887304,7.808294,31.055639,-0.002830,0.024927,0.099057,223.32386601557326,,0.00,0.00,0.00,0.000000,89.5,,,,,,
1776548123.260645,3127,89.8,track,ekf,,620,536,-0.887557,7.810520,31.064499,-0.002830,0.024925,0.099057,223.43682875160127,,0.00,0.00,0.00,0.000000,88.3,,,,,,
1776548123.349237,3128,88.6,track,ekf,,620,536,-0.887807,7.812717,31.073242,-0.002830,0.024923,0.099058,223.54832830221457,,0.00,0.00,0.00,0.000000,89.7,,,,,,
1776548123.439255,3129,90.0,track,ekf,,620,536,-0.888061,7.814951,31.082130,-0.002830,0.024921,0.099058,223.66169704726323,,0.00,0.00,0.00,0.000000,90.3,,,,,,
1776548123.529890,3130,90.6,track,ekf,,620,536,-0.888317,7.817201,31.091083,-0.002830,0.024919,0.099058,223.77591102168745,,0.00,0.00,0.00,0.000000,123.1,,,,,,
1776548123.653252,3131,123.4,track,ekf,,620,536,-0.888665,7.820266,31.103279,-0.002830,0.024917,0.099059,223.9316074966914,,0.00,0.00,0.00,0.000000,91.3,,,,,,
1776548123.744844,3132,91.6,track,ekf,,620,536,-0.888924,7.822541,31.112332,-0.002830,0.024916,0.099059,224.04716255991636,,0.00,0.00,0.00,0.000000,91.1,,,,,,
1776548123.836165,3133,91.3,track,ekf,,620,536,-0.889182,7.824810,31.121360,-0.002830,0.024914,0.099059,224.16244713107048,,0.00,0.00,0.00,0.000000,91.5,,,,,,
1776548123.938928,3134,102.8,track,ekf,,620,536,-0.889472,7.827365,31.131524,-0.002830,0.024913,0.099059,224.29229503055421,,0.00,0.00,0.00,0.000000,92.1,,,,,,
1776548124.031257,3135,92.3,track,ekf,,620,536,-0.889733,7.829660,31.140657,-0.002830,0.024912,0.099059,224.4089948500911,,0.00,0.00,0.00,0.000000,120.4,,,,,,
1776548124.151950,3136,120.7,track,ekf,,620,536,-0.890074,7.832663,31.152602,-0.002830,0.024911,0.099060,224.56171202699656,,0.00,0.00,0.00,0.000000,90.5,,,,,,
1776548124.242740,3137,90.8,track,ekf,,620,536,-0.890331,7.834921,31.161587,-0.002830,0.024910,0.099060,224.6765957329325,,0.00,0.00,0.00,0.000000,88.4,,,,,,
1776548124.331442,3138,88.7,track,ekf,,620,536,-0.890582,7.837127,31.170366,-0.002830,0.024909,0.099060,224.78889201767035,,0.00,0.00,0.00,0.000000,88.5,,,,,,
1776548124.420388,3139,88.9,track,ekf,,620,536,-0.890833,7.839340,31.179171,-0.002830,0.024908,0.099060,224.90155389527584,,0.00,0.00,0.00,0.000000,89.3,,,,,,
1776548124.509992,3140,89.6,track,ekf,,620,536,-0.891087,7.841570,31.188043,-0.002830,0.024907,0.099060,225.01510251708407,,0.00,0.00,0.00,0.000000,120.1,,,,,,
1776548124.630350,3141,120.4,track,ekf,,620,536,-0.891427,7.844566,31.199962,-0.002830,0.024907,0.099060,225.16772885145178,,0.00,0.00,0.00,0.000000,91.9,,,,,,
1776548124.722496,3142,92.1,track,ekf,,620,536,-0.891688,7.846860,31.209087,-0.002830,0.024906,0.099061,225.28460614300627,,0.00,0.00,0.00,0.000000,94.8,,,,,,
1776548124.817691,3143,95.2,track,ekf,,620,536,-0.891957,7.849230,31.218515,-0.002830,0.024906,0.099061,225.40539792634178,,0.00,0.00,0.00,0.000000,91.9,,,,,,
1776548124.909971,3144,92.3,track,ekf,,620,536,-0.892219,7.851527,31.227655,-0.002830,0.024906,0.099061,225.52253079011106,,0.00,0.00,0.00,0.000000,92.8,,,,,,
1776548125.002957,3145,93.0,track,ekf,,620,536,-0.892482,7.853843,31.236865,-0.002830,0.024905,0.099061,225.640597368276,,0.00,0.00,0.00,0.000000,124.1,,,,,,
1776548125.127272,3146,124.3,track,ekf,,620,536,-0.892834,7.856938,31.249179,-0.002830,0.024905,0.099061,225.79850997467585,,0.00,0.00,0.00,0.000000,92.2,,,,,,
1776548125.219707,3147,92.4,track,ekf,,620,536,-0.893095,7.859240,31.258335,-0.002830,0.024905,0.099061,225.9159562222434,,0.00,0.00,0.00,0.000000,90.3,,,,,,
1776548125.310352,3148,90.6,track,ekf,,620,536,-0.893352,7.861497,31.267314,-0.002830,0.024905,0.099061,226.03115979014913,,0.00,0.00,0.00,0.000000,91.8,,,,,,
1776548125.402425,3149,92.1,track,ekf,,620,536,-0.893612,7.863790,31.276435,-0.002830,0.024905,0.099061,226.1482082280669,,0.00,0.00,0.00,0.000000,91.8,,,,,,
1776548125.494476,3150,92.1,track,ekf,,620,536,-0.893873,7.866083,31.285554,-0.002830,0.024905,0.099061,226.26525819427604,,0.00,0.00,0.00,0.000000,123.8,,,,,,
1776548125.618501,3151,124.0,detect,ekf,,620,536,-0.894224,7.869171,31.297840,-0.002830,0.024905,0.099061,226.42301230721017,,0.00,0.00,0.00,0.000000,237.3,,,,,,
1776548125.856126,3152,237.6,track,ekf,,620,536,-0.894897,7.875089,31.321379,-0.002830,0.024905,0.099061,226.72540104512157,,0.00,0.00,0.00,0.000000,94.1,,,,,,
1776548125.950649,3153,94.5,track,ekf,,620,536,-0.895164,7.877443,31.330742,-0.002830,0.024905,0.099061,226.84572770893507,,0.00,0.00,0.00,0.000000,93.5,,,,,,
1776548126.044580,3154,93.9,track,ekf,,620,536,-0.895430,7.879783,31.340047,-0.002830,0.024905,0.099061,226.9653293605839,,0.00,0.00,0.00,0.000000,92.6,,,,,,
1776548126.137438,3155,92.9,track,ekf,,620,536,-0.895693,7.882096,31.349246,-0.002830,0.024905,0.099061,227.0835914864833,,0.00,0.00,0.00,0.000000,124.1,,,,,,
1776548126.261762,3156,124.3,track,ekf,,620,536,-0.896045,7.885192,31.361562,-0.002830,0.024905,0.099061,227.24197164004843,,0.00,0.00,0.00,0.000000,92.8,,,,,,
1776548126.354805,3157,93.0,track,ekf,,620,536,-0.896308,7.887509,31.370778,-0.002830,0.024905,0.099061,227.36053031459556,,0.00,0.00,0.00,0.000000,89.8,,,,,,
1776548126.444963,3158,90.2,track,ekf,,620,536,-0.896563,7.889755,31.379709,-0.002830,0.024905,0.099061,227.475436749106,,0.00,0.00,0.00,0.000000,92.3,,,,,,
1776548126.537658,3159,92.7,track,ekf,,620,536,-0.896825,7.892063,31.388892,-0.002830,0.024905,0.099061,227.59360457219444,,0.00,0.00,0.00,0.000000,91.1,,,,,,
1776548126.629021,3160,91.4,track,ekf,,620,536,-0.897084,7.894339,31.397942,-0.002830,0.024905,0.099061,227.71009895302694,,0.00,0.00,0.00,0.000000,127.4,,,,,,
1776548126.756681,3161,127.7,track,ekf,,620,536,-0.897445,7.897518,31.410588,-0.002830,0.024905,0.099061,227.8729205574212,,0.00,0.00,0.00,0.000000,97.0,,,,,,
1776548126.853893,3162,97.2,track,ekf,,620,536,-0.897721,7.899940,31.420218,-0.002830,0.024905,0.099061,227.99693798962443,,0.00,0.00,0.00,0.000000,97.4,,,,,,
1776548126.951557,3163,97.7,track,ekf,,620,536,-0.897997,7.902372,31.429892,-0.002830,0.024906,0.099061,228.12156285122504,,0.00,0.00,0.00,0.000000,97.9,,,,,,
1776548127.049644,3164,98.1,track,ekf,,620,536,-0.898275,7.904815,31.439609,-0.002830,0.024906,0.099061,228.24675510263674,,0.00,0.00,0.00,0.000000,96.7,,,,,,
1776548127.146724,3165,97.1,track,ekf,,620,536,-0.898549,7.907233,31.449225,-0.002830,0.024906,0.099061,228.37069251320605,,0.00,0.00,0.00,0.000000,126.9,,,,,,
1776548127.273925,3166,127.2,track,ekf,,620,536,-0.898909,7.910401,31.461826,-0.002830,0.024906,0.099061,228.53313073293506,,0.00,0.00,0.00,0.000000,94.5,,,,,,
1776548127.368641,3167,94.7,track,ekf,,620,536,-0.899177,7.912760,31.471208,-0.002830,0.024906,0.099061,228.6541143283451,,0.00,0.00,0.00,0.000000,96.3,,,,,,
1776548127.465235,3168,96.6,track,ekf,,620,536,-0.899451,7.915166,31.480777,-0.002830,0.024906,0.099061,228.7775249335112,,0.00,0.00,0.00,0.000000,96.5,,,,,,
1776548127.561944,3169,96.7,track,ekf,,620,536,-0.899724,7.917575,31.490357,-0.002830,0.024906,0.099061,228.90111125447362,,0.00,0.00,0.00,0.000000,98.0,,,,,,
1776548127.660323,3170,98.4,track,ekf,,620,536,-0.900003,7.920025,31.500102,-0.002830,0.024906,0.099061,229.0268631634569,,0.00,0.00,0.00,0.000000,128.9,,,,,,
1776548127.789470,3171,129.1,track,ekf,,620,536,-0.900368,7.923242,31.512895,-0.002830,0.024906,0.099061,229.19198993119417,,0.00,0.00,0.00,0.000000,96.0,,,,,,
1776548127.885769,3172,96.3,track,ekf,,620,536,-0.900641,7.925640,31.522435,-0.002830,0.024906,0.099060,229.31514799305202,,0.00,0.00,0.00,0.000000,97.8,,,,,,
1776548127.983816,3173,98.0,track,ekf,,620,536,-0.900919,7.928082,31.532147,-0.002830,0.024906,0.099060,229.44057221375303,,0.00,0.00,0.00,0.000000,97.2,,,,,,
1776548128.081378,3174,97.6,track,ekf,,620,536,-0.901195,7.930512,31.541812,-0.002830,0.024906,0.099060,229.56540516805808,,0.00,0.00,0.00,0.000000,98.2,,,,,,
1776548128.179921,3175,98.5,track,ekf,,620,536,-0.901474,7.932967,31.551573,-0.002830,0.024906,0.099060,229.69152329101345,,0.00,0.00,0.00,0.000000,126.3,,,,,,
1776548128.306538,3176,126.6,track,ekf,,620,536,-0.901832,7.936120,31.564116,-0.002830,0.024906,0.099060,229.8536170479694,,0.00,0.00,0.00,0.000000,95.5,,,,,,
1776548128.402481,3177,95.9,track,ekf,,620,536,-0.902103,7.938510,31.573620,-0.002830,0.024907,0.099060,229.9764722627554,,0.00,0.00,0.00,0.000000,96.2,,,,,,
1776548128.498930,3178,96.4,track,ekf,,620,536,-0.902376,7.940912,31.583175,-0.002830,0.024907,0.099060,230.10000543607993,,0.00,0.00,0.00,0.000000,99.5,,,,,,
1776548128.598825,3179,99.9,track,ekf,,620,536,-0.902659,7.943400,31.593070,-0.002830,0.024907,0.099060,230.22798061886883,,0.00,0.00,0.00,0.000000,99.0,,,,,,
1776548128.698093,3180,99.3,track,ekf,,620,536,-0.902940,7.945873,31.602904,-0.002830,0.024907,0.099060,230.35518457537643,,0.00,0.00,0.00,0.000000,129.0,,,,,,
1776548128.827354,3181,129.3,detect,ekf,,620,536,-0.903306,7.949092,31.615708,-0.002830,0.024907,0.099060,230.52086824766306,,0.00,0.00,0.00,0.000000,260.7,,,,,,
1776548129.088229,3182,260.9,track,ekf,,620,536,-0.904044,7.955590,31.641551,-0.002830,0.024907,0.099060,230.85541448833084,,0.00,0.00,0.00,0.000000,98.6,,,,,,
1776548129.187107,3183,98.9,track,ekf,,620,536,-0.904324,7.958052,31.651346,-0.002830,0.024907,0.099060,230.98226357048569,,0.00,0.00,0.00,0.000000,95.9,,,,,,
1776548129.283279,3184,96.2,track,ekf,,620,536,-0.904596,7.960448,31.660872,-0.002830,0.024907,0.099060,231.1056699765344,,0.00,0.00,0.00,0.000000,95.9,,,,,,
1776548129.379509,3185,96.2,track,ekf,,620,536,-0.904869,7.962845,31.670405,-0.002830,0.024907,0.099060,231.2291793844313,,0.00,0.00,0.00,0.000000,127.6,,,,,,
1776548129.507381,3186,127.9,track,ekf,,620,536,-0.905231,7.966029,31.683072,-0.002830,0.024907,0.099060,231.3933468353059,,0.00,0.00,0.00,0.000000,97.9,,,,,,
1776548129.605533,3187,98.2,track,ekf,,620,536,-0.905508,7.968474,31.692795,-0.002830,0.024907,0.099060,231.5193909416917,,0.00,0.00,0.00,0.000000,97.8,,,,,,
1776548129.703769,3188,98.2,track,ekf,,620,536,-0.905786,7.970921,31.702526,-0.002830,0.024907,0.099060,231.64557245559388,,0.00,0.00,0.00,0.000000,97.0,,,,,,
1776548129.801148,3189,97.4,track,ekf,,620,536,-0.906062,7.973346,31.712173,-0.002830,0.024907,0.099060,231.7706821668591,,0.00,0.00,0.00,0.000000,97.6,,,,,,
1776548129.899038,3190,97.9,track,ekf,,620,536,-0.906339,7.975784,31.721870,-0.002830,0.024907,0.099060,231.8964772938147,,0.00,0.00,0.00,0.000000,129.9,,,,,,
1776548130.029250,3191,130.2,track,ekf,,620,536,-0.906708,7.979028,31.734768,-0.002830,0.024907,0.099060,232.0638564342667,,0.00,0.00,0.00,0.000000,98.9,,,,,,
1776548130.128362,3192,99.1,track,ekf,,620,536,-0.906988,7.981496,31.744587,-0.002830,0.024907,0.099060,232.19129163273513,,0.00,0.00,0.00,0.000000,98.0,,,,,,
1776548130.226689,3193,98.3,track,ekf,,620,536,-0.907266,7.983945,31.754327,-0.002830,0.024907,0.099060,232.3177466323019,,0.00,0.00,0.00,0.000000,94.6,,,,,,
1776548130.321645,3194,95.0,track,ekf,,620,536,-0.907535,7.986310,31.763733,-0.002830,0.024907,0.099060,232.43989408007295,,0.00,0.00,0.00,0.000000,94.7,,,,,,
1776548130.416680,3195,95.0,track,ekf,,620,536,-0.907804,7.988677,31.773147,-0.002830,0.024907,0.099060,232.56217029339572,,0.00,0.00,0.00,0.000000,120.1,,,,,,
1776548130.537233,3196,120.6,track,ekf,,620,536,-0.908145,7.991680,31.785089,-0.002830,0.024907,0.099060,232.71732157940852,,0.00,0.00,0.00,0.000000,94.5,,,,,,
1776548130.632100,3197,94.9,track,ekf,,620,536,-0.908414,7.994042,31.794487,-0.002830,0.024907,0.099060,232.83944353123283,,0.00,0.00,0.00,0.000000,97.8,,,,,,
1776548130.730257,3198,98.2,track,ekf,,620,536,-0.908692,7.996487,31.804210,-0.002830,0.024907,0.099060,232.96583031681266,,0.00,0.00,0.00,0.000000,98.7,,,,,,
1776548130.829399,3199,99.1,track,ekf,,620,536,-0.908972,7.998957,31.814032,-0.002830,0.024907,0.099060,233.09351567768638,,0.00,0.00,0.00,0.000000,98.7,,,,,,
1776548130.928293,3200,98.9,track,ekf,,620,536,-0.909252,8.001420,31.823828,-0.002830,0.024907,0.099060,233.2209117341983,,0.00,0.00,0.00,0.000000,129.2,,,,,,
1776548131.057830,3201,129.5,track,ekf,,620,536,-0.909619,8.004646,31.836660,-0.002830,0.024907,0.099060,233.38782762784365,,0.00,0.00,0.00,0.000000,99.4,,,,,,
1776548131.157523,3202,99.7,track,ekf,,620,536,-0.909901,8.007129,31.846536,-0.002830,0.024907,0.099060,233.51632062910107,,0.00,0.00,0.00,0.000000,97.9,,,,,,
1776548131.255569,3203,98.0,track,ekf,,620,536,-0.910179,8.009571,31.856248,-0.002830,0.024907,0.099060,233.6427207775539,,0.00,0.00,0.00,0.000000,96.2,,,,,,
1776548131.352113,3204,96.5,track,ekf,,620,536,-0.910452,8.011976,31.865812,-0.002830,0.024907,0.099060,233.76721263971356,,0.00,0.00,0.00,0.000000,93.3,,,,,,
1776548131.445694,3205,93.6,track,ekf,,620,536,-0.910717,8.014306,31.875082,-0.002830,0.024907,0.099060,233.8879111221064,,0.00,0.00,0.00,0.000000,125.1,,,,,,
1776548131.571128,3206,125.4,track,ekf,,620,536,-0.911072,8.017430,31.887508,-0.002830,0.024907,0.099060,234.0497367300543,,0.00,0.00,0.00,0.000000,90.5,,,,,,
1776548131.661950,3207,90.8,track,ekf,,620,536,-0.911329,8.019693,31.896504,-0.002830,0.024907,0.099060,234.16693536524627,,0.00,0.00,0.00,0.000000,90.9,,,,,,
1776548131.753210,3208,91.3,track,ekf,,620,536,-0.911587,8.021966,31.905545,-0.002830,0.024907,0.099060,234.28472603598198,,0.00,0.00,0.00,0.000000,92.4,,,,,,
1776548131.845889,3209,92.7,track,ekf,,620,536,-0.911849,8.024274,31.914725,-0.002830,0.024907,0.099060,234.4043730792418,,0.00,0.00,0.00,0.000000,91.3,,,,,,
1776548131.937540,3210,91.7,track,ekf,,620,536,-0.912109,8.026557,31.923804,-0.002830,0.024907,0.099060,234.52271879891447,,0.00,0.00,0.00,0.000000,120.4,,,,,,
1776548132.058230,3211,120.7,detect,ekf,,620,536,-0.912450,8.029563,31.935760,-0.002830,0.024907,0.099060,234.6786021160711,,0.00,0.00,0.00,0.000000,243.9,,,,,,
1776548132.302464,3212,244.2,track,ekf,,620,536,-0.913142,8.035646,31.959954,-0.002830,0.024907,0.099060,234.99419605844534,,0.00,0.00,0.00,0.000000,90.5,,,,,,
1776548132.393243,3213,90.8,track,ekf,,620,536,-0.913398,8.037907,31.968947,-0.002830,0.024907,0.099060,235.1115388154986,,0.00,0.00,0.00,0.000000,88.8,,,,,,
1776548132.482280,3214,89.0,track,ekf,,620,536,-0.913650,8.040124,31.977767,-0.002830,0.024907,0.099060,235.22665570588566,,0.00,0.00,0.00,0.000000,90.1,,,,,,
1776548132.572737,3215,90.5,track,ekf,,620,536,-0.913906,8.042377,31.986727,-0.002830,0.024907,0.099060,235.34363203060718,,0.00,0.00,0.00,0.000000,120.8,,,,,,
1776548132.693816,3216,121.1,track,ekf,,620,536,-0.914249,8.045393,31.998722,-0.002830,0.024907,0.099060,235.50024988293202,,0.00,0.00,0.00,0.000000,90.6,,,,,,
1776548132.784595,3217,90.8,track,ekf,,620,536,-0.914506,8.047654,32.007714,-0.002830,0.024907,0.099060,235.61770008470452,,0.00,0.00,0.00,0.000000,92.2,,,,,,
1776548132.877002,3218,92.4,track,ekf,,620,536,-0.914768,8.049955,32.016868,-0.002830,0.024907,0.099060,235.73728429305464,,0.00,0.00,0.00,0.000000,91.9,,,,,,
1776548132.969419,3219,92.4,track,ekf,,620,536,-0.915029,8.052257,32.026023,-0.002830,0.024907,0.099060,235.8569071209477,,0.00,0.00,0.00,0.000000,91.0,,,,,,
1776548133.060656,3220,91.2,track,ekf,,620,536,-0.915287,8.054530,32.035061,-0.002830,0.024907,0.099060,235.97502741474244,,0.00,0.00,0.00,0.000000,122.9,,,,,,
1776548133.183839,3221,123.2,track,ekf,,620,536,-0.915636,8.057598,32.047263,-0.002830,0.024907,0.099060,236.13454939840827,,0.00,0.00,0.00,0.000000,86.2,,,,,,
1776548133.270315,3222,86.5,track,ekf,,620,536,-0.915881,8.059751,32.055830,-0.002830,0.024907,0.099060,236.2465611258452,,0.00,0.00,0.00,0.000000,89.4,,,,,,
1776548133.359996,3223,89.7,track,ekf,,620,536,-0.916135,8.061985,32.064714,-0.002830,0.024907,0.099060,236.36274826153291,,0.00,0.00,0.00,0.000000,87.8,,,,,,
1776548133.448075,3224,88.1,track,ekf,,620,536,-0.916384,8.064179,32.073439,-0.002830,0.024907,0.099060,236.4768836191386,,0.00,0.00,0.00,0.000000,90.5,,,,,,
1776548133.538723,3225,90.6,track,ekf,,620,536,-0.916641,8.066437,32.082418,-0.002830,0.024907,0.099060,236.5943726126503,,0.00,0.00,0.00,0.000000,123.9,,,,,,
1776548133.662913,3226,124.2,track,ekf,,620,536,-0.916992,8.069530,32.094721,-0.002830,0.024907,0.099060,236.75537799938823,,0.00,0.00,0.00,0.000000,89.6,,,,,,
1776548133.752839,3227,89.9,track,ekf,,620,536,-0.917247,8.071769,32.103629,-0.002830,0.024907,0.099060,236.87198827265865,,0.00,0.00,0.00,0.000000,90.8,,,,,,
1776548133.844038,3228,91.2,track,ekf,,620,536,-0.917505,8.074041,32.112663,-0.002830,0.024907,0.099060,236.9902754897615,,0.00,0.00,0.00,0.000000,92.0,,,,,,
1776548133.936251,3229,92.2,track,ekf,,620,536,-0.917766,8.076338,32.121798,-0.002830,0.024907,0.099060,237.10990409794556,,0.00,0.00,0.00,0.000000,90.6,,,,,,
1776548134.027058,3230,90.8,track,ekf,,620,536,-0.918023,8.078599,32.130793,-0.002830,0.024907,0.099060,237.22773189469603,,0.00,0.00,0.00,0.000000,121.3,,,,,,
1776548134.148669,3231,121.6,track,ekf,,620,536,-0.918367,8.081628,32.142840,-0.002830,0.024907,0.099060,237.38557177674053,,0.00,0.00,0.00,0.000000,91.0,,,,,,
1776548134.239923,3232,91.3,track,ekf,,620,536,-0.918625,8.083901,32.151879,-0.002830,0.024907,0.099060,237.5040400464875,,0.00,0.00,0.00,0.000000,88.3,,,,,,
1776548134.328474,3233,88.6,track,ekf,,620,536,-0.918876,8.086107,32.160651,-0.002830,0.024907,0.099060,237.61902069067352,,0.00,0.00,0.00,0.000000,89.5,,,,,,
1776548134.418265,3234,89.8,track,ekf,,620,536,-0.919130,8.088343,32.169546,-0.002830,0.024907,0.099060,237.73563726924374,,0.00,0.00,0.00,0.000000,89.9,,,,,,
1776548134.508584,3235,90.3,track,ekf,,620,536,-0.919386,8.090593,32.178493,-0.002830,0.024907,0.099060,237.85296396243865,,0.00,0.00,0.00,0.000000,120.0,,,,,,
1776548134.628926,3236,120.3,track,ekf,,620,536,-0.919726,8.093590,32.190414,-0.002830,0.024907,0.099060,238.00933133194133,,0.00,0.00,0.00,0.000000,91.9,,,,,,
1776548134.721104,3237,92.2,track,ekf,,620,536,-0.919987,8.095886,32.199545,-0.002830,0.024907,0.099060,238.12913078844974,,0.00,0.00,0.00,0.000000,91.6,,,,,,
1776548134.812969,3238,91.9,track,ekf,,620,536,-0.920247,8.098174,32.208646,-0.002830,0.024907,0.099060,238.2485491436369,,0.00,0.00,0.00,0.000000,92.4,,,,,,
1776548134.905747,3239,92.8,track,ekf,,620,536,-0.920510,8.100485,32.217836,-0.002830,0.024907,0.099060,238.36918036635876,,0.00,0.00,0.00,0.000000,92.3,,,,,,
1776548134.998265,3240,92.5,track,ekf,,620,536,-0.920771,8.102789,32.227001,-0.002830,0.024907,0.099060,238.48949915261244,,0.00,0.00,0.00,0.000000,120.8,,,,,,
1776548135.119325,3241,121.1,detect,ekf,,620,536,-0.921114,8.105804,32.238993,-0.002830,0.024907,0.099060,238.64697751824318,,0.00,0.00,0.00,0.000000,247.6,,,,,,
1776548135.367283,3242,248.0,track,ekf,,620,536,-0.921816,8.111980,32.263556,-0.002830,0.024907,0.099060,238.9696718241763,,0.00,0.00,0.00,0.000000,90.1,,,,,,
1776548135.457795,3243,90.5,track,ekf,,620,536,-0.922072,8.114234,32.272522,-0.002830,0.024907,0.099060,239.08750528204123,,0.00,0.00,0.00,0.000000,93.3,,,,,,
1776548135.551357,3244,93.6,track,ekf,,620,536,-0.922337,8.116564,32.281791,-0.002830,0.024907,0.099060,239.20933479559056,,0.00,0.00,0.00,0.000000,90.4,,,,,,
1776548135.642095,3245,90.7,track,ekf,,620,536,-0.922594,8.118824,32.290779,-0.002830,0.024907,0.099060,239.32751402576395,,0.00,0.00,0.00,0.000000,118.8,,,,,,
1776548135.761153,3246,119.1,track,ekf,,620,536,-0.922931,8.121790,32.302573,-0.002830,0.024907,0.099060,239.48261629764826,,0.00,0.00,0.00,0.000000,90.5,,,,,,
1776548135.851898,3247,90.7,track,ekf,,620,536,-0.923187,8.124050,32.311562,-0.002830,0.024907,0.099060,239.60086058607473,,0.00,0.00,0.00,0.000000,92.2,,,,,,
1776548135.944285,3248,92.4,track,ekf,,620,536,-0.923449,8.126351,32.320714,-0.002830,0.024907,0.099060,239.72127048753828,,0.00,0.00,0.00,0.000000,91.4,,,,,,
1776548136.035888,3249,91.6,track,ekf,,620,536,-0.923708,8.128633,32.329788,-0.002830,0.024907,0.099060,239.8406843845537,,0.00,0.00,0.00,0.000000,90.0,,,,,,
1776548136.126095,3250,90.2,track,ekf,,620,536,-0.923964,8.130879,32.338724,-0.002830,0.024907,0.099060,239.95830192942552,,0.00,0.00,0.00,0.000000,119.9,,,,,,
1776548136.246306,3251,120.2,track,ekf,,620,536,-0.924304,8.133873,32.350633,-0.002830,0.024907,0.099060,240.11508179129424,,0.00,0.00,0.00,0.000000,89.9,,,,,,
1776548136.336536,3252,90.2,track,ekf,,620,536,-0.924559,8.136121,32.359571,-0.002830,0.024907,0.099060,240.23278696333384,,0.00,0.00,0.00,0.000000,90.3,,,,,,
1776548136.427197,3253,90.7,track,ekf,,620,536,-0.924816,8.138379,32.368552,-0.002830,0.024907,0.099060,240.351079172925,,0.00,0.00,0.00,0.000000,91.8,,,,,,
1776548136.519280,3254,92.1,track,ekf,,620,536,-0.925076,8.140672,32.377673,-0.002830,0.024907,0.099060,240.47125206537117,,0.00,0.00,0.00,0.000000,91.5,,,,,,
1776548136.611034,3255,91.8,track,ekf,,620,536,-0.925336,8.142957,32.386763,-0.002830,0.024907,0.099060,240.5910214965465,,0.00,0.00,0.00,0.000000,121.1,,,,,,
1776548136.732412,3256,121.4,track,ekf,,620,536,-0.925680,8.145981,32.398786,-0.002830,0.024907,0.099060,240.74949950812595,,0.00,0.00,0.00,0.000000,91.9,,,,,,
1776548136.824667,3257,92.3,track,ekf,,620,536,-0.925941,8.148278,32.407925,-0.002830,0.024907,0.099060,240.86998095264627,,0.00,0.00,0.00,0.000000,92.9,,,,,,
1776548136.917840,3258,93.2,track,ekf,,620,536,-0.926204,8.150599,32.417155,-0.002830,0.024907,0.099060,240.99168743194684,,0.00,0.00,0.00,0.000000,91.0,,,,,,
1776548137.009030,3259,91.2,track,ekf,,620,536,-0.926463,8.152870,32.426188,-0.002830,0.024907,0.099060,241.1108291094247,,0.00,0.00,0.00,0.000000,91.4,,,,,,
1776548137.100656,3260,91.6,track,ekf,,620,536,-0.926722,8.155152,32.435265,-0.002830,0.024907,0.099060,241.2305643964163,,0.00,0.00,0.00,0.000000,121.2,,,,,,
1776548137.222060,3261,121.4,track,ekf,,620,536,-0.927065,8.158176,32.447291,-0.002830,0.024907,0.099060,241.38925503110644,,0.00,0.00,0.00,0.000000,91.0,,,,,,
1776548137.313395,3262,91.3,track,ekf,,620,536,-0.927324,8.160451,32.456339,-0.002830,0.024907,0.099060,241.50866904483686,,0.00,0.00,0.00,0.000000,95.6,,,,,,
1776548137.409395,3263,96.0,track,ekf,,620,536,-0.927596,8.162842,32.465849,-0.002830,0.024907,0.099060,241.6342089700751,,0.00,0.00,0.00,0.000000,97.4,,,,,,
1776548137.507123,3264,97.7,track,ekf,,620,536,-0.927872,8.165276,32.475530,-0.002830,0.024907,0.099060,241.7620364554284,,0.00,0.00,0.00,0.000000,98.4,,,,,,
1776548137.605804,3265,98.7,track,ekf,,620,536,-0.928152,8.167734,32.485305,-0.002830,0.024907,0.099060,241.8911409569004,,0.00,0.00,0.00,0.000000,125.9,,,,,,
1776548137.731931,3266,126.1,track,ekf,,620,536,-0.928509,8.170875,32.497799,-0.002830,0.024907,0.099060,242.0561955246803,,0.00,0.00,0.00,0.000000,97.5,,,,,,
1776548137.829734,3267,97.8,track,ekf,,620,536,-0.928785,8.173311,32.507488,-0.002830,0.024907,0.099060,242.18421544169294,,0.00,0.00,0.00,0.000000,97.3,,,,,,
1776548137.927395,3268,97.7,track,ekf,,620,536,-0.929062,8.175744,32.517162,-0.002830,0.024907,0.099060,242.3120781668375,,0.00,0.00,0.00,0.000000,98.8,,,,,,
1776548138.026545,3269,99.1,track,ekf,,620,536,-0.929342,8.178213,32.526984,-0.002830,0.024907,0.099060,242.44191917370273,,0.00,0.00,0.00,0.000000,98.6,,,,,,
1776548138.126635,3270,100.1,track,ekf,,620,536,-0.929626,8.180706,32.536899,-0.002830,0.024907,0.099060,242.5730210633476,,0.00,0.00,0.00,0.000000,129.0,,,,,,
1776548138.255887,3271,129.3,detect,ekf,,620,536,-0.929991,8.183925,32.549702,-0.002830,0.024907,0.099060,242.74236670770316,,0.00,0.00,0.00,0.000000,263.7,,,,,,
1776548138.519876,3272,264.0,track,ekf,,620,536,-0.930739,8.190500,32.575853,-0.002830,0.024907,0.099060,243.08840565288662,,0.00,0.00,0.00,0.000000,93.1,,,,,,
1776548138.613226,3273,93.4,track,ekf,,620,536,-0.931003,8.192825,32.585101,-0.002830,0.024907,0.099060,243.21081407215178,,0.00,0.00,0.00,0.000000,88.6,,,,,,
1776548138.702054,3274,88.8,track,ekf,,620,536,-0.931254,8.195038,32.593900,-0.002830,0.024907,0.099060,243.3273151728308,,0.00,0.00,0.00,0.000000,90.2,,,,,,
1776548138.792587,3275,90.5,track,ekf,,620,536,-0.931511,8.197293,32.602868,-0.002830,0.024907,0.099060,243.44607812451773,,0.00,0.00,0.00,0.000000,122.3,,,,,,
1776548138.915188,3276,122.6,track,ekf,,620,536,-0.931858,8.200346,32.615013,-0.002830,0.024907,0.099060,243.60695094999213,,0.00,0.00,0.00,0.000000,92.4,,,,,,
1776548139.007895,3277,92.7,track,ekf,,620,536,-0.932120,8.202655,32.624197,-0.002830,0.024907,0.099060,243.72862556330725,,0.00,0.00,0.00,0.000000,91.5,,,,,,
1776548139.099644,3278,91.7,track,ekf,,620,536,-0.932380,8.204940,32.633285,-0.002830,0.024907,0.099060,243.8490670135623,,0.00,0.00,0.00,0.000000,91.6,,,,,,
1776548139.191648,3279,92.0,track,ekf,,620,536,-0.932640,8.207232,32.642399,-0.002830,0.024907,0.099060,243.96986968962156,,0.00,0.00,0.00,0.000000,90.3,,,,,,
1776548139.282244,3280,90.6,track,ekf,,620,536,-0.932896,8.209488,32.651374,-0.002830,0.024907,0.099060,244.08884914307504,,0.00,0.00,0.00,0.000000,117.3,,,,,,
1776548139.399832,3281,117.6,track,ekf,,620,536,-0.933229,8.212417,32.663022,-0.002830,0.024907,0.099060,244.24331309845775,,0.00,0.00,0.00,0.000000,88.4,,,,,,
1776548139.488491,3282,88.7,track,ekf,,620,536,-0.933480,8.214625,32.671805,-0.002830,0.024907,0.099060,244.35980274484425,,0.00,0.00,0.00,0.000000,92.6,,,,,,
1776548139.581483,3283,93.0,track,ekf,,620,536,-0.933743,8.216941,32.681017,-0.002830,0.024907,0.099060,244.48201142371192,,0.00,0.00,0.00,0.000000,88.3,,,,,,
1776548139.670228,3284,88.7,track,ekf,,620,536,-0.933995,8.219152,32.689808,-0.002830,0.024907,0.099060,244.59866077596456,,0.00,0.00,0.00,0.000000,90.8,,,,,,
1776548139.761228,3285,91.0,track,ekf,,620,536,-0.934252,8.221418,32.698822,-0.002830,0.024907,0.099060,244.71829996126388,,0.00,0.00,0.00,0.000000,126.6,,,,,,
1776548139.888089,3286,126.9,track,ekf,,620,536,-0.934611,8.224578,32.711389,-0.002830,0.024907,0.099060,244.88513039845924,,0.00,0.00,0.00,0.000000,90.3,,,,,,
1776548139.978695,3287,90.6,track,ekf,,620,536,-0.934868,8.226835,32.720365,-0.002830,0.024907,0.099060,245.00430979913799,,0.00,0.00,0.00,0.000000,91.0,,,,,,
1776548140.070071,3288,91.4,track,ekf,,620,536,-0.935126,8.229110,32.729416,-0.002830,0.024907,0.099060,245.1245263444236,,0.00,0.00,0.00,0.000000,91.8,,,,,,
1776548140.162273,3289,92.2,track,ekf,,620,536,-0.935387,8.231407,32.738550,-0.002830,0.024907,0.099060,245.24585499905558,,0.00,0.00,0.00,0.000000,90.4,,,,,,
1776548140.252870,3290,90.6,track,ekf,,620,536,-0.935644,8.233663,32.747524,-0.002830,0.024907,0.099060,245.36509736519903,,0.00,0.00,0.00,0.000000,120.0,,,,,,
1776548140.373192,3291,120.3,track,ekf,,620,536,-0.935984,8.236660,32.759444,-0.002830,0.024907,0.099060,245.52350106546658,,0.00,0.00,0.00,0.000000,87.9,,,,,,
1776548140.461364,3292,88.2,track,ekf,,620,536,-0.936234,8.238856,32.768178,-0.002830,0.024907,0.099060,245.6396056693198,,0.00,0.00,0.00,0.000000,94.3,,,,,,
1776548140.555845,3293,94.5,track,ekf,,620,536,-0.936501,8.241209,32.777537,-0.002830,0.024907,0.099060,245.76404342248387,,0.00,0.00,0.00,0.000000,92.5,,,,,,
1776548140.648687,3294,92.8,track,ekf,,620,536,-0.936764,8.243522,32.786734,-0.002830,0.024907,0.099060,245.886348350862,,0.00,0.00,0.00,0.000000,91.2,,,,,,
1776548140.740139,3295,91.5,track,ekf,,620,536,-0.937023,8.245799,32.795793,-0.002830,0.024907,0.099060,246.00684743678127,,0.00,0.00,0.00,0.000000,124.4,,,,,,
1776548140.864840,3296,124.7,track,ekf,,620,536,-0.937376,8.248905,32.808146,-0.002830,0.024907,0.099060,246.17119787932614,,0.00,0.00,0.00,0.000000,90.1,,,,,,
1776548140.955211,3297,90.4,track,ekf,,620,536,-0.937631,8.251156,32.817099,-0.002830,0.024907,0.099060,246.2903306934644,,0.00,0.00,0.00,0.000000,99.0,,,,,,
1776548141.054608,3298,99.4,track,ekf,,620,536,-0.937913,8.253632,32.826945,-0.002830,0.024907,0.099060,246.4213888337611,,0.00,0.00,0.00,0.000000,89.1,,,,,,
1776548141.143941,3299,89.3,track,ekf,,620,536,-0.938166,8.255857,32.835794,-0.002830,0.024907,0.099060,246.5392032642246,,0.00,0.00,0.00,0.000000,90.7,,,,,,
1776548141.234912,3300,91.0,track,ekf,,620,536,-0.938423,8.258123,32.844806,-0.002830,0.024907,0.099060,246.65920166005426,,0.00,0.00,0.00,0.000000,117.2,,,,,,
1776548141.352378,3301,117.5,detect,ekf,,620,536,-0.938755,8.261048,32.856442,-0.002830,0.024907,0.099060,246.81418673473576,,0.00,0.00,0.00,0.000000,254.6,,,,,,
1776548141.607265,3302,254.9,track,ekf,,620,536,-0.939477,8.267397,32.881691,-0.002830,0.024907,0.099060,247.1506343053727,,0.00,0.00,0.00,0.000000,91.7,,,,,,
1776548141.699294,3303,92.0,track,ekf,,620,536,-0.939737,8.269689,32.890808,-0.002830,0.024907,0.099060,247.27215204806538,,0.00,0.00,0.00,0.000000,90.2,,,,,,
1776548141.789883,3304,90.6,track,ekf,,620,536,-0.939994,8.271945,32.899782,-0.002830,0.024907,0.099060,247.39179337462596,,0.00,0.00,0.00,0.000000,90.6,,,,,,
1776548141.880756,3305,90.9,track,ekf,,620,536,-0.940251,8.274208,32.908783,-0.002830,0.024907,0.099060,247.51183479098492,,0.00,0.00,0.00,0.000000,121.1,,,,,,
1776548142.002142,3306,121.4,track,ekf,,620,536,-0.940595,8.277232,32.920808,-0.002830,0.024907,0.099060,247.67222430171762,,0.00,0.00,0.00,0.000000,87.3,,,,,,
1776548142.089769,3307,87.6,track,ekf,,620,536,-0.940843,8.279414,32.929488,-0.002830,0.024907,0.099060,247.78803220901852,,0.00,0.00,0.00,0.000000,90.9,,,,,,
1776548142.180956,3308,91.2,track,ekf,,620,536,-0.941101,8.281685,32.938521,-0.002830,0.024907,0.099060,247.9085700509789,,0.00,0.00,0.00,0.000000,88.2,,,,,,
1776548142.269434,3309,88.5,track,ekf,,620,536,-0.941351,8.283889,32.947286,-0.002830,0.024907,0.099060,248.02555022647735,,0.00,0.00,0.00,0.000000,87.7,,,,,,
1776548142.357358,3310,87.9,track,ekf,,620,536,-0.941600,8.286079,32.955996,-0.002830,0.024907,0.099060,248.14182055709372,,0.00,0.00,0.00,0.000000,118.8,,,,,,
1776548142.476433,3311,119.1,track,ekf,,620,536,-0.941937,8.289045,32.967791,-0.002830,0.024907,0.099060,248.2993229684604,,0.00,0.00,0.00,0.000000,90.9,,,,,,
1776548142.567541,3312,91.1,track,ekf,,620,536,-0.942195,8.291314,32.976817,-0.002830,0.024907,0.099060,248.41986085992448,,0.00,0.00,0.00,0.000000,92.1,,,,,,
1776548142.659786,3313,92.2,track,ekf,,620,536,-0.942456,8.293611,32.985955,-0.002830,0.024907,0.099060,248.5419285030022,,0.00,0.00,0.00,0.000000,91.7,,,,,,
1776548142.751769,3314,92.0,track,ekf,,620,536,-0.942716,8.295902,32.995066,-0.002830,0.024907,0.099060,248.66367258755645,,0.00,0.00,0.00,0.000000,90.4,,,,,,
1776548142.842468,3315,90.7,track,ekf,,620,536,-0.942973,8.298161,33.004051,-0.002830,0.024907,0.099060,248.78374306514291,,0.00,0.00,0.00,0.000000,120.0,,,,,,
1776548142.962814,3316,120.3,track,ekf,,620,536,-0.943314,8.301159,33.015973,-0.002830,0.024907,0.099060,248.9431000003534,,0.00,0.00,0.00,0.000000,89.9,,,,,,
1776548143.053070,3317,90.3,track,ekf,,620,536,-0.943569,8.303407,33.024913,-0.002830,0.024907,0.099060,249.06264029832337,,0.00,0.00,0.00,0.000000,91.2,,,,,,
1776548143.145519,3318,92.4,track,ekf,,620,536,-0.943831,8.305709,33.034071,-0.002830,0.024907,0.099060,249.1851095638046,,0.00,0.00,0.00,0.000000,92.6,,,,,,
1776548143.238349,3319,92.8,track,ekf,,620,536,-0.944093,8.308021,33.043267,-0.002830,0.024907,0.099060,249.30810895357476,,0.00,0.00,0.00,0.000000,87.5,,,,,,
1776548143.326022,3320,87.7,track,ekf,,620,536,-0.944341,8.310205,33.051952,-0.002830,0.024907,0.099060,249.4242980768159,,0.00,0.00,0.00,0.000000,117.9,,,,,,
1776548143.444145,3321,118.1,track,ekf,,620,536,-0.944676,8.313147,33.063653,-0.002830,0.024907,0.099060,249.58087956316453,,0.00,0.00,0.00,0.000000,91.9,,,,,,
1776548143.536226,3322,92.1,track,ekf,,620,536,-0.944936,8.315441,33.072775,-0.002830,0.024907,0.099060,249.70296745400114,,0.00,0.00,0.00,0.000000,99.3,,,,,,
1776548143.635815,3323,99.6,track,ekf,,620,536,-0.945218,8.317921,33.082640,-0.002830,0.024907,0.099060,249.83503865481686,,0.00,0.00,0.00,0.000000,98.9,,,,,,
1776548143.735087,3324,99.3,track,ekf,,620,536,-0.945499,8.320394,33.092474,-0.002830,0.024907,0.099060,249.96671834307278,,0.00,0.00,0.00,0.000000,97.3,,,,,,
1776548143.832749,3325,97.7,track,ekf,,620,536,-0.945776,8.322826,33.102149,-0.002830,0.024907,0.099060,250.09629089021468,,0.00,0.00,0.00,0.000000,128.3,,,,,,
1776548143.961302,3326,128.6,track,ekf,,620,536,-0.946140,8.326028,33.114883,-0.002830,0.024907,0.099060,250.26689133197516,,0.00,0.00,0.00,0.000000,96.5,,,,,,
1776548144.058040,3327,96.7,track,ekf,,620,536,-0.946413,8.328437,33.124466,-0.002830,0.024907,0.099060,250.3953026524445,,0.00,0.00,0.00,0.000000,96.5,,,,,,
1776548144.154908,3328,96.9,track,ekf,,620,536,-0.946687,8.330850,33.134062,-0.002830,0.024907,0.099060,250.52391312136757,,0.00,0.00,0.00,0.000000,95.5,,,,,,
1776548144.250617,3329,95.7,track,ekf,,620,536,-0.946958,8.333234,33.143543,-0.002830,0.024907,0.099060,250.65101096870134,,0.00,0.00,0.00,0.000000,88.3,,,,,,
1776548144.339157,3330,88.5,track,ekf,,620,536,-0.947209,8.335439,33.152314,-0.002830,0.024907,0.099060,250.76861344188544,,0.00,0.00,0.00,0.000000,119.5,,,,,,
1776548144.458951,3331,119.8,detect,ekf,,620,536,-0.947548,8.338423,33.164181,-0.002830,0.024907,0.099060,250.9277671391537,,0.00,0.00,0.00,0.000000,246.4,,,,,,
1776548144.705541,3332,246.6,track,ekf,,620,536,-0.948246,8.344564,33.188608,-0.002830,0.024907,0.099060,251.2555149239399,,0.00,0.00,0.00,0.000000,90.9,,,,,,
1776548144.796713,3333,91.2,track,ekf,,620,536,-0.948504,8.346835,33.197639,-0.002830,0.024907,0.099060,251.37673392697036,,0.00,0.00,0.00,0.000000,90.5,,,,,,
1776548144.887522,3334,90.8,track,ekf,,620,536,-0.948761,8.349097,33.206635,-0.002830,0.024907,0.099060,251.49749386400015,,0.00,0.00,0.00,0.000000,92.7,,,,,,
1776548144.980555,3335,93.0,track,ekf,,620,536,-0.949024,8.351414,33.215851,-0.002830,0.024907,0.099060,251.6212378756879,,0.00,0.00,0.00,0.000000,118.7,,,,,,
1776548145.099571,3336,119.0,track,ekf,,620,536,-0.949361,8.354378,33.227641,-0.002830,0.024907,0.099060,251.7795806609179,,0.00,0.00,0.00,0.000000,90.4,,,,,,
1776548145.190327,3337,90.8,track,ekf,,620,536,-0.949618,8.356639,33.236631,-0.002830,0.024907,0.099060,251.90035171060154,,0.00,0.00,0.00,0.000000,88.7,,,,,,
1776548145.279432,3338,89.1,track,ekf,,620,536,-0.949870,8.358858,33.245458,-0.002830,0.024907,0.099060,252.0189489816712,,0.00,0.00,0.00,0.000000,87.8,,,,,,
1776548145.367553,3339,88.1,track,ekf,,620,536,-0.950120,8.361053,33.254187,-0.002830,0.024907,0.099060,252.13625998492364,,0.00,0.00,0.00,0.000000,89.9,,,,,,
1776548145.457711,3340,90.2,track,ekf,,620,536,-0.950375,8.363298,33.263118,-0.002830,0.024907,0.099060,252.25630669225913,,0.00,0.00,0.00,0.000000,119.6,,,,,,
1776548145.577598,3341,119.9,track,ekf,,620,536,-0.950714,8.366284,33.274994,-0.002830,0.024907,0.099060,252.4159774195684,,0.00,0.00,0.00,0.000000,91.1,,,,,,
1776548145.668971,3342,91.4,track,ekf,,620,536,-0.950973,8.368560,33.284046,-0.002830,0.024907,0.099060,252.53769898941871,,0.00,0.00,0.00,0.000000,91.2,,,,,,
1776548145.760392,3343,91.4,track,ekf,,620,536,-0.951231,8.370837,33.293102,-0.002830,0.024907,0.099060,252.65950772490447,,0.00,0.00,0.00,0.000000,91.8,,,,,,
1776548145.852596,3344,92.2,track,ekf,,620,536,-0.951492,8.373134,33.302236,-0.002830,0.024907,0.099060,252.78238621393677,,0.00,0.00,0.00,0.000000,93.6,,,,,,
1776548145.946666,3345,94.1,track,ekf,,620,536,-0.951759,8.375476,33.311554,-0.002830,0.024907,0.099060,252.9077768097921,,0.00,0.00,0.00,0.000000,121.1,,,,,,
1776548146.067986,3346,121.3,track,ekf,,620,536,-0.952102,8.378498,33.323572,-0.002830,0.024907,0.099060,253.06952920374525,,0.00,0.00,0.00,0.000000,91.0,,,,,,
1776548146.159235,3347,91.2,track,ekf,,620,536,-0.952360,8.380771,33.332611,-0.002830,0.024907,0.099060,253.19121610467795,,0.00,0.00,0.00,0.000000,91.6,,,,,,
1776548146.251079,3348,91.8,track,ekf,,620,536,-0.952620,8.383058,33.341709,-0.002830,0.024907,0.099060,253.3137213239953,,0.00,0.00,0.00,0.000000,88.8,,,,,,
1776548146.340132,3349,89.1,track,ekf,,620,536,-0.952872,8.385276,33.350531,-0.002830,0.024907,0.099060,253.43252735571488,,0.00,0.00,0.00,0.000000,89.8,,,,,,
1776548146.430259,3350,90.1,track,ekf,,620,536,-0.953127,8.387521,33.359459,-0.002830,0.024907,0.099060,253.5527894383948,,0.00,0.00,0.00,0.000000,120.7,,,,,,
1776548146.551235,3351,121.0,track,ekf,,620,536,-0.953470,8.390534,33.371443,-0.002830,0.024907,0.099060,253.71425553784053,,0.00,0.00,0.00,0.000000,89.6,,,,,,
1776548146.641156,3352,89.9,track,ekf,,620,536,-0.953724,8.392774,33.380351,-0.002830,0.024907,0.099060,253.83429772298368,,0.00,0.00,0.00,0.000000,92.4,,,,,,
1776548146.733865,3353,92.7,track,ekf,,620,536,-0.953987,8.395083,33.389534,-0.002830,0.024907,0.099060,253.95808786895734,,0.00,0.00,0.00,0.000000,93.5,,,,,,
1776548146.827569,3354,93.7,track,ekf,,620,536,-0.954252,8.397417,33.398817,-0.002830,0.024907,0.099060,254.08323146586562,,0.00,0.00,0.00,0.000000,92.2,,,,,,
1776548146.920140,3355,92.6,track,ekf,,620,536,-0.954514,8.399722,33.407987,-0.002830,0.024907,0.099060,254.20688710975335,,0.00,0.00,0.00,0.000000,121.7,,,,,,
1776548147.042072,3356,121.9,track,ekf,,620,536,-0.954859,8.402759,33.420065,-0.002830,0.024907,0.099060,254.3698036336287,,0.00,0.00,0.00,0.000000,91.1,,,,,,
1776548147.133411,3357,91.3,track,ekf,,620,536,-0.955118,8.405034,33.429114,-0.002830,0.024907,0.099060,254.49187079301805,,0.00,0.00,0.00,0.000000,99.1,,,,,,
1776548147.232871,3358,99.5,track,ekf,,620,536,-0.955399,8.407511,33.438966,-0.002830,0.024907,0.099060,254.62481863914303,,0.00,0.00,0.00,0.000000,91.0,,,,,,
1776548147.324085,3359,91.2,track,ekf,,620,536,-0.955657,8.409783,33.448002,-0.002830,0.024907,0.099060,254.74676998415765,,0.00,0.00,0.00,0.000000,89.0,,,,,,
1776548147.413377,3360,89.3,track,ekf,,620,536,-0.955910,8.412007,33.456847,-0.002830,0.024907,0.099060,254.86617367627446,,0.00,0.00,0.00,0.000000,122.1,,,,,,
1776548147.535752,3361,122.4,detect,ekf,,620,536,-0.956256,8.415055,33.468970,-0.002830,0.024907,0.099060,255.02985891836406,,0.00,0.00,0.00,0.000000,262.3,,,,,,
1776548147.798301,3362,262.5,track,ekf,,620,536,-0.956999,8.421594,33.494978,-0.002830,0.024907,0.099060,255.38118797911676,,0.00,0.00,0.00,0.000000,91.6,,,,,,
1776548147.890231,3363,91.9,track,ekf,,620,536,-0.957260,8.423884,33.504084,-0.002830,0.024907,0.099060,255.50424646947656,,0.00,0.00,0.00,0.000000,96.3,,,,,,
1776548147.986885,3364,96.7,track,ekf,,620,536,-0.957533,8.426291,33.513659,-0.002830,0.024907,0.099060,255.6336546922533,,0.00,0.00,0.00,0.000000,97.4,,,,,,
1776548148.084641,3365,97.8,track,ekf,,620,536,-0.957810,8.428726,33.523343,-0.002830,0.024907,0.099060,255.7645663948162,,0.00,0.00,0.00,0.000000,119.8,,,,,,
1776548148.204802,3366,120.2,track,ekf,,620,536,-0.958150,8.431719,33.535246,-0.002830,0.024907,0.099060,255.92552274233483,,0.00,0.00,0.00,0.000000,89.2,,,,,,
1776548148.294219,3367,89.4,track,ekf,,620,536,-0.958403,8.433946,33.544104,-0.002830,0.024907,0.099060,256.0453230786472,,0.00,0.00,0.00,0.000000,93.6,,,,,,
1776548148.388050,3368,93.8,track,ekf,,620,536,-0.958669,8.436283,33.553399,-0.002830,0.024907,0.099060,256.1710623718192,,0.00,0.00,0.00,0.000000,92.6,,,,,,
1776548148.480844,3369,92.8,track,ekf,,620,536,-0.958931,8.438594,33.562591,-0.002830,0.024907,0.099060,256.295438463562,,0.00,0.00,0.00,0.000000,92.1,,,,,,
1776548148.573196,3370,92.4,track,ekf,,620,536,-0.959193,8.440894,33.571739,-0.002830,0.024907,0.099060,256.4192458323877,,0.00,0.00,0.00,0.000000,119.6,,,,,,
1776548148.693084,3371,119.9,track,ekf,,620,536,-0.959532,8.443880,33.583615,-0.002830,0.024907,0.099060,256.5800076201627,,0.00,0.00,0.00,0.000000,90.4,,,,,,
1776548148.783754,3372,90.7,track,ekf,,620,536,-0.959788,8.446139,33.592597,-0.002830,0.024907,0.099060,256.70161537625887,,0.00,0.00,0.00,0.000000,92.2,,,,,,
1776548148.876173,3373,92.4,track,ekf,,620,536,-0.960050,8.448441,33.601752,-0.002830,0.024907,0.099060,256.8255957679086,,0.00,0.00,0.00,0.000000,93.8,,,,,,
1776548148.970422,3374,94.2,track,ekf,,620,536,-0.960317,8.450788,33.611089,-0.002830,0.024907,0.099060,256.95205478282475,,0.00,0.00,0.00,0.000000,90.8,,,,,,
1776548149.061583,3375,91.2,track,ekf,,620,536,-0.960575,8.453058,33.620119,-0.002830,0.024907,0.099060,257.07439553273196,,0.00,0.00,0.00,0.000000,121.3,,,,,,
1776548149.183221,3376,121.6,track,ekf,,620,536,-0.960919,8.456088,33.632169,-0.002830,0.024907,0.099060,257.23767798568537,,0.00,0.00,0.00,0.000000,88.6,,,,,,
1776548149.272032,3377,88.8,track,ekf,,620,536,-0.961170,8.458300,33.640966,-0.002830,0.024907,0.099060,257.35691887914123,,0.00,0.00,0.00,0.000000,89.2,,,,,,
1776548149.361505,3378,89.5,track,ekf,,620,536,-0.961424,8.460529,33.649829,-0.002830,0.024907,0.099060,257.4770730108043,,0.00,0.00,0.00,0.000000,90.8,,,,,,
1776548149.452710,3379,91.2,track,ekf,,620,536,-0.961682,8.462800,33.658864,-0.002830,0.024907,0.099060,257.59957669233603,,0.00,0.00,0.00,0.000000,90.8,,,,,,
1776548149.543743,3380,91.0,track,ekf,,620,536,-0.961939,8.465067,33.667882,-0.002830,0.024907,0.099060,257.72187458393563,,0.00,0.00,0.00,0.000000,120.1,,,,,,
1776548149.664108,3381,120.4,track,ekf,,620,536,-0.962280,8.468065,33.679805,-0.002830,0.024907,0.099060,257.8836151245099,,0.00,0.00,0.00,0.000000,91.1,,,,,,
1776548149.755640,3382,91.5,track,ekf,,620,536,-0.962539,8.470345,33.688873,-0.002830,0.024907,0.099060,258.0066391904143,,0.00,0.00,0.00,0.000000,89.3,,,,,,
1776548149.845148,3383,89.5,track,ekf,,620,536,-0.962793,8.472574,33.697739,-0.002830,0.024907,0.099060,258.1269654815235,,0.00,0.00,0.00,0.000000,91.5,,,,,,
1776548149.937206,3384,92.1,track,ekf,,620,536,-0.963053,8.474867,33.706859,-0.002830,0.024907,0.099060,258.2507437636202,,0.00,0.00,0.00,0.000000,90.8,,,,,,
1776548150.028447,3385,91.2,track,ekf,,620,536,-0.963311,8.477140,33.715897,-0.002830,0.024907,0.099060,258.373449618309,,0.00,0.00,0.00,0.000000,120.4,,,,,,
1776548150.149117,3386,120.7,track,ekf,,620,536,-0.963653,8.480145,33.727851,-0.002830,0.024907,0.099060,258.5357706415721,,0.00,0.00,0.00,0.000000,88.1,,,,,,
1776548150.237475,3387,88.4,track,ekf,,620,536,-0.963903,8.482346,33.736603,-0.002830,0.024907,0.099060,258.6546516637592,,0.00,0.00,0.00,0.000000,87.7,,,,,,
1776548150.325376,3388,87.9,track,ekf,,620,536,-0.964152,8.484535,33.745311,-0.002830,0.024907,0.099060,258.7729402648038,,0.00,0.00,0.00,0.000000,91.9,,,,,,
1776548150.417708,3389,92.3,track,ekf,,620,536,-0.964413,8.486835,33.754457,-0.002830,0.024907,0.099060,258.89721583594263,,0.00,0.00,0.00,0.000000,91.9,,,,,,
1776548150.509862,3390,92.2,track,ekf,,620,536,-0.964674,8.489130,33.763586,-0.002830,0.024907,0.099060,259.0212766631473,,0.00,0.00,0.00,0.000000,119.7,,,,,,
1776548150.629842,3391,120.0,detect,ekf,,620,536,-0.965013,8.492119,33.775471,-0.002830,0.024907,0.099060,259.18283741886165,,0.00,0.00,0.00,0.000000,246.4,,,,,,
1776548150.876529,3392,246.7,track,ekf,,620,536,-0.965712,8.498263,33.799908,-0.002830,0.024907,0.099060,259.5151518163936,,0.00,0.00,0.00,0.000000,92.8,,,,,,
1776548150.969582,3393,93.1,track,ekf,,620,536,-0.965975,8.500580,33.809126,-0.002830,0.024907,0.099060,259.64054550664065,,0.00,0.00,0.00,0.000000,90.2,,,,,,
1776548151.060028,3394,90.4,track,ekf,,620,536,-0.966231,8.502833,33.818086,-0.002830,0.024907,0.099060,259.7624495124132,,0.00,0.00,0.00,0.000000,91.1,,,,,,
1776548151.151357,3395,91.3,track,ekf,,620,536,-0.966490,8.505108,33.827133,-0.002830,0.024907,0.099060,259.8855684986634,,0.00,0.00,0.00,0.000000,118.7,,,,,,
1776548151.270560,3396,119.2,track,ekf,,620,536,-0.966827,8.508077,33.838941,-0.002830,0.024907,0.099060,260.04630276406834,,0.00,0.00,0.00,0.000000,88.7,,,,,,
1776548151.359473,3397,88.9,track,ekf,,620,536,-0.967079,8.510291,33.847749,-0.002830,0.024907,0.099060,260.1662184289091,,0.00,0.00,0.00,0.000000,88.3,,,,,,
1776548151.448024,3398,88.6,track,ekf,,620,536,-0.967329,8.512497,33.856521,-0.002830,0.024907,0.099060,260.2856682720051,,0.00,0.00,0.00,0.000000,92.6,,,,,,
1776548151.541023,3399,93.0,track,ekf,,620,536,-0.967592,8.514813,33.865733,-0.002830,0.024907,0.099060,260.4111443349312,,0.00,0.00,0.00,0.000000,92.2,,,,,,
1776548151.633587,3400,92.6,track,ekf,,620,536,-0.967854,8.517118,33.874903,-0.002830,0.024907,0.099060,260.5360576157479,,0.00,0.00,0.00,0.000000,121.4,,,,,,
1776548151.755307,3401,121.7,track,ekf,,620,536,-0.968199,8.520150,33.886960,-0.002830,0.024907,0.099060,260.70035562036327,,0.00,0.00,0.00,0.000000,91.7,,,,,,
1776548151.847414,3402,92.1,track,ekf,,620,536,-0.968460,8.522444,33.896085,-0.002830,0.024907,0.099060,260.82470899799875,,0.00,0.00,0.00,0.000000,90.6,,,,,,
1776548151.938319,3403,90.9,track,ekf,,620,536,-0.968717,8.524708,33.905090,-0.002830,0.024907,0.099060,260.9474650874869,,0.00,0.00,0.00,0.000000,91.3,,,,,,
1776548152.029970,3404,91.7,track,ekf,,620,537,-0.968942,8.533238,33.912599,-0.002813,0.029547,0.097894,261.0712509429984,,0.00,0.00,0.00,0.000000,91.2,,,,,,
1776548152.121386,3405,91.4,track,ekf,,620,536,-0.996203,8.772665,34.866797,-0.002954,0.030119,0.102947,257.53070850377657,,0.00,0.00,0.00,0.000000,120.3,,,,,,
1776548152.242010,3406,120.6,track,ekf,,620,536,-1.014747,8.935516,35.515874,-0.003049,0.030344,0.106390,255.71322445969997,,0.00,0.00,0.00,0.000000,88.8,,,,,,
1776548152.331153,3407,89.1,track,ekf,,620,536,-1.026780,9.040984,35.937084,-0.003111,0.030346,0.108652,254.82469234738514,,0.00,0.00,0.00,0.000000,89.2,,,,,,
1776548152.420606,3408,89.5,track,ekf,,620,536,-1.034489,9.108415,36.206927,-0.003151,0.030200,0.110117,254.4598823816291,,0.00,0.00,0.00,0.000000,89.6,,,,,,
1776548152.510492,3409,89.9,track,ekf,,620,536,-1.039116,9.148743,36.368919,-0.003174,0.029954,0.111015,254.3803445735693,,0.00,0.00,0.00,0.000000,90.5,,,,,,
1776548152.601273,3410,90.8,track,ekf,,620,537,-1.018529,8.973440,35.648082,-0.003052,0.033062,0.106218,254.4443035112471,,0.00,0.00,0.00,0.000000,119.8,,,,,,
1776548152.721368,3411,120.1,track,ekf,,620,536,-1.054856,9.292574,36.919596,-0.003239,0.033743,0.112958,251.70502617184403,,0.00,0.00,0.00,0.000000,94.2,,,,,,
1776548152.815991,3412,94.6,track,ekf,,620,536,-1.075851,9.476659,37.654473,-0.003348,0.033834,0.116912,250.65015519520853,,0.00,0.00,0.00,0.000000,92.7,,,,,,
1776548152.908993,3413,93.0,track,ekf,,620,536,-1.087504,9.578543,38.062431,-0.003409,0.033569,0.119159,250.34403823404546,,0.00,0.00,0.00,0.000000,92.0,,,,,,
1776548153.001382,3414,92.4,track,ekf,,620,536,-1.092805,9.624507,38.248030,-0.003437,0.033071,0.120245,250.36448862684026,,0.00,0.00,0.00,0.000000,92.0,,,,,,
1776548153.093718,3415,92.3,track,ekf,,620,536,-1.093614,9.630932,38.276409,-0.003441,0.032419,0.120507,250.48261821536414,,0.00,0.00,0.00,0.000000,120.9,,,,,,
1776548153.214863,3416,121.1,track,ekf,,620,536,-1.091209,9.609091,38.192302,-0.003429,0.031643,0.120164,250.5924702556537,,0.00,0.00,0.00,0.000000,86.6,,,,,,
1776548153.301660,3417,86.8,track,ekf,,620,536,-1.086576,9.567601,38.030218,-0.003406,0.030839,0.119425,250.52504645880427,,0.00,0.00,0.00,0.000000,89.6,,,,,,
1776548153.391602,3418,89.9,track,ekf,,620,536,-1.080754,9.515682,37.826521,-0.003376,0.030045,0.118453,250.28523253596558,,0.00,0.00,0.00,0.000000,88.5,,,,,,
1776548153.480321,3419,88.7,track,ekf,,620,536,-1.074458,9.459619,37.606185,-0.003345,0.029294,0.117380,249.8586673328744,,0.00,0.00,0.00,0.000000,91.7,,,,,,
1776548153.572228,3420,91.9,track,ekf,,620,536,-1.068232,9.404225,37.388335,-0.003313,0.028607,0.116304,249.26377775463976,,0.00,0.00,0.00,0.000000,120.1,,,,,,
1776548153.692585,3421,120.4,detect,ekf,,620,536,-1.062490,9.353100,37.187410,-0.003283,0.027987,0.115285,248.5336662751125,,0.00,0.00,0.00,0.000000,247.6,,,,,,
1776548153.940437,3422,247.9,track,ekf,,620,536,-1.057849,9.311526,37.025033,-0.003258,0.027430,0.114383,247.69189179711813,,0.00,0.00,0.00,0.000000,93.0,,,,,,
1776548154.033759,3423,93.3,track,ekf,,620,536,-1.053907,9.276332,36.887054,-0.003238,0.027006,0.113679,246.67783088066273,,0.00,0.00,0.00,0.000000,92.6,,,,,,
1776548154.126707,3424,92.9,track,ekf,,620,536,-1.051047,9.250736,36.786948,-0.003223,0.026692,0.113154,245.73807853067737,,0.00,0.00,0.00,0.000000,92.1,,,,,,
1776548154.219158,3425,92.5,track,ekf,,620,536,-1.049106,9.233295,36.719026,-0.003213,0.026468,0.112783,244.9027639027377,,0.00,0.00,0.00,0.000000,116.4,,,,,,
1776548154.335792,3426,116.6,track,ekf,,620,536,-1.048063,9.223757,36.682503,-0.003207,0.026321,0.112548,244.2026781063237,,0.00,0.00,0.00,0.000000,86.5,,,,,,
1776548154.422653,3427,86.9,track,ekf,,620,536,-1.047502,9.218564,36.662860,-0.003204,0.026232,0.112410,243.6025807936226,,0.00,0.00,0.00,0.000000,90.4,,,,,,
1776548154.513384,3428,90.7,track,ekf,,620,536,-1.047398,9.217412,36.659179,-0.003203,0.026188,0.112346,243.13325560871561,,0.00,0.00,0.00,0.000000,92.3,,,,,,
1776548154.605945,3429,92.6,track,ekf,,620,536,-1.047625,9.219215,36.667137,-0.003203,0.026180,0.112334,242.78051194354504,,0.00,0.00,0.00,0.000000,91.2,,,,,,
1776548154.697459,3430,91.5,track,ekf,,620,536,-1.048072,9.222975,36.682767,-0.003205,0.026199,0.112359,242.52837398913098,,0.00,0.00,0.00,0.000000,120.3,,,,,,
1776548154.818018,3431,120.6,track,ekf,,620,536,-1.048810,9.229262,36.708552,-0.003207,0.026248,0.112413,242.39915446112124,,0.00,0.00,0.00,0.000000,90.8,,,,,,
1776548154.909055,3432,91.0,track,ekf,,620,536,-1.049505,9.235265,36.732887,-0.003210,0.026310,0.112474,242.31186507180666,,0.00,0.00,0.00,0.000000,92.0,,,,,,
1776548155.001240,3433,92.2,track,ekf,,620,536,-1.050212,9.241377,36.757589,-0.003212,0.026382,0.112534,242.28879301871413,,0.00,0.00,0.00,0.000000,91.9,,,,,,
1776548155.093388,3434,92.1,track,ekf,,620,536,-1.050888,9.247242,36.781242,-0.003214,0.026461,0.112587,242.3143869956284,,0.00,0.00,0.00,0.000000,91.6,,,,,,
1776548155.185188,3435,91.8,track,ekf,,620,536,-1.051507,9.252619,36.802897,-0.003216,0.026544,0.112628,242.375808328206,,0.00,0.00,0.00,0.000000,118.9,,,,,,
1776548155.304425,3436,119.2,track,ekf,,620,536,-1.052149,9.258167,36.825327,-0.003218,0.026635,0.112654,242.49822463618702,,0.00,0.00,0.00,0.000000,89.8,,,,,,
1776548155.394560,3437,90.1,track,ekf,,620,536,-1.052603,9.262127,36.841194,-0.003218,0.026725,0.112663,242.6005990300595,,0.00,0.00,0.00,0.000000,90.0,,,,,,
1776548155.484937,3438,90.4,track,ekf,,620,536,-1.052965,9.265286,36.853842,-0.003219,0.026812,0.112655,242.71127148211082,,0.00,0.00,0.00,0.000000,93.4,,,,,,
1776548155.578613,3439,93.7,track,ekf,,620,536,-1.053247,9.267755,36.863723,-0.003219,0.026896,0.112631,242.82771003842208,,0.00,0.00,0.00,0.000000,92.0,,,,,,
1776548155.670858,3440,92.2,track,ekf,,620,536,-1.053443,9.269466,36.870550,-0.003218,0.026978,0.112592,242.93917294010748,,0.00,0.00,0.00,0.000000,120.8,,,,,,
1776548155.791952,3441,121.1,track,ekf,,620,536,-1.053638,9.271155,36.877372,-0.003217,0.027061,0.112534,243.07842072170882,,0.00,0.00,0.00,0.000000,91.1,,,,,,
1776548155.883394,3442,91.4,track,ekf,,620,536,-1.053675,9.271492,36.878643,-0.003215,0.027138,0.112466,243.1711917412091,,0.00,0.00,0.00,0.000000,92.1,,,,,,
1776548155.975741,3443,92.3,track,ekf,,620,536,-1.053664,9.271414,36.878246,-0.003213,0.027211,0.112390,243.25442569165548,,0.00,0.00,0.00,0.000000,90.5,,,,,,
1776548156.066467,3444,90.7,track,ekf,,620,536,-1.053611,9.270973,36.876387,-0.003211,0.027278,0.112308,243.32499269527906,,0.00,0.00,0.00,0.000000,92.6,,,,,,
1776548156.159425,3445,93.0,track,ekf,,620,536,-1.053539,9.270362,36.873849,-0.003209,0.027342,0.112223,243.3880024854896,,0.00,0.00,0.00,0.000000,119.4,,,,,,
1776548156.279160,3446,119.7,track,ekf,,620,536,-1.053517,9.270181,36.873072,-0.003207,0.027404,0.112130,243.47176915527604,,0.00,0.00,0.00,0.000000,86.7,,,,,,
1776548156.366151,3447,87.0,track,ekf,,620,536,-1.053393,9.269125,36.868705,-0.003204,0.027462,0.112040,243.50772688912915,,0.00,0.00,0.00,0.000000,89.8,,,,,,
1776548156.456283,3448,90.1,track,ekf,,620,536,-1.053286,9.268222,36.864954,-0.003202,0.027514,0.111952,243.54193203952732,,0.00,0.00,0.00,0.000000,93.2,,,,,,
1776548156.549872,3449,93.6,track,ekf,,620,536,-1.053202,9.267518,36.862002,-0.003199,0.027563,0.111868,243.57614655658531,,0.00,0.00,0.00,0.000000,92.6,,,,,,
1776548156.642729,3450,92.9,track,ekf,,620,536,-1.053133,9.266950,36.859590,-0.003197,0.027609,0.111787,243.60705444424894,,0.00,0.00,0.00,0.000000,121.1,,,,,,
1776548156.764033,3451,121.3,detect,ekf,,620,536,-1.053164,9.267251,36.860672,-0.003195,0.027654,0.111709,243.66956717367822,,0.00,0.00,0.00,0.000000,245.8,,,,,,
1776548157.010085,3452,246.1,track,ekf,,620,536,-1.053563,9.270756,36.874596,-0.003192,0.027709,0.111622,243.87337612121362,,0.00,0.00,0.00,0.000000,92.0,,,,,,
1776548157.102429,3453,92.3,track,ekf,,620,536,-1.053525,9.270483,36.873268,-0.003190,0.027756,0.111548,243.89302892548835,,0.00,0.00,0.00,0.000000,90.6,,,,,,
1776548157.193208,3454,90.8,track,ekf,,620,536,-1.053530,9.270588,36.873471,-0.003188,0.027796,0.111485,243.9187399229458,,0.00,0.00,0.00,0.000000,88.6,,,,,,
1776548157.282168,3455,89.0,track,ekf,,620,536,-1.053573,9.271015,36.874975,-0.003187,0.027830,0.111431,243.95049961491424,,0.00,0.00,0.00,0.000000,120.6,,,,,,
1776548157.402997,3456,120.8,track,ekf,,620,536,-1.053751,9.272615,36.881179,-0.003185,0.027862,0.111384,244.0285342500485,,0.00,0.00,0.00,0.000000,89.2,,,,,,
1776548157.492601,3457,89.6,track,ekf,,620,536,-1.053863,9.273649,36.885127,-0.003184,0.027890,0.111345,244.07630867927074,,0.00,0.00,0.00,0.000000,97.8,,,,,,
1776548157.590665,3458,98.1,track,ekf,,620,536,-1.054032,9.275173,36.891042,-0.003183,0.027914,0.111312,244.14244808903854,,0.00,0.00,0.00,0.000000,97.4,,,,,,
1776548157.688247,3459,97.6,track,ekf,,620,536,-1.054225,9.276906,36.897797,-0.003182,0.027936,0.111284,244.21546364442975,,0.00,0.00,0.00,0.000000,96.5,,,,,,
1776548157.784920,3460,96.7,track,ekf,,620,536,-1.054437,9.278805,36.905226,-0.003181,0.027955,0.111262,244.29435855031232,,0.00,0.00,0.00,0.000000,127.7,,,,,,
1776548157.913014,3461,128.1,track,ekf,,620,536,-1.054768,9.281745,36.916804,-0.003180,0.027973,0.111243,244.41858257492999,,0.00,0.00,0.00,0.000000,93.8,,,,,,
1776548158.007144,3462,94.1,track,ekf,,620,536,-1.055008,9.283880,36.925189,-0.003180,0.027988,0.111228,244.50668365360434,,0.00,0.00,0.00,0.000000,97.1,,,,,,
1776548158.104621,3463,97.5,track,ekf,,620,536,-1.055271,9.286228,36.934428,-0.003179,0.028001,0.111216,244.60436719955317,,0.00,0.00,0.00,0.000000,95.6,,,,,,
1776548158.200460,3464,95.8,track,ekf,,620,536,-1.055541,9.288627,36.943878,-0.003179,0.028012,0.111207,244.70473708915233,,0.00,0.00,0.00,0.000000,94.3,,,,,,
1776548158.295038,3465,94.6,track,ekf,,620,536,-1.055816,9.291068,36.953506,-0.003178,0.028021,0.111200,244.8075935642372,,0.00,0.00,0.00,0.000000,123.9,,,,,,
1776548158.419254,3466,124.2,track,ekf,,620,536,-1.056193,9.294405,36.966700,-0.003178,0.028028,0.111195,244.951001362487,,0.00,0.00,0.00,0.000000,97.5,,,,,,
1776548158.517052,3467,97.8,track,ekf,,620,536,-1.056492,9.297051,36.977154,-0.003178,0.028035,0.111191,245.06442376976685,,0.00,0.00,0.00,0.000000,99.0,,,,,,
1776548158.616404,3468,99.4,track,ekf,,620,536,-1.056799,9.299775,36.987931,-0.003178,0.028039,0.111188,245.18217400428648,,0.00,0.00,0.00,0.000000,96.7,,,,,,
1776548158.713537,3469,97.1,track,ekf,,620,536,-1.057103,9.302464,36.998569,-0.003177,0.028042,0.111187,245.2990460702322,,0.00,0.00,0.00,0.000000,95.4,,,,,,
1776548158.809136,3470,95.6,track,ekf,,620,536,-1.057404,9.305126,37.009113,-0.003177,0.028045,0.111186,245.41545998179853,,0.00,0.00,0.00,0.000000,127.9,,,,,,
1776548158.937406,3471,128.3,track,ekf,,620,536,-1.057811,9.308718,37.023347,-0.003177,0.028046,0.111185,245.57387623080507,,0.00,0.00,0.00,0.000000,96.1,,,,,,
1776548159.033891,3472,96.5,track,ekf,,620,536,-1.058117,9.311424,37.034074,-0.003177,0.028046,0.111185,245.69339965008416,,0.00,0.00,0.00,0.000000,97.1,,,,,,
1776548159.131215,3473,97.3,track,ekf,,620,536,-1.058427,9.314155,37.044906,-0.003177,0.028045,0.111185,245.81447570439792,,0.00,0.00,0.00,0.000000,95.9,,,,,,
1776548159.227489,3474,96.3,track,ekf,,620,536,-1.058733,9.316856,37.055622,-0.003177,0.028043,0.111186,245.93454201218645,,0.00,0.00,0.00,0.000000,94.1,,,,,,
1776548159.321903,3475,94.4,track,ekf,,620,536,-1.059033,9.319502,37.066126,-0.003177,0.028041,0.111186,246.05243049357776,,0.00,0.00,0.00,0.000000,124.5,,,,,,
1776548159.446773,3476,124.9,track,ekf,,620,536,-1.059429,9.322997,37.080001,-0.003177,0.028039,0.111187,246.2083831063762,,0.00,0.00,0.00,0.000000,95.8,,,,,,
1776548159.542876,3477,96.1,track,ekf,,620,536,-1.059734,9.325682,37.090663,-0.003177,0.028036,0.111188,246.3283350987933,,0.00,0.00,0.00,0.000000,96.6,,,,,,
1776548159.639757,3478,96.9,track,ekf,,620,536,-1.060040,9.328383,37.101398,-0.003177,0.028032,0.111188,246.44914045094814,,0.00,0.00,0.00,0.000000,96.4,,,,,,
1776548159.736471,3479,96.7,track,ekf,,620,536,-1.060346,9.331076,37.112101,-0.003177,0.028029,0.111189,246.5695908626364,,0.00,0.00,0.00,0.000000,96.8,,,,,,
1776548159.833544,3480,97.1,track,ekf,,620,536,-1.060653,9.333776,37.122830,-0.003177,0.028025,0.111190,246.69033610793244,,0.00,0.00,0.00,0.000000,126.2,,,,,,
1776548159.960019,3481,126.5,detect,ekf,,620,536,-1.061052,9.337293,37.136811,-0.003177,0.028021,0.111190,246.84761499607697,,0.00,0.00,0.00,0.000000,248.5,,,,,,
1776548160.208764,3482,248.7,track,ekf,,620,536,-1.061838,9.344221,37.164336,-0.003177,0.028015,0.111191,247.15725138569158,,0.00,0.00,0.00,0.000000,96.9,,,,,,
1776548160.305989,3483,97.2,track,ekf,,620,536,-1.062143,9.346905,37.175020,-0.003177,0.028009,0.111192,247.2773051576463,,0.00,0.00,0.00,0.000000,94.9,,,,,,
1776548160.401240,3484,95.3,track,ekf,,620,536,-1.062443,9.349536,37.185492,-0.003177,0.028005,0.111192,247.3949206108478,,0.00,0.00,0.00,0.000000,96.0,,,,,,
1776548160.497619,3485,96.4,track,ekf,,620,536,-1.062746,9.352200,37.196096,-0.003177,0.028000,0.111193,247.51399755372236,,0.00,0.00,0.00,0.000000,128.1,,,,,,
1776548160.626003,3486,128.4,track,ekf,,620,536,-1.063150,9.355760,37.210260,-0.003177,0.027996,0.111193,247.67314393999303,,0.00,0.00,0.00,0.000000,93.0,,,,,,
1776548160.719436,3487,93.4,track,ekf,,620,536,-1.063444,9.358344,37.220549,-0.003177,0.027992,0.111194,247.78862322327421,,0.00,0.00,0.00,0.000000,91.2,,,,,,
1776548160.810978,3488,91.5,track,ekf,,620,536,-1.063732,9.360878,37.230636,-0.003177,0.027988,0.111194,247.90185643296687,,0.00,0.00,0.00,0.000000,91.0,,,,,,
1776548160.902223,3489,91.2,track,ekf,,620,536,-1.064020,9.363406,37.240699,-0.003177,0.027985,0.111194,248.014842848276,,0.00,0.00,0.00,0.000000,94.6,,,,,,
1776548160.997092,3490,94.9,track,ekf,,620,536,-1.064319,9.366038,37.251174,-0.003177,0.027982,0.111195,248.1324945555047,,0.00,0.00,0.00,0.000000,129.4,,,,,,
1776548161.126774,3491,129.7,track,ekf,,620,536,-1.064729,9.369645,37.265524,-0.003177,0.027979,0.111195,248.29388671189147,,0.00,0.00,0.00,0.000000,97.6,,,,,,
1776548161.224689,3492,97.9,track,ekf,,620,536,-1.065038,9.372365,37.276350,-0.003177,0.027976,0.111195,248.4155824450519,,0.00,0.00,0.00,0.000000,98.2,,,,,,
1776548161.323164,3493,98.5,track,ekf,,620,536,-1.065350,9.375102,37.287246,-0.003177,0.027974,0.111196,248.53812122589898,,0.00,0.00,0.00,0.000000,94.1,,,,,,
1776548161.417603,3494,94.4,track,ekf,,620,536,-1.065648,9.377729,37.297700,-0.003177,0.027971,0.111196,248.65573729074532,,0.00,0.00,0.00,0.000000,96.2,,,,,,
1776548161.514145,3495,96.5,track,ekf,,620,536,-1.065954,9.380416,37.308395,-0.003177,0.027969,0.111196,248.77612844206936,,0.00,0.00,0.00,0.000000,127.2,,,,,,
1776548161.641582,3496,127.4,track,ekf,,620,536,-1.066358,9.383969,37.322530,-0.003177,0.027967,0.111197,248.93543385655494,,0.00,0.00,0.00,0.000000,98.8,,,,,,
1776548161.740596,3497,99.0,track,ekf,,620,536,-1.066671,9.386728,37.333510,-0.003177,0.027965,0.111197,249.05917737660582,,0.00,0.00,0.00,0.000000,96.8,,,,,,
1776548161.837780,3498,97.2,track,ekf,,620,536,-1.066980,9.389437,37.344292,-0.003177,0.027964,0.111197,249.18074456276483,,0.00,0.00,0.00,0.000000,96.8,,,,,,
1776548161.934848,3499,97.1,track,ekf,,620,536,-1.067287,9.392144,37.355065,-0.003177,0.027962,0.111198,249.30227960357982,,0.00,0.00,0.00,0.000000,94.6,,,,,,
1776548162.029673,3500,94.8,track,ekf,,620,536,-1.067588,9.394790,37.365593,-0.003177,0.027961,0.111198,249.4210983035557,,0.00,0.00,0.00,0.000000,126.2,,,,,,
1776548162.156241,3501,126.6,track,ekf,,620,536,-1.067990,9.398323,37.379654,-0.003177,0.027960,0.111198,249.5799309731216,,0.00,0.00,0.00,0.000000,95.0,,,,,,
1776548162.251635,3502,95.4,track,ekf,,620,536,-1.068293,9.400987,37.390251,-0.003177,0.027959,0.111198,249.69965427062306,,0.00,0.00,0.00,0.000000,92.4,,,,,,
1776548162.344238,3503,92.6,track,ekf,,620,536,-1.068587,9.403572,37.400540,-0.003177,0.027958,0.111198,249.8159454007906,,0.00,0.00,0.00,0.000000,92.3,,,,,,
1776548162.436933,3504,92.7,track,ekf,,620,536,-1.068881,9.406161,37.410841,-0.003177,0.027957,0.111198,249.93242329368184,,0.00,0.00,0.00,0.000000,95.9,,,,,,
1776548162.533112,3505,96.2,track,ekf,,620,536,-1.069186,9.408848,37.421531,-0.003177,0.027957,0.111199,250.05335004521612,,0.00,0.00,0.00,0.000000,125.3,,,,,,
1776548162.658703,3506,125.6,track,ekf,,620,536,-1.069585,9.412358,37.435493,-0.003177,0.027956,0.111199,250.21137391837672,,0.00,0.00,0.00,0.000000,95.2,,,,,,
1776548162.754122,3507,95.4,track,ekf,,620,536,-1.069888,9.415024,37.446101,-0.003177,0.027956,0.111199,250.3314660140633,,0.00,0.00,0.00,0.000000,95.8,,,,,,
1776548162.850151,3508,96.0,track,ekf,,620,536,-1.070194,9.417708,37.456778,-0.003177,0.027956,0.111199,250.45237608943614,,0.00,0.00,0.00,0.000000,94.7,,,,,,
1776548162.945113,3509,95.0,track,ekf,,620,536,-1.070495,9.420362,37.467337,-0.003177,0.027955,0.111199,250.57198542813234,,0.00,0.00,0.00,0.000000,96.0,,,,,,
1776548163.041390,3510,96.3,track,ekf,,620,536,-1.070801,9.423053,37.478042,-0.003177,0.027955,0.111199,250.69329192286435,,0.00,0.00,0.00,0.000000,129.0,,,,,,
1776548163.170605,3511,129.2,detect,ekf,,620,536,-1.071212,9.426664,37.492410,-0.003177,0.027955,0.111199,250.85616606440325,,0.00,0.00,0.00,0.000000,254.5,,,,,,
1776548163.425347,3512,254.7,track,ekf,,620,536,-1.072021,9.433786,37.520737,-0.003177,0.027955,0.111199,251.17744834447686,,0.00,0.00,0.00,0.000000,96.9,,,,,,
1776548163.522599,3513,97.3,track,ekf,,620,536,-1.072330,9.436504,37.531552,-0.003177,0.027955,0.111199,251.30014954277806,,0.00,0.00,0.00,0.000000,95.6,,,,,,
1776548163.618482,3514,95.9,track,ekf,,620,536,-1.072635,9.439185,37.542214,-0.003177,0.027955,0.111199,251.42115386027214,,0.00,0.00,0.00,0.000000,95.4,,,,,,
1776548163.714113,3515,95.6,track,ekf,,620,536,-1.072938,9.441858,37.552848,-0.003177,0.027955,0.111199,251.54187052167345,,0.00,0.00,0.00,0.000000,126.0,,,,,,
1776548163.840383,3516,126.3,track,ekf,,620,536,-1.073340,9.445388,37.566889,-0.003177,0.027955,0.111199,251.7013071017146,,0.00,0.00,0.00,0.000000,95.6,,,,,,
1776548163.936254,3517,95.9,track,ekf,,620,536,-1.073644,9.448069,37.577549,-0.003177,0.027955,0.111199,251.82239046458685,,0.00,0.00,0.00,0.000000,96.4,,,,,,
1776548164.032896,3518,96.6,track,ekf,,620,536,-1.073951,9.450770,37.588296,-0.003177,0.027955,0.111199,251.94447681904003,,0.00,0.00,0.00,0.000000,95.3,,,,,,
1776548164.128691,3519,95.8,track,ekf,,620,536,-1.074256,9.453448,37.598948,-0.003177,0.027955,0.111199,252.06552046814068,,0.00,0.00,0.00,0.000000,96.2,,,,,,
1776548164.225262,3520,96.6,track,ekf,,620,536,-1.074562,9.456148,37.609686,-0.003177,0.027956,0.111199,252.18757246999877,,0.00,0.00,0.00,0.000000,124.4,,,,,,
1776548164.350093,3521,124.8,track,ekf,,620,536,-1.074959,9.459638,37.623567,-0.003177,0.027956,0.111199,252.34538513713136,,0.00,0.00,0.00,0.000000,94.0,,,,,,
1776548164.444445,3522,94.4,track,ekf,,620,536,-1.075259,9.462276,37.634058,-0.003177,0.027956,0.111199,252.4646945978315,,0.00,0.00,0.00,0.000000,91.5,,,,,,
1776548164.536299,3523,91.9,track,ekf,,620,536,-1.075551,9.464844,37.644272,-0.003177,0.027956,0.111199,252.58087208914193,,0.00,0.00,0.00,0.000000,92.5,,,,,,
1776548164.629056,3524,92.8,track,ekf,,620,536,-1.075845,9.467437,37.654586,-0.003177,0.027956,0.111199,252.69821672004574,,0.00,0.00,0.00,0.000000,93.1,,,,,,
1776548164.722529,3525,93.5,track,ekf,,620,536,-1.076142,9.470051,37.664980,-0.003177,0.027956,0.111199,252.81649396798448,,0.00,0.00,0.00,0.000000,122.9,,,,,,
1776548164.845696,3526,123.2,track,ekf,,620,536,-1.076534,9.473494,37.678676,-0.003177,0.027957,0.111199,252.9723900919246,,0.00,0.00,0.00,0.000000,93.3,,,,,,
1776548164.939392,3527,93.7,track,ekf,,620,536,-1.076831,9.476114,37.689094,-0.003177,0.027957,0.111199,253.09101240673832,,0.00,0.00,0.00,0.000000,94.2,,,,,,
1776548165.033874,3528,94.5,track,ekf,,620,536,-1.077131,9.478755,37.699600,-0.003177,0.027957,0.111199,253.2106571559101,,0.00,0.00,0.00,0.000000,92.4,,,,,,
1776548165.126534,3529,92.7,track,ekf,,620,536,-1.077426,9.481346,37.709903,-0.003177,0.027957,0.111199,253.32802183851948,,0.00,0.00,0.00,0.000000,91.6,,,,,,
1776548165.218396,3530,91.9,track,ekf,,620,536,-1.077718,9.483914,37.720118,-0.003177,0.027957,0.111198,253.44440136168174,,0.00,0.00,0.00,0.000000,121.1,,,,,,
1776548165.339712,3531,121.3,track,ekf,,620,536,-1.078103,9.487306,37.733608,-0.003177,0.027957,0.111198,253.59814174048867,,0.00,0.00,0.00,0.000000,90.9,,,,,,
1776548165.430804,3532,91.1,track,ekf,,620,536,-1.078392,9.489853,37.743737,-0.003177,0.027957,0.111198,253.71360581669546,,0.00,0.00,0.00,0.000000,94.5,,,,,,
1776548165.525496,3533,94.7,track,ekf,,620,536,-1.078693,9.492500,37.754266,-0.003177,0.027957,0.111198,253.8336627352968,,0.00,0.00,0.00,0.000000,93.9,,,,,,
1776548165.619751,3534,94.3,track,ekf,,620,536,-1.078993,9.495135,37.764747,-0.003177,0.027958,0.111198,253.95319325045753,,0.00,0.00,0.00,0.000000,90.4,,,,,,
1776548165.711591,3535,91.8,track,ekf,,620,536,-1.079285,9.497703,37.774959,-0.003177,0.027958,0.111198,254.06968787149947,,0.00,0.00,0.00,0.000000,119.9,,,,,,
1776548165.831708,3536,120.1,track,ekf,,620,536,-1.079666,9.501061,37.788316,-0.003177,0.027958,0.111198,254.22209247825097,,0.00,0.00,0.00,0.000000,91.9,,,,,,
1776548165.924007,3537,92.3,track,ekf,,620,536,-1.079959,9.503642,37.798579,-0.003177,0.027958,0.111198,254.339230141327,,0.00,0.00,0.00,0.000000,95.5,,,,,,
1776548166.019912,3538,95.9,track,ekf,,620,536,-1.080264,9.506323,37.809244,-0.003177,0.027958,0.111198,254.46097340296586,,0.00,0.00,0.00,0.000000,95.4,,,,,,
1776548166.115706,3539,95.8,track,ekf,,620,536,-1.080568,9.509002,37.819896,-0.003177,0.027958,0.111198,254.58260378798775,,0.00,0.00,0.00,0.000000,91.1,,,,,,
1776548166.207245,3540,91.5,track,ekf,,620,536,-1.080859,9.511561,37.830075,-0.003177,0.027958,0.111198,254.69885884445404,,0.00,0.00,0.00,0.000000,123.8,,,,,,
1776548166.331244,3541,124.0,detect,ekf,,620,536,-1.081253,9.515028,37.843863,-0.003177,0.027958,0.111198,254.85638186794932,,0.00,0.00,0.00,0.000000,260.7,,,,,,
1776548166.592315,3542,261.1,track,ekf,,620,536,-1.082083,9.522327,37.872894,-0.003177,0.027958,0.111198,255.1882016594684,,0.00,0.00,0.00,0.000000,98.5,,,,,,
1776548166.691164,3543,98.8,track,ekf,,620,536,-1.082397,9.525091,37.883885,-0.003177,0.027958,0.111198,255.3138843234669,,0.00,0.00,0.00,0.000000,96.7,,,,,,
1776548166.788082,3544,96.9,track,ekf,,620,536,-1.082705,9.527800,37.894662,-0.003177,0.027958,0.111198,255.43714305147142,,0.00,0.00,0.00,0.000000,95.9,,,,,,
1776548166.884193,3545,96.1,track,ekf,,620,536,-1.083010,9.530488,37.905350,-0.003177,0.027958,0.111198,255.55940415663053,,0.00,0.00,0.00,0.000000,126.4,,,,,,
1776548167.010962,3546,126.8,track,ekf,,620,536,-1.083413,9.534032,37.919446,-0.003177,0.027958,0.111198,255.720712209259,,0.00,0.00,0.00,0.000000,94.0,,,,,,
1776548167.105200,3547,94.2,track,ekf,,620,536,-1.083712,9.536667,37.929925,-0.003177,0.027958,0.111198,255.84065448525928,,0.00,0.00,0.00,0.000000,100.0,,,,,,
1776548167.205451,3548,100.3,track,ekf,,620,536,-1.084031,9.539470,37.941073,-0.003177,0.027958,0.111198,255.9682819561501,,0.00,0.00,0.00,0.000000,93.8,,,,,,
1776548167.299466,3549,94.0,track,ekf,,620,536,-1.084329,9.542098,37.951527,-0.003177,0.027958,0.111198,256.08799767224434,,0.00,0.00,0.00,0.000000,96.6,,,,,,
1776548167.396478,3550,97.0,track,ekf,,620,536,-1.084638,9.544810,37.962315,-0.003177,0.027959,0.111198,256.21155920626626,,0.00,0.00,0.00,0.000000,125.6,,,,,,
1776548167.522311,3551,125.8,track,ekf,,620,536,-1.085037,9.548329,37.976307,-0.003177,0.027959,0.111198,256.3718756020747,,0.00,0.00,0.00,0.000000,96.2,,,,,,
1776548167.618738,3552,96.4,track,ekf,,620,536,-1.085344,9.551024,37.987029,-0.003177,0.027959,0.111198,256.49475699738,,0.00,0.00,0.00,0.000000,96.7,,,,,,
1776548167.715753,3553,97.0,track,ekf,,620,536,-1.085652,9.553737,37.997817,-0.003177,0.027959,0.111198,256.61841820100574,,0.00,0.00,0.00,0.000000,93.0,,,,,,
1776548167.809058,3554,93.3,track,ekf,,620,536,-1.085948,9.556346,38.008193,-0.003177,0.027959,0.111198,256.7373772285723,,0.00,0.00,0.00,0.000000,97.2,,,,,,
1776548167.906709,3555,97.7,track,ekf,,620,536,-1.086259,9.559076,38.019051,-0.003177,0.027959,0.111198,256.861905520951,,0.00,0.00,0.00,0.000000,128.4,,,,,,
1776548168.035389,3556,128.7,track,ekf,,620,536,-1.086667,9.562673,38.033360,-0.003177,0.027959,0.111198,257.0260508661878,,0.00,0.00,0.00,0.000000,92.8,,,,,,
1776548168.128516,3557,93.1,track,ekf,,620,536,-1.086963,9.565277,38.043716,-0.003177,0.027959,0.111198,257.14487444113075,,0.00,0.00,0.00,0.000000,98.5,,,,,,
1776548168.227273,3558,98.8,track,ekf,,620,536,-1.087277,9.568038,38.054697,-0.003177,0.027959,0.111198,257.27091051180867,,0.00,0.00,0.00,0.000000,93.9,,,,,,
1776548168.321543,3559,94.3,track,ekf,,620,536,-1.087577,9.570674,38.065180,-0.003177,0.027959,0.111198,257.39124806787845,,0.00,0.00,0.00,0.000000,95.0,,,,,,
1776548168.416852,3560,95.3,track,ekf,,620,536,-1.087879,9.573339,38.075778,-0.003177,0.027959,0.111198,257.5129404396913,,0.00,0.00,0.00,0.000000,127.7,,,,,,
1776548168.544866,3561,128.0,track,ekf,,620,536,-1.088286,9.576918,38.090013,-0.003177,0.027959,0.111198,257.67643566808135,,0.00,0.00,0.00,0.000000,97.5,,,,,,
1776548168.642610,3562,97.7,track,ekf,,620,536,-1.088597,9.579650,38.100882,-0.003177,0.027959,0.111198,257.80130397245773,,0.00,0.00,0.00,0.000000,98.1,,,,,,
1776548168.741092,3563,98.5,track,ekf,,620,536,-1.088910,9.582404,38.111833,-0.003177,0.027959,0.111198,257.9271452791066,,0.00,0.00,0.00,0.000000,99.2,,,,,,
1776548168.840730,3564,99.6,track,ekf,,620,536,-1.089226,9.585190,38.122913,-0.003177,0.027959,0.111198,258.05449328885646,,0.00,0.00,0.00,0.000000,98.3,,,,,,
1776548168.939260,3565,98.5,track,ekf,,620,536,-1.089539,9.587944,38.133869,-0.003177,0.027959,0.111198,258.18045388023666,,0.00,0.00,0.00,0.000000,129.1,,,,,,
1776548169.068650,3566,129.4,track,ekf,,620,536,-1.089950,9.591562,38.148257,-0.003177,0.027958,0.111198,258.3459146282523,,0.00,0.00,0.00,0.000000,96.3,,,,,,
1776548169.165261,3567,96.6,track,ekf,,620,536,-1.090257,9.594263,38.159000,-0.003177,0.027958,0.111198,258.46948988282554,,0.00,0.00,0.00,0.000000,99.6,,,,,,
1776548169.265131,3568,99.9,track,ekf,,620,536,-1.090574,9.597055,38.170105,-0.003177,0.027958,0.111198,258.59726400023317,,0.00,0.00,0.00,0.000000,94.5,,,,,,
1776548169.359828,3569,94.7,track,ekf,,620,536,-1.090875,9.599703,38.180636,-0.003177,0.027958,0.111198,258.7184488981619,,0.00,0.00,0.00,0.000000,97.2,,,,,,
1776548169.457283,3570,97.5,track,ekf,,620,536,-1.091185,9.602427,38.191472,-0.003177,0.027958,0.111198,258.84319064370226,,0.00,0.00,0.00,0.000000,130.3,,,,,,
1776548169.587894,3571,130.6,detect,ekf,,620,536,-1.091600,9.606079,38.205996,-0.003177,0.027958,0.111198,259.01042031859737,,0.00,0.00,0.00,0.000000,248.3,,,,,,
1776548169.836472,3572,248.6,track,ekf,,620,536,-1.092390,9.613029,38.233637,-0.003177,0.027958,0.111198,259.3288395749343,,0.00,0.00,0.00,0.000000,98.1,,,,,,
1776548169.934904,3573,98.4,track,ekf,,620,536,-1.092702,9.615781,38.244583,-0.003177,0.027958,0.111198,259.45497402303425,,0.00,0.00,0.00,0.000000,98.5,,,,,,
1776548170.033619,3574,98.7,track,ekf,,620,536,-1.093016,9.618541,38.255560,-0.003177,0.027958,0.111198,259.5815015921665,,0.00,0.00,0.00,0.000000,97.0,,,,,,
1776548170.130820,3575,97.2,track,ekf,,620,536,-1.093325,9.621258,38.266368,-0.003177,0.027958,0.111198,259.7061170306107,,0.00,0.00,0.00,0.000000,127.9,,,,,,
1776548170.258998,3576,128.2,track,ekf,,620,536,-1.093732,9.624842,38.280621,-0.003177,0.027958,0.111198,259.87049296474225,,0.00,0.00,0.00,0.000000,95.5,,,,,,
1776548170.354723,3577,95.7,track,ekf,,620,536,-1.094036,9.627518,38.291266,-0.003177,0.027958,0.111198,259.99328237351057,,0.00,0.00,0.00,0.000000,95.1,,,,,,
1776548170.450073,3578,95.4,track,ekf,,620,536,-1.094339,9.630184,38.301869,-0.003177,0.027958,0.111198,260.115618473657,,0.00,0.00,0.00,0.000000,97.0,,,,,,
1776548170.547452,3579,97.4,track,ekf,,620,536,-1.094648,9.632907,38.312697,-0.003177,0.027958,0.111198,260.24058648349813,,0.00,0.00,0.00,0.000000,97.6,,,,,,
1776548170.645445,3580,98.0,track,ekf,,620,536,-1.094960,9.635646,38.323594,-0.003177,0.027958,0.111198,260.36637271073255,,0.00,0.00,0.00,0.000000,129.5,,,,,,
